workload,kernel,requested_core_clock,requested_mem_clock,requested_pair,is_auto_baseline,applied_core_clock,applied_mem_clock,n,measured_launches_mean,measured_launches_std,total_time_mean_ms,total_time_std_ms,total_energy_mean_mJ,total_energy_std_mJ,avg_power_mean_W,avg_power_std_W,time_per_launch_mean_ms,time_per_launch_std_ms,energy_per_launch_mean_mJ,energy_per_launch_std_mJ,effective_core_clock,effective_mem_clock,num_requested_pairs_merged,requested_pairs_merged,requested_core_clock_original,requested_mem_clock_original
2dconv,convolution2D_kernel,auto,auto,auto/auto,1,255,5001,1,28858.0,0.0,5000.009,0.0,1717690.0,0.0,343.537396,0.0,0.1732624922032019,0.0,59.52214290664634,0.0,,,1,auto/auto,auto,auto
2mm,mm2_kernel1,auto,auto,auto/auto,1,240,5001,1,2343.0,0.0,5001.785,0.0,1632194.0,0.0,326.322293,0.0,2.134778062313273,0.0,696.625693555271,0.0,,,1,auto/auto,auto,auto
2mm,mm2_kernel2,auto,auto,auto/auto,1,255,405,1,2460.0,0.0,5000.243,0.0,1659209.0,0.0,331.825662,0.0,2.032619105691057,0.0,674.4752032520325,0.0,,,1,auto/auto,auto,auto
3mm,mm3_kernel1,auto,auto,auto/auto,1,240,5001,1,15160.0,0.0,5000.013,0.0,1702106.0,0.0,340.420336,0.0,0.329816160949868,0.0,112.27612137203168,0.0,,,1,auto/auto,auto,auto
3mm,mm3_kernel2,auto,auto,auto/auto,1,270,405,1,15265.0,0.0,5000.097,0.0,1713470.0,0.0,342.68734,0.0,0.3275530298067474,0.0,112.24828037995414,0.0,,,1,auto/auto,auto,auto
3mm,mm3_kernel3,auto,auto,auto/auto,1,255,405,1,15205.0,0.0,5000.199,0.0,1720639.0,0.0,344.114123,0.0,0.3288522854324235,0.0,113.16270963498847,0.0,,,1,auto/auto,auto,auto
atax,atax_kernel1,auto,auto,auto/auto,1,315,810,1,4086.0,0.0,5000.316,0.0,1213467.0,0.0,242.678067,0.0,1.2237679882525696,0.0,296.98164464023495,0.0,,,1,auto/auto,auto,auto
atax,atax_kernel2,auto,auto,auto/auto,1,255,810,1,4112.0,0.0,5001.215,0.0,993955.0,0.0,198.742712,0.0,1.216248784046693,0.0,241.7205739299611,0.0,,,1,auto/auto,auto,auto
bicg,bicg_kernel1,auto,auto,auto/auto,1,240,5001,1,4177.0,0.0,5000.422,0.0,917937.0,0.0,183.571893,0.0,1.1971323916686616,0.0,219.75987550873836,0.0,,,1,auto/auto,auto,auto
bicg,bicg_kernel2,auto,auto,auto/auto,1,255,810,1,7819.0,0.0,5000.538,0.0,1047815.0,0.0,209.54045,0.0,0.6395367694078526,0.0,134.00882465788465,0.0,,,1,auto/auto,auto,auto
correlation,corr_kernel,auto,auto,auto/auto,1,255,5001,1,4.0,0.0,5406.019,0.0,974614.0,0.0,180.28314,0.0,1351.50475,0.0,243653.5,0.0,,,1,auto/auto,auto,auto
correlation,mean_kernel,auto,auto,auto/auto,1,240,5001,1,8302.0,0.0,5000.247,0.0,867619.0,0.0,173.515226,0.0,0.6022942664418213,0.0,104.5072271741749,0.0,,,1,auto/auto,auto,auto
correlation,reduce_kernel,auto,auto,auto/auto,1,255,810,1,107852.0,0.0,5000.012,0.0,1734103.0,0.0,346.819753,0.0,0.0463599376923932,0.0,16.07854281793569,0.0,,,1,auto/auto,auto,auto
correlation,std_kernel,auto,auto,auto/auto,1,255,810,1,8272.0,0.0,5000.213,0.0,820911.0,0.0,164.175194,0.0,0.604474492263056,0.0,99.23972437137331,0.0,,,1,auto/auto,auto,auto
covariance,covar_kernel,auto,auto,auto/auto,1,300,810,1,4.0,0.0,5395.247,0.0,971951.0,0.0,180.149488,0.0,1348.81175,0.0,242987.75,0.0,,,1,auto/auto,auto,auto
covariance,mean_kernel,auto,auto,auto/auto,1,240,5001,1,8282.0,0.0,5000.045,0.0,864192.0,0.0,172.836847,0.0,0.6037243419463898,0.0,104.34581019077515,0.0,,,1,auto/auto,auto,auto
covariance,reduce_kernel,auto,auto,auto/auto,1,255,810,1,108008.0,0.0,5000.028,0.0,1682958.0,0.0,336.589726,0.0,0.0462931264350788,0.0,15.581790237760163,0.0,,,1,auto/auto,auto,auto
doitgen,kernel1,auto,auto,auto/auto,1,255,810,1,206241.0,0.0,5000.011,0.0,982586.0,0.0,196.516778,0.0,0.0242435354754874,0.0,4.764261228368753,0.0,,,1,auto/auto,auto,auto
doitgen,kernel2,auto,auto,auto/auto,1,240,405,1,793754.0,0.0,5000.01,0.0,543146.0,0.0,108.628988,0.0,0.0062991934528833,0.0,0.6842749768820062,0.0,,,1,auto/auto,auto,auto
fdtd2d,step1,auto,auto,auto/auto,1,210,810,1,73749.0,0.0,5000.064,0.0,1685331.0,0.0,337.061888,0.0,0.0677983972664036,0.0,22.852255623805068,0.0,,,1,auto/auto,auto,auto
fdtd2d,step2,auto,auto,auto/auto,1,210,810,1,73909.0,0.0,5000.028,0.0,1683385.0,0.0,336.675093,0.0,0.067651138562286,0.0,22.77645482958773,0.0,,,1,auto/auto,auto,auto
fdtd2d,step3,auto,auto,auto/auto,1,210,405,1,57647.0,0.0,5000.012,0.0,1688046.0,0.0,337.608376,0.0,0.0867349905459087,0.0,29.282460492306623,0.0,,,1,auto/auto,auto,auto
gemm,gemm_kernel,auto,auto,auto/auto,1,240,810,1,15360.0,0.0,5000.209,0.0,1596476.0,0.0,319.281824,0.0,0.3255344401041666,0.0,103.93723958333334,0.0,,,1,auto/auto,auto,auto
gemver,gemver_kernel1,auto,auto,auto/auto,1,255,5001,1,27892.0,0.0,4999.689,0.0,1699964.0,0.0,340.013951,0.0,0.1792517209235623,0.0,60.94808547253693,0.0,,,1,auto/auto,auto,auto
gemver,gemver_kernel2,auto,auto,auto/auto,1,255,810,1,4185.0,0.0,5000.996,0.0,887262.0,0.0,177.417073,0.0,1.1949811230585423,0.0,212.01003584229392,0.0,,,1,auto/auto,auto,auto
gemver,gemver_kernel3,auto,auto,auto/auto,1,255,5001,1,7378.0,0.0,4999.906,0.0,1048515.0,0.0,209.706952,0.0,0.6776776904310111,0.0,142.11371645432365,0.0,,,1,auto/auto,auto,auto
gesummv,gesummv_kernel,auto,auto,auto/auto,1,300,5001,1,3539.0,0.0,5001.271,0.0,1073094.0,0.0,214.564258,0.0,1.413187623622492,0.0,303.2195535461995,0.0,,,1,auto/auto,auto,auto
gramschmidt,kernel1,auto,auto,auto/auto,1,240,810,1,62798.0,0.0,5000.023,0.0,766991.0,0.0,153.397496,0.0,0.0796207363291824,0.0,12.213621452912513,0.0,,,1,auto/auto,auto,auto
gramschmidt,kernel2,auto,auto,auto/auto,1,270,405,1,727903.0,0.0,5000.011,0.0,556692.0,0.0,111.33815,0.0,0.0068690622239501,0.0,0.7647887149798805,0.0,,,1,auto/auto,auto,auto
gramschmidt,kernel3,auto,auto,auto/auto,1,435,810,1,4336.0,0.0,5000.896,0.0,768933.0,0.0,153.759031,0.0,1.1533431734317343,0.0,177.33694649446494,0.0,,,1,auto/auto,auto,auto
jacobi1d,kernel1,auto,auto,auto/auto,1,285,810,1,850230.0,0.0,5000.003,0.0,575650.0,0.0,115.129921,0.0,0.0058807652047093,0.0,0.6770520917869283,0.0,,,1,auto/auto,auto,auto
jacobi1d,kernel2,auto,auto,auto/auto,1,405,405,1,793187.0,0.0,5000.012,0.0,533939.0,0.0,106.78755,0.0,0.0063036988755488,0.0,0.6731565192066941,0.0,,,1,auto/auto,auto,auto
jacobi2d,kernel1,auto,auto,auto/auto,1,255,5001,1,295787.0,0.0,5000.024,0.0,1615146.0,0.0,323.027654,0.0,0.0169041370986554,0.0,5.46050367325136,0.0,,,1,auto/auto,auto,auto
jacobi2d,kernel2,auto,auto,auto/auto,1,315,5001,1,303618.0,0.0,5000.008,0.0,1401430.0,0.0,280.285535,0.0,0.0164680881897647,0.0,4.615767181128919,0.0,,,1,auto/auto,auto,auto
mvt,kernel1,auto,auto,auto/auto,1,210,5001,1,10862.0,0.0,5000.024,0.0,1214321.0,0.0,242.863038,0.0,0.460322592524397,0.0,111.79534155772416,0.0,,,1,auto/auto,auto,auto
mvt,kernel2,auto,auto,auto/auto,1,255,5001,1,4230.0,0.0,5001.119,0.0,907790.0,0.0,181.517389,0.0,1.182297635933806,0.0,214.60756501182036,0.0,,,1,auto/auto,auto,auto
syr2k,syr2k_kernel,auto,auto,auto/auto,1,255,5001,1,322.0,0.0,5003.158,0.0,1278506.0,0.0,255.539791,0.0,15.537757763975156,0.0,3970.515527950311,0.0,,,1,auto/auto,auto,auto
syrk,syrk_kernel,auto,auto,auto/auto,1,240,810,1,629.0,0.0,5006.361,0.0,1250206.0,0.0,249.72351,0.0,7.959238473767885,0.0,1987.608903020668,0.0,,,1,auto/auto,auto,auto
hotspot,calculate_temp,auto,auto,auto/auto,1,240,405,1,538870.0,0.0,5000.015,0.0,1332153.0,0.0,266.429819,0.0,0.0092787035834245,0.0,2.4721231465845195,0.0,,,1,auto/auto,auto,auto
hotspot3d,hotspotOpt1,auto,auto,auto/auto,1,285,810,1,130642.0,0.0,5000.038,0.0,1766344.0,0.0,353.266144,0.0,0.0382728219102585,0.0,13.520491113118291,0.0,,,1,auto/auto,auto,auto
kmeans,kmeansPoint,auto,auto,auto/auto,1,345,810,1,2106.0,0.0,5000.119,0.0,1673774.0,0.0,334.746824,0.0,2.374225546058879,0.0,794.7644824311491,0.0,,,1,auto/auto,auto,auto
lavamd,kernel_gpu_cuda,auto,auto,auto/auto,1,240,405,1,7803.0,0.0,5000.456,0.0,1700691.0,0.0,340.107179,0.0,0.6408376265538895,0.0,217.95347943098807,0.0,,,1,auto/auto,auto,auto
myocyte,solver_2,auto,auto,auto/auto,1,330,405,1,12.0,0.0,5326.712,0.0,752463.0,0.0,141.262192,0.0,443.8926666666667,0.0,62705.25,0.0,,,1,auto/auto,auto,auto
nn,euclid,auto,auto,auto/auto,1,240,810,1,33140.0,0.0,5000.014,0.0,1695641.0,0.0,339.127273,0.0,0.1508754978877489,0.0,51.16599275799638,0.0,,,1,auto/auto,auto,auto
nw,shared_1,auto,auto,auto/auto,1,330,405,1,562849.0,0.0,5000.007,0.0,820943.0,0.0,164.188359,0.0,0.0088833896835563,0.0,1.458549273428575,0.0,,,1,auto/auto,auto,auto
nw,shared_2,auto,auto,auto/auto,1,300,405,1,592942.0,0.0,5000.007,0.0,831779.0,0.0,166.355573,0.0,0.0084325397762344,0.0,1.4027999365873896,0.0,,,1,auto/auto,auto,auto
particlefilter,find_index,auto,auto,auto/auto,1,255,405,1,174.0,0.0,5011.881,0.0,944013.0,0.0,188.355018,0.0,28.80391379310345,0.0,5425.362068965517,0.0,,,1,auto/auto,auto,auto
particlefilter,likelihood,auto,auto,auto/auto,1,270,810,1,806.0,0.0,5005.241,0.0,987359.0,0.0,197.265018,0.0,6.209976426799008,0.0,1225.0111662531017,0.0,,,1,auto/auto,auto,auto
particlefilter,normalize_weights,auto,auto,auto/auto,1,255,405,1,681.0,0.0,5006.095,0.0,693436.0,0.0,138.51834,0.0,7.351093979441997,0.0,1018.2613803230544,0.0,,,1,auto/auto,auto,auto
particlefilter,sum,auto,auto,auto/auto,1,315,405,1,423933.0,0.0,5000.013,0.0,698405.0,0.0,139.680645,0.0,0.0117943472199616,0.0,1.6474419306824428,0.0,,,1,auto/auto,auto,auto
pathfinder,dynproc,auto,auto,auto/auto,1,240,5001,1,254603.0,0.0,5000.01,0.0,1537161.0,0.0,307.4316,0.0,0.0196384567346025,0.0,6.037481883559895,0.0,,,1,auto/auto,auto,auto
srad_v1,compress,auto,auto,auto/auto,1,315,810,1,106790.0,0.0,5000.016,0.0,1599289.0,0.0,319.8568,0.0,0.0468210132034834,0.0,14.976018353778445,0.0,,,1,auto/auto,auto,auto
srad_v1,extract,auto,auto,auto/auto,1,255,5001,1,106912.0,0.0,5000.021,0.0,1550292.0,0.0,310.057068,0.0,0.0467676313229571,0.0,14.500636037114637,0.0,,,1,auto/auto,auto,auto
srad_v1,prepare,auto,auto,auto/auto,1,255,810,1,73920.0,0.0,5000.01,0.0,1674823.0,0.0,334.963913,0.0,0.0676408279220779,0.0,22.657237554112555,0.0,,,1,auto/auto,auto,auto
srad_v1,reduce,auto,auto,auto/auto,1,255,5001,1,43238.0,0.0,5000.104,0.0,1557748.0,0.0,311.54315,0.0,0.1156414265229659,0.0,36.027290809010594,0.0,,,1,auto/auto,auto,auto
srad_v1,srad,auto,auto,auto/auto,1,345,810,1,38087.0,0.0,5000.042,0.0,1741293.0,0.0,348.255675,0.0,0.131279491690078,0.0,45.71882794654344,0.0,,,1,auto/auto,auto,auto
srad_v1,srad2,auto,auto,auto/auto,1,255,810,1,34427.0,0.0,5000.146,0.0,1723337.0,0.0,344.65737,0.0,0.1452390856014175,0.0,50.05771632730124,0.0,,,1,auto/auto,auto,auto
streamcluster,compute_cost,auto,auto,auto/auto,1,300,810,1,12927.0,0.0,5000.115,0.0,1636905.0,0.0,327.373455,0.0,0.3867962404270132,0.0,126.6268275702019,0.0,,,1,auto/auto,auto,auto
euler3d,compute_flux,auto,auto,auto/auto,1,300,5001,1,194909.0,0.0,5000.021,0.0,1722301.0,0.0,344.458787,0.0,0.0256531047822317,0.0,8.83643649087523,0.0,,,1,auto/auto,auto,auto
euler3d,compute_step_factor,auto,auto,auto/auto,1,255,810,1,688663.0,0.0,5000.01,0.0,1027201.0,0.0,205.439799,0.0,0.0072604597604343,0.0,1.4915873221009406,0.0,,,1,auto/auto,auto,auto
euler3d,time_step,auto,auto,auto/auto,1,345,5001,1,566159.0,0.0,5000.009,0.0,1186496.0,0.0,237.298783,0.0,0.0088314572408104,0.0,2.095693965829387,0.0,,,1,auto/auto,auto,auto
pre_euler3d,compute_flux,auto,auto,auto/auto,1,270,5001,1,97557.0,0.0,5000.018,0.0,1700146.0,0.0,340.027971,0.0,0.0512522730301259,0.0,17.42720665867134,0.0,,,1,auto/auto,auto,auto
pre_euler3d,compute_flux_contributions,auto,auto,auto/auto,1,300,5001,1,455051.0,0.0,5000.01,0.0,1187278.0,0.0,237.455136,0.0,0.0109878013673192,0.0,2.609109748138121,0.0,,,1,auto/auto,auto,auto
pre_euler3d,compute_step_factor,auto,auto,auto/auto,1,285,405,1,688318.0,0.0,5000.007,0.0,1042969.0,0.0,208.593515,0.0,0.0072640945028315,0.0,1.5152429545646051,0.0,,,1,auto/auto,auto,auto
pre_euler3d,time_step,auto,auto,auto/auto,1,270,5001,1,620692.0,0.0,5000.006,0.0,1198166.0,0.0,239.632919,0.0,0.0080555347902019,0.0,1.9303712630418952,0.0,,,1,auto/auto,auto,auto
2dconv,convolution2D_kernel,210,405,210/405,0,210,405,1,928.0,0.0,5001.789,0.0,211602.0,0.0,42.305263,0.0,5.389858836206896,0.0,228.01939655172413,0.0,210.0,405.0,1,210/405,210,405
2dconv,convolution2D_kernel,210,810,210/810,0,210,810,1,2274.0,0.0,5000.141,0.0,276398.0,0.0,55.278045,0.0,2.1988306948109058,0.0,121.54705364995604,0.0,210.0,810.0,1,210/810,210,810
2dconv,convolution2D_kernel,210,5001,210/5001,0,210,5001,1,7328.0,0.0,5000.614,0.0,584108.0,0.0,116.80725,0.0,0.6823981986899563,0.0,79.70906113537117,0.0,210.0,5001.0,1,210/5001,210,5001
2dconv,convolution2D_kernel,210,9251,210/9251,0,210,9251,1,7231.0,0.0,5000.09,0.0,730488.0,0.0,146.094975,0.0,0.6914797400082976,0.0,101.02171207301896,0.0,210.0,9251.0,1,210/9251,210,9251
2dconv,convolution2D_kernel,210,9501,210/9501,0,210,9501,1,7221.0,0.0,5000.33,0.0,746604.0,0.0,149.310943,0.0,0.6924705719429441,0.0,103.39343581221438,0.0,210.0,9501.0,1,210/9501,210,9501
2dconv,convolution2D_kernel,630,810,630/405;630/810,0,630,810,2,2277.0,0.0,5001.4435,0.0,284468.0,0.0,56.877165500000004,0.0,2.1965073643250124,0.0,124.93016659514245,0.0,630.0,810.0,2,630/405;630/810,630,405;810
2dconv,convolution2D_kernel,630,5001,630/5001,0,630,5001,1,15723.0,0.0,5000.057,0.0,797572.0,0.0,159.512577,0.0,0.3180090949564332,0.0,50.72645169496916,0.0,630.0,5001.0,1,630/5001,630,5001
2dconv,convolution2D_kernel,630,9251,630/9251,0,630,9251,1,18748.0,0.0,5000.089,0.0,1055204.0,0.0,211.037029,0.0,0.2666998613185406,0.0,56.28355024535951,0.0,630.0,9251.0,1,630/9251,630,9251
2dconv,convolution2D_kernel,630,9501,630/9501,0,630,9501,1,18747.0,0.0,5000.151,0.0,1063393.0,0.0,212.672162,0.0,0.2667173947831653,0.0,56.72336907238491,0.0,630.0,9501.0,1,630/9501,630,9501
2dconv,convolution2D_kernel,1050,810,1050/405;1050/810,0,1050,810,2,2279.0,0.0,5001.8435,0.0,310039.5,0.0,61.985018499999995,0.0,2.1947536200087754,0.0,136.04190434401053,0.0,1050.0,810.0,2,1050/405;1050/810,1050,405;810
2dconv,convolution2D_kernel,1050,5001,1050/5001,0,1050,5001,1,16233.0,0.0,5000.083,0.0,828731.0,0.0,165.743432,0.0,0.3080196513275426,0.0,51.05223926569334,0.0,1050.0,5001.0,1,1050/5001,1050,5001
2dconv,convolution2D_kernel,1050,9251,1050/9251,0,1050,9251,1,27212.0,0.0,5000.019,0.0,1330579.0,0.0,266.114786,0.0,0.183743164780244,0.0,48.89677348228722,0.0,1050.0,9251.0,1,1050/9251,1050,9251
2dconv,convolution2D_kernel,1050,9501,1050/9501,0,1050,9501,1,27214.0,0.0,5000.011,0.0,1307721.0,0.0,261.543638,0.0,0.1837293672374513,0.0,48.05324465348718,0.0,1050.0,9501.0,1,1050/9501,1050,9501
2dconv,convolution2D_kernel,1470,810,1470/405;1470/810,0,1470,810,2,2280.0,0.0,5001.336499999999,0.0,343332.0,0.0,68.64805150000001,0.0,2.193568640350877,0.0,150.5842105263158,0.0,1470.0,810.0,2,1470/405;1470/810,1470,405;810
2dconv,convolution2D_kernel,1470,5001,1470/5001,0,1470,5001,1,16473.0,0.0,5000.31,0.0,886710.0,0.0,177.331021,0.0,0.3035458022218175,0.0,53.828082316517936,0.0,1470.0,5001.0,1,1470/5001,1470,5001
2dconv,convolution2D_kernel,1470,9251,1470/9251,0,1470,9251,1,28353.0,0.0,5000.147,0.0,1415494.0,0.0,283.090479,0.0,0.1763533664867915,0.0,49.92395866398618,0.0,1470.0,9251.0,1,1470/9251,1470,9251
2dconv,convolution2D_kernel,1470,9501,1470/9501,0,1470,9501,1,28433.0,0.0,5000.096,0.0,1398110.0,0.0,279.616621,0.0,0.1758553793127703,0.0,49.17208877009109,0.0,1470.0,9501.0,1,1470/9501,1470,9501
2dconv,convolution2D_kernel,1890,810,1890/405;1890/810,0,1890,810,2,2282.0,0.0,5000.5845,0.0,529505.0,0.0,105.8886975,0.0,2.1913166082383873,0.0,232.03549517966695,0.0,1890.0,810.0,2,1890/405;1890/810,1890,405;810
2dconv,convolution2D_kernel,1890,5001,1890/5001,0,1890,5001,1,16671.0,0.0,5000.293,0.0,1348673.0,0.0,269.718796,0.0,0.2999395957051166,0.0,80.8993461699958,0.0,1890.0,5001.0,1,1890/5001,1890,5001
2dconv,convolution2D_kernel,1890,9251,1890/9251,0,1890,9251,1,28901.0,0.0,5000.067,0.0,1753072.0,0.0,350.609675,0.0,0.1730067125704993,0.0,60.65783190893049,0.0,1890.0,9251.0,1,1890/9251,1890,9251
2dconv,convolution2D_kernel,1890,9501,1890/9501,0,1890,9501,1,28866.0,0.0,5000.176,0.0,1754180.0,0.0,350.823632,0.0,0.1732202591283863,0.0,60.769763735883046,0.0,1890.0,9501.0,1,1890/9501,1890,9501
2dconv,convolution2D_kernel,1920,810,2100/405,0,1920,810,1,2282.0,0.0,5001.75,0.0,646565.0,0.0,129.267769,0.0,2.1918273444347065,0.0,283.33260297984225,0.0,1920.0,810.0,1,2100/405,2100,405
2dconv,convolution2D_kernel,1920,9501,2100/9501,0,1920,9501,1,28856.0,0.0,5000.113,0.0,1717059.0,0.0,343.404053,0.0,0.1732781050734682,0.0,59.50440116440255,0.0,1920.0,9501.0,1,2100/9501,2100,9501
2dconv,convolution2D_kernel,1935,9251,2100/9251,0,1935,9251,1,28875.0,0.0,5000.107,0.0,1715699.0,0.0,343.132462,0.0,0.1731638787878787,0.0,59.41814718614719,0.0,1935.0,9251.0,1,2100/9251,2100,9251
2dconv,convolution2D_kernel,1950,810,2100/810,0,1950,810,1,2282.0,0.0,5001.526,0.0,622530.0,0.0,124.468003,0.0,2.191729184925504,0.0,272.80017528483785,0.0,1950.0,810.0,1,2100/810,2100,810
2dconv,convolution2D_kernel,1965,5001,2100/5001,0,1965,5001,1,16664.0,0.0,5000.005,0.0,1538021.0,0.0,307.60387,0.0,0.3000483077292367,0.0,92.2960273643783,0.0,1965.0,5001.0,1,2100/5001,2100,5001
2mm,mm2_kernel1,210,405,210/405,0,210,405,1,311.0,0.0,5001.464,0.0,237681.0,0.0,47.522287,0.0,16.08187781350482,0.0,764.2475884244373,0.0,210.0,405.0,1,210/405,210,405
2mm,mm2_kernel1,210,810,210/810,0,210,810,1,315.0,0.0,5003.632,0.0,247148.0,0.0,49.393717,0.0,15.88454603174603,0.0,784.5968253968254,0.0,210.0,810.0,1,210/810,210,810
2mm,mm2_kernel1,210,5001,210/5001,0,210,5001,1,315.0,0.0,5007.441,0.0,410637.0,0.0,82.005353,0.0,15.896638095238094,0.0,1303.6095238095238,0.0,210.0,5001.0,1,210/5001,210,5001
2mm,mm2_kernel1,210,9251,210/9251,0,210,9251,1,315.0,0.0,5006.238,0.0,528320.0,0.0,105.532342,0.0,15.89281904761905,0.0,1677.2063492063492,0.0,210.0,9251.0,1,210/9251,210,9251
2mm,mm2_kernel1,210,9501,210/9501,0,210,9501,1,315.0,0.0,5007.459,0.0,530711.0,0.0,105.984083,0.0,15.896695238095235,0.0,1684.7968253968254,0.0,210.0,9501.0,1,210/9501,210,9501
2mm,mm2_kernel1,630,810,630/405;630/810,0,630,810,2,821.5,0.0,5005.3935,0.0,374182.0,0.0,74.755765,0.0,6.093103440023709,0.0,455.47217900274137,0.0,630.0,810.0,2,630/405;630/810,630,405;810
2mm,mm2_kernel1,630,5001,630/5001,0,630,5001,1,825.0,0.0,5000.823,0.0,530768.0,0.0,106.136135,0.0,6.061603636363637,0.0,643.3551515151515,0.0,630.0,5001.0,1,630/5001,630,5001
2mm,mm2_kernel1,630,9251,630/9251,0,630,9251,1,825.0,0.0,5004.355,0.0,674594.0,0.0,134.801389,0.0,6.065884848484848,0.0,817.689696969697,0.0,630.0,9251.0,1,630/9251,630,9251
2mm,mm2_kernel1,630,9501,630/9501,0,630,9501,1,825.0,0.0,5004.903,0.0,679287.0,0.0,135.724313,0.0,6.066549090909091,0.0,823.3781818181818,0.0,630.0,9501.0,1,630/9501,630,9501
2mm,mm2_kernel1,1050,810,1050/405;1050/810,0,1050,810,2,1331.0,0.0,5001.1115,0.0,505838.5,0.0,101.1451675,0.0,3.757460655047371,0.0,380.04351647383965,0.0,1050.0,810.0,2,1050/405;1050/810,1050,405;810
2mm,mm2_kernel1,1050,5001,1050/5001,0,1050,5001,1,1381.0,0.0,5000.601,0.0,683039.0,0.0,136.591393,0.0,3.621,0.0,494.5973931933382,0.0,1050.0,5001.0,1,1050/5001,1050,5001
2mm,mm2_kernel1,1050,9251,1050/9251,0,1050,9251,1,1375.0,0.0,5001.264,0.0,832326.0,0.0,166.423139,0.0,3.637282909090909,0.0,605.328,0.0,1050.0,9251.0,1,1050/9251,1050,9251
2mm,mm2_kernel1,1050,9501,1050/9501,0,1050,9501,1,1375.0,0.0,5002.049,0.0,831075.0,0.0,166.146902,0.0,3.637853818181818,0.0,604.4181818181818,0.0,1050.0,9501.0,1,1050/9501,1050,9501
2mm,mm2_kernel1,1470,810,1470/405;1470/810,0,1470,810,2,1787.5,0.0,5001.673000000001,0.0,684660.0,0.0,136.8861845,0.0,2.7981389863280546,0.0,383.02685565274436,0.0,1470.0,810.0,2,1470/405;1470/810,1470,405;810
2mm,mm2_kernel1,1470,5001,1470/5001,0,1470,5001,1,1931.0,0.0,5002.064,0.0,880409.0,0.0,176.009127,0.0,2.590400828586225,0.0,455.9342309684101,0.0,1470.0,5001.0,1,1470/5001,1470,5001
2mm,mm2_kernel1,1470,9251,1470/9251,0,1470,9251,1,1933.0,0.0,5000.223,0.0,1020917.0,0.0,204.174288,0.0,2.586768235902742,0.0,528.1515778582515,0.0,1470.0,9251.0,1,1470/9251,1470,9251
2mm,mm2_kernel1,1470,9501,1470/9501,0,1470,9501,1,1933.0,0.0,5001.012,0.0,1023587.0,0.0,204.675985,0.0,2.5871764097258145,0.0,529.532850491464,0.0,1470.0,9501.0,1,1470/9501,1470,9501
2mm,mm2_kernel1,1890,810,1890/405;1890/810,0,1890,810,2,2170.0,0.0,5000.572,0.0,1441994.5,0.0,288.365902,0.0,2.3044110599078342,0.0,664.5135944700461,0.0,1890.0,810.0,2,1890/405;1890/810,1890,405;810
2mm,mm2_kernel1,1890,5001,1890/5001,0,1890,5001,1,2399.0,0.0,5000.36,0.0,1617749.0,0.0,323.526515,0.0,2.084351813255523,0.0,674.34305960817,0.0,1890.0,5001.0,1,1890/5001,1890,5001
2mm,mm2_kernel1,1890,9251,1890/9251,0,1890,9251,1,2356.0,0.0,5001.765,0.0,1637159.0,0.0,327.316248,0.0,2.1229902376910017,0.0,694.8892190152801,0.0,1890.0,9251.0,1,1890/9251,1890,9251
2mm,mm2_kernel1,1890,9501,1890/9501,0,1890,9501,1,2353.0,0.0,5000.951,0.0,1635495.0,0.0,327.036786,0.0,2.1253510412239693,0.0,695.0679983000425,0.0,1890.0,9501.0,1,1890/9501,1890,9501
2mm,mm2_kernel1,1905,9501,2100/9501,0,1905,9501,1,2352.0,0.0,5000.032,0.0,1636520.0,0.0,327.30189,0.0,2.125863945578232,0.0,695.7993197278912,0.0,1905.0,9501.0,1,2100/9501,2100,9501
2mm,mm2_kernel1,1920,810,2100/405;2100/810,0,1920,810,2,2177.0,0.0,5001.6224999999995,0.0,1596760.5,0.0,319.2484935,0.0,2.2974843066358774,0.0,733.468010654675,0.0,1920.0,810.0,2,2100/405;2100/810,2100,405;810
2mm,mm2_kernel1,1920,5001,2100/5001,0,1920,5001,1,2397.0,0.0,5001.642,0.0,1622111.0,0.0,324.315721,0.0,2.0866257822277845,0.0,676.7254901960785,0.0,1920.0,5001.0,1,2100/5001,2100,5001
2mm,mm2_kernel1,1920,9251,2100/9251,0,1920,9251,1,2354.0,0.0,5000.605,0.0,1640442.0,0.0,328.048707,0.0,2.124301189464741,0.0,696.874256584537,0.0,1920.0,9251.0,1,2100/9251,2100,9251
2mm,mm2_kernel2,210,405,210/405,0,210,405,1,314.0,0.0,5007.561,0.0,219338.0,0.0,43.801368,0.0,15.947646496815286,0.0,698.5286624203821,0.0,210.0,405.0,1,210/405,210,405
2mm,mm2_kernel2,210,810,210/810,0,210,810,1,320.0,0.0,5008.05,0.0,232106.0,0.0,46.346584,0.0,15.65015625,0.0,725.33125,0.0,210.0,810.0,1,210/810,210,810
2mm,mm2_kernel2,210,5001,210/5001,0,210,5001,1,320.0,0.0,5012.297,0.0,407758.0,0.0,81.351518,0.0,15.663428125,0.0,1274.24375,0.0,210.0,5001.0,1,210/5001,210,5001
2mm,mm2_kernel2,210,9251,210/9251,0,210,9251,1,319.0,0.0,5000.864,0.0,517941.0,0.0,103.570308,0.0,15.676689655172412,0.0,1623.6394984326018,0.0,210.0,9251.0,1,210/9251,210,9251
2mm,mm2_kernel2,210,9501,210/9501,0,210,9501,1,319.0,0.0,5000.149,0.0,516671.0,0.0,103.331112,0.0,15.674448275862073,0.0,1619.6583072100314,0.0,210.0,9501.0,1,210/9501,210,9501
2mm,mm2_kernel2,630,810,630/405;630/810,0,630,810,2,820.5,0.0,5002.5685,0.0,333051.0,0.0,66.5757335,0.0,6.097078397761168,0.0,405.89714397333364,0.0,630.0,810.0,2,630/405;630/810,630,405;810
2mm,mm2_kernel2,630,5001,630/5001,0,630,5001,1,823.0,0.0,5000.794,0.0,481609.0,0.0,96.306498,0.0,6.076298906439854,0.0,585.187120291616,0.0,630.0,5001.0,1,630/5001,630,5001
2mm,mm2_kernel2,630,9251,630/9251,0,630,9251,1,823.0,0.0,5002.078,0.0,628656.0,0.0,125.678965,0.0,6.077859052247875,0.0,763.8590522478736,0.0,630.0,9251.0,1,630/9251,630,9251
2mm,mm2_kernel2,630,9501,630/9501,0,630,9501,1,823.0,0.0,5001.538,0.0,628416.0,0.0,125.64455,0.0,6.077202916160388,0.0,763.5674362089915,0.0,630.0,9501.0,1,630/9501,630,9501
2mm,mm2_kernel2,1050,810,1050/405;1050/810,0,1050,810,2,1331.5,0.0,5001.3975,0.0,439052.0,0.0,87.78591800000001,0.0,3.756240718773973,0.0,329.7420070732368,0.0,1050.0,810.0,2,1050/405;1050/810,1050,405;810
2mm,mm2_kernel2,1050,5001,1050/5001,0,1050,5001,1,1378.0,0.0,5000.097,0.0,609690.0,0.0,121.93563,0.0,3.6285174165457184,0.0,442.4455732946299,0.0,1050.0,5001.0,1,1050/5001,1050,5001
2mm,mm2_kernel2,1050,9251,1050/9251,0,1050,9251,1,1373.0,0.0,5003.561,0.0,752113.0,0.0,150.315544,0.0,3.644254187909687,0.0,547.7880553532411,0.0,1050.0,9251.0,1,1050/9251,1050,9251
2mm,mm2_kernel2,1050,9501,1050/9501,0,1050,9501,1,1373.0,0.0,5002.959,0.0,757630.0,0.0,151.436366,0.0,3.64381573197378,0.0,551.8062636562272,0.0,1050.0,9501.0,1,1050/9501,1050,9501
2mm,mm2_kernel2,1470,810,1470/405;1470/810,0,1470,810,2,1789.0,0.0,5000.557,0.0,562875.0,0.0,112.5625045,0.0,2.795168809390721,0.0,314.63107881498047,0.0,1470.0,810.0,2,1470/405;1470/810,1470,405;810
2mm,mm2_kernel2,1470,5001,1470/5001,0,1470,5001,1,1925.0,0.0,5000.596,0.0,765775.0,0.0,153.136755,0.0,2.5977122077922075,0.0,397.8051948051948,0.0,1470.0,5001.0,1,1470/5001,1470,5001
2mm,mm2_kernel2,1470,9251,1470/9251,0,1470,9251,1,1929.0,0.0,5000.729,0.0,892023.0,0.0,178.378592,0.0,2.592394504924832,0.0,462.4276827371695,0.0,1470.0,9251.0,1,1470/9251,1470,9251
2mm,mm2_kernel2,1470,9501,1470/9501,0,1470,9501,1,1929.0,0.0,5001.629,0.0,898656.0,0.0,179.672648,0.0,2.5928610679108344,0.0,465.8662519440125,0.0,1470.0,9501.0,1,1470/9501,1470,9501
2mm,mm2_kernel2,1890,810,1890/405;1890/810,0,1890,810,2,2168.0,0.0,5001.6575,0.0,1144014.0,0.0,228.7272385,0.0,2.3070375922509223,0.0,527.6817343173432,0.0,1890.0,810.0,2,1890/405;1890/810,1890,405;810
2mm,mm2_kernel2,1890,5001,1890/5001,0,1890,5001,1,2469.0,0.0,5000.045,0.0,1494748.0,0.0,298.946914,0.0,2.025129607128392,0.0,605.4062373430538,0.0,1890.0,5001.0,1,1890/5001,1890,5001
2mm,mm2_kernel2,1890,9251,1890/9251,0,1890,9251,1,2468.0,0.0,5000.842,0.0,1653178.0,0.0,330.579944,0.0,2.0262730956239867,0.0,669.8452188006484,0.0,1890.0,9251.0,1,1890/9251,1890,9251
2mm,mm2_kernel2,1890,9501,1890/9501,0,1890,9501,1,2461.0,0.0,5000.9,0.0,1663176.0,0.0,332.57531,0.0,2.032060138155221,0.0,675.8130841121496,0.0,1890.0,9501.0,1,1890/9501,1890,9501
2mm,mm2_kernel2,1920,810,2100/405,0,1920,810,1,2198.0,0.0,5000.933,0.0,1373190.0,0.0,274.586756,0.0,2.27521974522293,0.0,624.7452229299363,0.0,1920.0,810.0,1,2100/405,2100,405
2mm,mm2_kernel2,1920,9501,2100/9501,0,1920,9501,1,2461.0,0.0,5001.727,0.0,1658091.0,0.0,331.503728,0.0,2.032396180414465,0.0,673.7468508736287,0.0,1920.0,9501.0,1,2100/9501,2100,9501
2mm,mm2_kernel2,1935,810,2100/810,0,1935,810,1,2197.0,0.0,5000.9,0.0,1373461.0,0.0,274.64277,0.0,2.2762403277196177,0.0,625.1529358215748,0.0,1935.0,810.0,1,2100/810,2100,810
2mm,mm2_kernel2,1935,5001,2100/5001,0,1935,5001,1,2489.0,0.0,5000.312,0.0,1638336.0,0.0,327.646722,0.0,2.008964242667738,0.0,658.2306147047007,0.0,1935.0,5001.0,1,2100/5001,2100,5001
2mm,mm2_kernel2,1935,9251,2100/9251,0,1935,9251,1,2462.0,0.0,5000.079,0.0,1663511.0,0.0,332.696937,0.0,2.0309012997562954,0.0,675.674654752234,0.0,1935.0,9251.0,1,2100/9251,2100,9251
3mm,mm3_kernel1,210,405,210/405,0,210,405,1,1897.0,0.0,5001.466,0.0,214316.0,0.0,42.850634,0.0,2.63651344227728,0.0,112.97627833421193,0.0,210.0,405.0,1,210/405,210,405
3mm,mm3_kernel1,210,810,210/810,0,210,810,1,1980.0,0.0,5001.779,0.0,226736.0,0.0,45.331069,0.0,2.5261510101010103,0.0,114.51313131313132,0.0,210.0,810.0,1,210/810,210,810
3mm,mm3_kernel1,210,5001,210/5001,0,210,5001,1,1985.0,0.0,5000.082,0.0,391083.0,0.0,78.215324,0.0,2.5189329974811083,0.0,197.0191435768262,0.0,210.0,5001.0,1,210/5001,210,5001
3mm,mm3_kernel1,210,9251,210/9251,0,210,9251,1,1995.0,0.0,5001.954,0.0,502588.0,0.0,100.478341,0.0,2.5072451127819546,0.0,251.92380952380952,0.0,210.0,9251.0,1,210/9251,210,9251
3mm,mm3_kernel1,210,9501,210/9501,0,210,9501,1,1995.0,0.0,5000.806,0.0,505497.0,0.0,101.083102,0.0,2.5066696741854635,0.0,253.3819548872181,0.0,210.0,9501.0,1,210/9501,210,9501
3mm,mm3_kernel1,630,810,630/405;630/810,0,630,810,2,5073.5,0.0,5000.2525000000005,0.0,318721.0,0.0,63.741015000000004,0.0,0.9855836618511762,0.0,62.825003642212366,0.0,630.0,810.0,2,630/405;630/810,630,405;810
3mm,mm3_kernel1,630,5001,630/5001,0,630,5001,1,5047.0,0.0,5000.606,0.0,472551.0,0.0,94.498748,0.0,0.9908076084802852,0.0,93.6300772736279,0.0,630.0,5001.0,1,630/5001,630,5001
3mm,mm3_kernel1,630,9251,630/9251,0,630,9251,1,5032.0,0.0,5000.158,0.0,605272.0,0.0,121.05057,0.0,0.9936720985691576,0.0,120.2845786963434,0.0,630.0,9251.0,1,630/9251,630,9251
3mm,mm3_kernel1,630,9501,630/9501,0,630,9501,1,5035.0,0.0,5000.646,0.0,609198.0,0.0,121.823872,0.0,0.9931769612711022,0.0,120.99265143992056,0.0,630.0,9501.0,1,630/9501,630,9501
3mm,mm3_kernel1,1050,810,1050/405;1050/810,0,1050,810,2,8464.0,0.0,5000.147,0.0,418417.5,0.0,83.681048,0.0,0.5907552930332919,0.0,49.43493312287133,0.0,1050.0,810.0,2,1050/405;1050/810,1050,405;810
3mm,mm3_kernel1,1050,5001,1050/5001,0,1050,5001,1,8445.0,0.0,5000.343,0.0,587480.0,0.0,117.487934,0.0,0.5921069271758437,0.0,69.56542332741267,0.0,1050.0,5001.0,1,1050/5001,1050,5001
3mm,mm3_kernel1,1050,9251,1050/9251,0,1050,9251,1,8491.0,0.0,5000.462,0.0,721460.0,0.0,144.278671,0.0,0.5889132022141091,0.0,84.9676127664586,0.0,1050.0,9251.0,1,1050/9251,1050,9251
3mm,mm3_kernel1,1050,9501,1050/9501,0,1050,9501,1,8497.0,0.0,5000.559,0.0,725268.0,0.0,145.037397,0.0,0.5885087678004002,0.0,85.35577262563258,0.0,1050.0,9501.0,1,1050/9501,1050,9501
3mm,mm3_kernel1,1470,810,1470/405;1470/810,0,1470,810,2,11793.5,0.0,5000.3955,0.0,563836.5,0.0,112.758386,0.0,0.42399597889047724,0.0,47.809100763774445,0.0,1470.0,810.0,2,1470/405;1470/810,1470,405;810
3mm,mm3_kernel1,1470,5001,1470/5001,0,1470,5001,1,11812.0,0.0,5000.401,0.0,725436.0,0.0,145.075568,0.0,0.4233322891974263,0.0,61.41517101252963,0.0,1470.0,5001.0,1,1470/5001,1470,5001
3mm,mm3_kernel1,1470,9251,1470/9251,0,1470,9251,1,11772.0,0.0,5000.36,0.0,848790.0,0.0,169.745766,0.0,0.4247672443085287,0.0,72.10244648318043,0.0,1470.0,9251.0,1,1470/9251,1470,9251
3mm,mm3_kernel1,1470,9501,1470/9501,0,1470,9501,1,11779.0,0.0,5000.075,0.0,854077.0,0.0,170.812831,0.0,0.4244906188980388,0.0,72.50844723660752,0.0,1470.0,9501.0,1,1470/9501,1470,9501
3mm,mm3_kernel1,1890,810,1890/405;1890/810,0,1890,810,2,15138.0,0.0,5000.094999999999,0.0,1172056.0,0.0,234.4066445,0.0,0.3303009034162475,0.0,77.42452690498267,0.0,1890.0,810.0,2,1890/405;1890/810,1890,405;810
3mm,mm3_kernel1,1890,5001,1890/5001,0,1890,5001,1,15149.0,0.0,5000.13,0.0,1402084.0,0.0,280.409489,0.0,0.3300633705195062,0.0,92.55290778269192,0.0,1890.0,5001.0,1,1890/5001,1890,5001
3mm,mm3_kernel1,1890,9251,1890/9251,0,1890,9251,1,15157.0,0.0,5000.297,0.0,1573080.0,0.0,314.597321,0.0,0.3299001781355149,0.0,103.78570957313453,0.0,1890.0,9251.0,1,1890/9251,1890,9251
3mm,mm3_kernel1,1890,9501,1890/9501,0,1890,9501,1,15146.0,0.0,5000.072,0.0,1585649.0,0.0,317.125217,0.0,0.3301249174699591,0.0,104.690941502707,0.0,1890.0,9501.0,1,1890/9501,1890,9501
3mm,mm3_kernel1,1920,9251,2100/9251,0,1920,9251,1,15262.0,0.0,5000.163,0.0,1725200.0,0.0,345.02878,0.0,0.3276217402699515,0.0,113.03892019394574,0.0,1920.0,9251.0,1,2100/9251,2100,9251
3mm,mm3_kernel1,1920,9501,2100/9501,0,1920,9501,1,15209.0,0.0,5000.162,0.0,1713976.0,0.0,342.784086,0.0,0.3287633637977513,0.0,112.6948517325268,0.0,1920.0,9501.0,1,2100/9501,2100,9501
3mm,mm3_kernel1,1935,810,2100/405;2100/810,0,1935,810,2,15368.0,0.0,5000.1525,0.0,1409707.0,0.0,281.932809,0.0,0.3253644795309475,0.0,91.73126787671688,0.0,1935.0,810.0,2,2100/405;2100/810,2100,405;810
3mm,mm3_kernel1,1935,5001,2100/5001,0,1935,5001,1,15328.0,0.0,5000.3,0.0,1583357.0,0.0,316.652382,0.0,0.3262199895615866,0.0,103.29834290187893,0.0,1935.0,5001.0,1,2100/5001,2100,5001
3mm,mm3_kernel2,210,405,210/405,0,210,405,1,1926.0,0.0,5000.803,0.0,215342.0,0.0,43.061482,0.0,2.596470924195223,0.0,111.80789200415369,0.0,210.0,405.0,1,210/405,210,405
3mm,mm3_kernel2,210,810,210/810,0,210,810,1,1983.0,0.0,5001.158,0.0,225816.0,0.0,45.152745,0.0,2.5220161371659104,0.0,113.87594553706504,0.0,210.0,810.0,1,210/810,210,810
3mm,mm3_kernel2,210,5001,210/5001,0,210,5001,1,1986.0,0.0,5000.703,0.0,390732.0,0.0,78.135412,0.0,2.517977341389728,0.0,196.7432024169184,0.0,210.0,5001.0,1,210/5001,210,5001
3mm,mm3_kernel2,210,9251,210/9251,0,210,9251,1,1996.0,0.0,5001.995,0.0,505003.0,0.0,100.960324,0.0,2.506009519038076,0.0,253.0075150300601,0.0,210.0,9251.0,1,210/9251,210,9251
3mm,mm3_kernel2,210,9501,210/9501,0,210,9501,1,1994.0,0.0,5001.924,0.0,505194.0,0.0,100.999929,0.0,2.5084874623871616,0.0,253.3570712136409,0.0,210.0,9501.0,1,210/9501,210,9501
3mm,mm3_kernel2,630,810,630/405;630/810,0,630,810,2,5076.5,0.0,5000.511,0.0,318515.0,0.0,63.6964315,0.0,0.985050989381361,0.0,62.746850294520684,0.0,630.0,810.0,2,630/405;630/810,630,405;810
3mm,mm3_kernel2,630,5001,630/5001,0,630,5001,1,5046.0,0.0,5000.492,0.0,471899.0,0.0,94.37052,0.0,0.990981371383274,0.0,93.51942132382084,0.0,630.0,5001.0,1,630/5001,630,5001
3mm,mm3_kernel2,630,9251,630/9251,0,630,9251,1,5033.0,0.0,5000.035,0.0,604986.0,0.0,120.996349,0.0,0.9934502284919532,0.0,120.20385455990464,0.0,630.0,9251.0,1,630/9251,630,9251
3mm,mm3_kernel2,630,9501,630/9501,0,630,9501,1,5032.0,0.0,5000.074,0.0,605465.0,0.0,121.091203,0.0,0.9936554054054052,0.0,120.322933227345,0.0,630.0,9501.0,1,630/9501,630,9501
3mm,mm3_kernel2,1050,810,1050/405;1050/810,0,1050,810,2,8464.0,0.0,5000.2515,0.0,413950.0,0.0,82.7858475,0.0,0.5907681243072225,0.0,48.90783944511236,0.0,1050.0,810.0,2,1050/405;1050/810,1050,405;810
3mm,mm3_kernel2,1050,5001,1050/5001,0,1050,5001,1,8439.0,0.0,5000.027,0.0,587128.0,0.0,117.424969,0.0,0.5924904609550895,0.0,69.5731721767982,0.0,1050.0,5001.0,1,1050/5001,1050,5001
3mm,mm3_kernel2,1050,9251,1050/9251,0,1050,9251,1,8506.0,0.0,5000.215,0.0,722223.0,0.0,144.438394,0.0,0.5878456383729133,0.0,84.90747707500587,0.0,1050.0,9251.0,1,1050/9251,1050,9251
3mm,mm3_kernel2,1050,9501,1050/9501,0,1050,9501,1,8494.0,0.0,5000.325,0.0,724091.0,0.0,144.808796,0.0,0.588689074640923,0.0,85.24735107134448,0.0,1050.0,9501.0,1,1050/9501,1050,9501
3mm,mm3_kernel2,1470,810,1470/405;1470/810,0,1470,810,2,11811.5,0.0,5000.316,0.0,562357.5,0.0,112.4643845,0.0,0.42334301956261244,0.0,47.61098894836864,0.0,1470.0,810.0,2,1470/405;1470/810,1470,405;810
3mm,mm3_kernel2,1470,5001,1470/5001,0,1470,5001,1,11821.0,0.0,5000.266,0.0,725377.0,0.0,145.067693,0.0,0.4229985618813975,0.0,61.36342103036968,0.0,1470.0,5001.0,1,1470/5001,1470,5001
3mm,mm3_kernel2,1470,9251,1470/9251,0,1470,9251,1,11783.0,0.0,5000.421,0.0,846381.0,0.0,169.261952,0.0,0.4243758805058135,0.0,71.83068827972502,0.0,1470.0,9251.0,1,1470/9251,1470,9251
3mm,mm3_kernel2,1470,9501,1470/9501,0,1470,9501,1,11785.0,0.0,5000.19,0.0,851831.0,0.0,170.359728,0.0,0.4242842596521001,0.0,72.28095036062791,0.0,1470.0,9501.0,1,1470/9501,1470,9501
3mm,mm3_kernel2,1890,810,1890/405;1890/810,0,1890,810,2,15133.0,0.0,5000.1565,0.0,1182336.0,0.0,236.4597845,0.0,0.3304146067107512,0.0,78.12970879691676,0.0,1890.0,810.0,2,1890/405;1890/810,1890,405;810
3mm,mm3_kernel2,1890,5001,1890/5001,0,1890,5001,1,15175.0,0.0,5000.322,0.0,1383893.0,0.0,276.760789,0.0,0.329510510708402,0.0,91.19558484349258,0.0,1890.0,5001.0,1,1890/5001,1890,5001
3mm,mm3_kernel2,1890,9251,1890/9251,0,1890,9251,1,15148.0,0.0,5000.079,0.0,1558476.0,0.0,311.690299,0.0,0.3300817929759704,0.0,102.88328492210192,0.0,1890.0,9251.0,1,1890/9251,1890,9251
3mm,mm3_kernel2,1890,9501,1890/9501,0,1890,9501,1,15144.0,0.0,5000.278,0.0,1580084.0,0.0,315.99921,0.0,0.330182118330692,0.0,104.33729529846804,0.0,1890.0,9501.0,1,1890/9501,1890,9501
3mm,mm3_kernel2,1920,810,2100/405,0,1920,810,1,15351.0,0.0,5000.244,0.0,1408517.0,0.0,281.689673,0.0,0.3257275747508305,0.0,91.75408768158428,0.0,1920.0,810.0,1,2100/405,2100,405
3mm,mm3_kernel2,1920,9251,2100/9251,0,1920,9251,1,15258.0,0.0,5000.216,0.0,1714227.0,0.0,342.830569,0.0,0.3277111023725259,0.0,112.3493904836807,0.0,1920.0,9251.0,1,2100/9251,2100,9251
3mm,mm3_kernel2,1920,9501,2100/9501,0,1920,9501,1,15229.0,0.0,5000.197,0.0,1716800.0,0.0,343.346454,0.0,0.3283339024230087,0.0,112.73228708385318,0.0,1920.0,9501.0,1,2100/9501,2100,9501
3mm,mm3_kernel2,1935,810,2100/810,0,1935,810,1,15418.0,0.0,5000.222,0.0,1420740.0,0.0,284.135403,0.0,0.3243106758334414,0.0,92.14813853936955,0.0,1935.0,810.0,1,2100/810,2100,810
3mm,mm3_kernel2,1935,5001,2100/5001,0,1935,5001,1,15358.0,0.0,5000.018,0.0,1595694.0,0.0,319.137647,0.0,0.325564396405782,0.0,103.89985675218128,0.0,1935.0,5001.0,1,2100/5001,2100,5001
3mm,mm3_kernel3,210,405,210/405,0,210,405,1,1924.0,0.0,5000.216,0.0,216818.0,0.0,43.361728,0.0,2.598864864864865,0.0,112.6912681912682,0.0,210.0,405.0,1,210/405,210,405
3mm,mm3_kernel3,210,810,210/810,0,210,810,1,1981.0,0.0,5001.661,0.0,231878.0,0.0,46.360198,0.0,2.524816254416961,0.0,117.0509843513377,0.0,210.0,810.0,1,210/810,210,810
3mm,mm3_kernel3,210,5001,210/5001,0,210,5001,1,1985.0,0.0,5002.033,0.0,393429.0,0.0,78.653816,0.0,2.519915869017632,0.0,198.20100755667505,0.0,210.0,5001.0,1,210/5001,210,5001
3mm,mm3_kernel3,210,9251,210/9251,0,210,9251,1,1994.0,0.0,5000.703,0.0,506562.0,0.0,101.298165,0.0,2.5078751253761284,0.0,254.0431293881645,0.0,210.0,9251.0,1,210/9251,210,9251
3mm,mm3_kernel3,210,9501,210/9501,0,210,9501,1,1993.0,0.0,5001.243,0.0,506008.0,0.0,101.176444,0.0,2.5094044154540893,0.0,253.89262418464625,0.0,210.0,9501.0,1,210/9501,210,9501
3mm,mm3_kernel3,630,810,630/405;630/810,0,630,810,2,5074.5,0.0,5000.6525,0.0,321151.0,0.0,64.2218045,0.0,0.9854667791053093,0.0,63.29207513198813,0.0,630.0,810.0,2,630/405;630/810,630,405;810
3mm,mm3_kernel3,630,5001,630/5001,0,630,5001,1,5047.0,0.0,5000.607,0.0,476640.0,0.0,95.31643,0.0,0.9908078066177928,0.0,94.4402615415098,0.0,630.0,5001.0,1,630/5001,630,5001
3mm,mm3_kernel3,630,9251,630/9251,0,630,9251,1,5033.0,0.0,5000.833,0.0,610307.0,0.0,122.04108,0.0,0.9936087820385456,0.0,121.26107689250944,0.0,630.0,9251.0,1,630/9251,630,9251
3mm,mm3_kernel3,630,9501,630/9501,0,630,9501,1,5033.0,0.0,5000.495,0.0,609552.0,0.0,121.898329,0.0,0.9935416252731968,0.0,121.11106695807668,0.0,630.0,9501.0,1,630/9501,630,9501
3mm,mm3_kernel3,1050,810,1050/405;1050/810,0,1050,810,2,8464.5,0.0,5000.281499999999,0.0,420692.5,0.0,84.133774,0.0,0.5907368692398981,0.0,49.70146852363689,0.0,1050.0,810.0,2,1050/405;1050/810,1050,405;810
3mm,mm3_kernel3,1050,5001,1050/5001,0,1050,5001,1,8451.0,0.0,5000.18,0.0,595630.0,0.0,119.121719,0.0,0.5916672583126258,0.0,70.48041651875518,0.0,1050.0,5001.0,1,1050/5001,1050,5001
3mm,mm3_kernel3,1050,9251,1050/9251,0,1050,9251,1,8504.0,0.0,5000.487,0.0,728061.0,0.0,145.598024,0.0,0.5880158748824083,0.0,85.61394637817497,0.0,1050.0,9251.0,1,1050/9251,1050,9251
3mm,mm3_kernel3,1050,9501,1050/9501,0,1050,9501,1,8505.0,0.0,5000.433,0.0,731856.0,0.0,146.358537,0.0,0.5879403880070547,0.0,86.05008818342152,0.0,1050.0,9501.0,1,1050/9501,1050,9501
3mm,mm3_kernel3,1470,810,1470/405;1470/810,0,1470,810,2,11799.0,0.0,5000.206,0.0,572145.0,0.0,114.4242925,0.0,0.4237827742251701,0.0,48.4911281628457,0.0,1470.0,810.0,2,1470/405;1470/810,1470,405;810
3mm,mm3_kernel3,1470,5001,1470/5001,0,1470,5001,1,11809.0,0.0,5000.406,0.0,734789.0,0.0,146.945875,0.0,0.4234402574307731,0.0,62.22279617241088,0.0,1470.0,5001.0,1,1470/5001,1470,5001
3mm,mm3_kernel3,1470,9251,1470/9251,0,1470,9251,1,11798.0,0.0,5000.292,0.0,860666.0,0.0,172.123131,0.0,0.4238253941345991,0.0,72.9501610442448,0.0,1470.0,9251.0,1,1470/9251,1470,9251
3mm,mm3_kernel3,1470,9501,1470/9501,0,1470,9501,1,11783.0,0.0,5000.394,0.0,883694.0,0.0,176.72489,0.0,0.4243735890689977,0.0,74.99736909106339,0.0,1470.0,9501.0,1,1470/9501,1470,9501
3mm,mm3_kernel3,1890,810,1890/405;1890/810,0,1890,810,2,15158.0,0.0,5000.1625,0.0,1195594.5,0.0,239.11107149999998,0.0,0.32986961455146446,0.0,78.87577922634532,0.0,1890.0,810.0,2,1890/405;1890/810,1890,405;810
3mm,mm3_kernel3,1890,5001,1890/5001,0,1890,5001,1,15181.0,0.0,5000.121,0.0,1417124.0,0.0,283.417964,0.0,0.3293670377445491,0.0,93.34852776496938,0.0,1890.0,5001.0,1,1890/5001,1890,5001
3mm,mm3_kernel3,1890,9251,1890/9251,0,1890,9251,1,15169.0,0.0,5000.285,0.0,1588628.0,0.0,317.707512,0.0,0.3296384072780012,0.0,104.72859120574856,0.0,1890.0,9251.0,1,1890/9251,1890,9251
3mm,mm3_kernel3,1890,9501,1890/9501,0,1890,9501,1,15167.0,0.0,5000.052,0.0,1603706.0,0.0,320.73788,0.0,0.329666512823894,0.0,105.7365332630052,0.0,1890.0,9501.0,1,1890/9501,1890,9501
3mm,mm3_kernel3,1920,810,2100/405,0,1920,810,1,15327.0,0.0,5000.162,0.0,1444879.0,0.0,288.966459,0.0,0.3262322698505905,0.0,94.27017681216157,0.0,1920.0,810.0,1,2100/405,2100,405
3mm,mm3_kernel3,1920,9251,2100/9251,0,1920,9251,1,15255.0,0.0,5000.105,0.0,1712660.0,0.0,342.524775,0.0,0.3277682726974762,0.0,112.2687643395608,0.0,1920.0,9251.0,1,2100/9251,2100,9251
3mm,mm3_kernel3,1920,9501,2100/9501,0,1920,9501,1,15234.0,0.0,5000.297,0.0,1720815.0,0.0,344.142567,0.0,0.3282327031639753,0.0,112.95884206380464,0.0,1920.0,9501.0,1,2100/9501,2100,9501
3mm,mm3_kernel3,1935,810,2100/810,0,1935,810,1,15344.0,0.0,5000.082,0.0,1435412.0,0.0,287.07769,0.0,0.3258656152241919,0.0,93.54874869655892,0.0,1935.0,810.0,1,2100/810,2100,810
3mm,mm3_kernel3,1935,5001,2100/5001,0,1935,5001,1,15378.0,0.0,5000.238,0.0,1621433.0,0.0,324.271178,0.0,0.3251552867733125,0.0,105.4384835479256,0.0,1935.0,5001.0,1,2100/5001,2100,5001
atax,atax_kernel1,210,405,210/405,0,210,405,1,500.0,0.0,5003.282,0.0,201004.0,0.0,40.174428,0.0,10.006564,0.0,402.008,0.0,210.0,405.0,1,210/405,210,405
atax,atax_kernel1,210,810,210/810,0,210,810,1,511.0,0.0,5003.042,0.0,209057.0,0.0,41.785977,0.0,9.790688845401174,0.0,409.1135029354208,0.0,210.0,810.0,1,210/810,210,810
atax,atax_kernel1,210,5001,210/5001,0,210,5001,1,507.0,0.0,5003.02,0.0,369776.0,0.0,73.910565,0.0,9.867889546351083,0.0,729.3412228796844,0.0,210.0,5001.0,1,210/5001,210,5001
atax,atax_kernel1,210,9251,210/9251,0,210,9251,1,506.0,0.0,5005.865,0.0,493498.0,0.0,98.583956,0.0,9.893013833992097,0.0,975.2924901185772,0.0,210.0,9251.0,1,210/9251,210,9251
atax,atax_kernel1,210,9501,210/9501,0,210,9501,1,506.0,0.0,5006.173,0.0,493892.0,0.0,98.656592,0.0,9.893622529644269,0.0,976.0711462450593,0.0,210.0,9501.0,1,210/9501,210,9501
atax,atax_kernel1,630,810,630/405;630/810,0,630,810,2,1360.0,0.0,5002.186,0.0,257533.5,0.0,51.484332,0.0,3.678079436677896,0.0,189.36508048501324,0.0,630.0,810.0,2,630/405;630/810,630,405;810
atax,atax_kernel1,630,5001,630/5001,0,630,5001,1,1338.0,0.0,5003.483,0.0,432569.0,0.0,86.453578,0.0,3.739523916292975,0.0,323.29521674140506,0.0,630.0,5001.0,1,630/5001,630,5001
atax,atax_kernel1,630,9251,630/9251,0,630,9251,1,1335.0,0.0,5003.208,0.0,548544.0,0.0,109.638466,0.0,3.7477213483146063,0.0,410.8943820224719,0.0,630.0,9251.0,1,630/9251,630,9251
atax,atax_kernel1,630,9501,630/9501,0,630,9501,1,1335.0,0.0,5003.054,0.0,549670.0,0.0,109.866889,0.0,3.747605992509363,0.0,411.7378277153558,0.0,630.0,9501.0,1,630/9501,630,9501
atax,atax_kernel1,1050,810,1050/405;1050/810,0,1050,810,2,2286.5,0.0,5001.132,0.0,327806.0,0.0,65.5463805,0.0,2.187243444249727,0.0,143.36593725959156,0.0,1050.0,810.0,2,1050/405;1050/810,1050,405;810
atax,atax_kernel1,1050,5001,1050/5001,0,1050,5001,1,2236.0,0.0,5001.453,0.0,467808.0,0.0,93.534426,0.0,2.2367857781753133,0.0,209.216457960644,0.0,1050.0,5001.0,1,1050/5001,1050,5001
atax,atax_kernel1,1050,9251,1050/9251,0,1050,9251,1,2228.0,0.0,5001.25,0.0,617852.0,0.0,123.539515,0.0,2.244726211849192,0.0,277.31238779174146,0.0,1050.0,9251.0,1,1050/9251,1050,9251
atax,atax_kernel1,1050,9501,1050/9501,0,1050,9501,1,2228.0,0.0,5001.479,0.0,619242.0,0.0,123.811776,0.0,2.244828994614004,0.0,277.9362657091562,0.0,1050.0,9501.0,1,1050/9501,1050,9501
atax,atax_kernel1,1470,810,1470/405;1470/810,0,1470,810,2,2882.0,0.0,5000.9645,0.0,389477.0,0.0,77.88033250000001,0.0,1.7352409784871616,0.0,135.1412213740458,0.0,1470.0,810.0,2,1470/405;1470/810,1470,405;810
atax,atax_kernel1,1470,5001,1470/5001,0,1470,5001,1,3135.0,0.0,5000.166,0.0,551316.0,0.0,110.25955,0.0,1.594949282296651,0.0,175.85837320574163,0.0,1470.0,5001.0,1,1470/5001,1470,5001
atax,atax_kernel1,1470,9251,1470/9251,0,1470,9251,1,3124.0,0.0,5001.291,0.0,691949.0,0.0,138.35409,0.0,1.6009254161331627,0.0,221.4945582586428,0.0,1470.0,9251.0,1,1470/9251,1470,9251
atax,atax_kernel1,1470,9501,1470/9501,0,1470,9501,1,3124.0,0.0,5000.86,0.0,694130.0,0.0,138.80213,0.0,1.600787451984635,0.0,222.19270166453265,0.0,1470.0,9501.0,1,1470/9501,1470,9501
atax,atax_kernel1,1890,810,1890/405;1890/810,0,1890,810,2,2871.0,0.0,5000.483,0.0,634138.5,0.0,126.815473,0.0,1.7417216997561824,0.0,220.87722048066874,0.0,1890.0,810.0,2,1890/405;1890/810,1890,405;810
atax,atax_kernel1,1890,5001,1890/5001,0,1890,5001,1,4038.0,0.0,5000.856,0.0,876202.0,0.0,175.210388,0.0,1.238448736998514,0.0,216.9891035165924,0.0,1890.0,5001.0,1,1890/5001,1890,5001
atax,atax_kernel1,1890,9251,1890/9251,0,1890,9251,1,4021.0,0.0,5001.152,0.0,1027772.0,0.0,205.507057,0.0,1.2437582690872917,0.0,255.6010942551604,0.0,1890.0,9251.0,1,1890/9251,1890,9251
atax,atax_kernel1,1890,9501,1890/9501,0,1890,9501,1,4022.0,0.0,5000.603,0.0,1034168.0,0.0,206.808658,0.0,1.2433125310790651,0.0,257.12779711586273,0.0,1890.0,9501.0,1,1890/9501,1890,9501
atax,atax_kernel1,1935,9501,2100/9501,0,1935,9501,1,4118.0,0.0,5000.523,0.0,1192319.0,0.0,238.438838,0.0,1.214308644973288,0.0,289.53836813987374,0.0,1935.0,9501.0,1,2100/9501,2100,9501
atax,atax_kernel1,1950,810,2100/405,0,1950,810,1,2873.0,0.0,5001.199,0.0,735900.0,0.0,147.144723,0.0,1.740758440654368,0.0,256.143404107205,0.0,1950.0,810.0,1,2100/405,2100,405
atax,atax_kernel1,1950,9251,2100/9251,0,1950,9251,1,4116.0,0.0,5000.005,0.0,1182238.0,0.0,236.447369,0.0,1.2147728377065112,0.0,287.22983479105926,0.0,1950.0,9251.0,1,2100/9251,2100,9251
atax,atax_kernel1,1965,810,2100/810,0,1965,810,1,2874.0,0.0,5000.455,0.0,732101.0,0.0,146.406875,0.0,1.739893876130828,0.0,254.73242867084204,0.0,1965.0,810.0,1,2100/810,2100,810
atax,atax_kernel1,1965,5001,2100/5001,0,1965,5001,1,4167.0,0.0,5000.63,0.0,1021721.0,0.0,204.318441,0.0,1.2000551955843533,0.0,245.19342452603792,0.0,1965.0,5001.0,1,2100/5001,2100,5001
atax,atax_kernel2,210,405,210/405,0,210,405,1,391.0,0.0,5007.722,0.0,177035.0,0.0,35.352404,0.0,12.807473145780053,0.0,452.7749360613811,0.0,210.0,405.0,1,210/405,210,405
atax,atax_kernel2,210,810,210/810,0,210,810,1,627.0,0.0,5003.921,0.0,199682.0,0.0,39.905103,0.0,7.980735247208932,0.0,318.4720893141946,0.0,210.0,810.0,1,210/810,210,810
atax,atax_kernel2,210,5001,210/5001,0,210,5001,1,1152.0,0.0,5001.534,0.0,371238.0,0.0,74.224832,0.0,4.341609375,0.0,322.2552083333333,0.0,210.0,5001.0,1,210/5001,210,5001
atax,atax_kernel2,210,9251,210/9251,0,210,9251,1,1281.0,0.0,5001.542,0.0,498435.0,0.0,99.656256,0.0,3.9044043715847,0.0,389.0983606557377,0.0,210.0,9251.0,1,210/9251,210,9251
atax,atax_kernel2,210,9501,210/9501,0,210,9501,1,1281.0,0.0,5001.165,0.0,501067.0,0.0,100.190065,0.0,3.904110070257611,0.0,391.1530054644809,0.0,210.0,9501.0,1,210/9501,210,9501
atax,atax_kernel2,630,810,630/405;630/810,0,630,810,2,789.0,0.0,5004.4925,0.0,208681.5,0.0,41.699084,0.0,6.349268519173624,0.0,264.59905032352674,0.0,630.0,810.0,2,630/405;630/810,630,405;810
atax,atax_kernel2,630,5001,630/5001,0,630,5001,1,1984.0,0.0,5001.654,0.0,412890.0,0.0,82.550687,0.0,2.52099495967742,0.0,208.10987903225808,0.0,630.0,5001.0,1,630/5001,630,5001
atax,atax_kernel2,630,9251,630/9251,0,630,9251,1,2415.0,0.0,5001.078,0.0,540091.0,0.0,107.994924,0.0,2.0708397515527954,0.0,223.64016563147,0.0,630.0,9251.0,1,630/9251,630,9251
atax,atax_kernel2,630,9501,630/9501,0,630,9501,1,2415.0,0.0,5000.334,0.0,542560.0,0.0,108.504742,0.0,2.070531677018633,0.0,224.6625258799172,0.0,630.0,9501.0,1,630/9501,630,9501
atax,atax_kernel2,1050,810,1050/405;1050/810,0,1050,810,2,875.5,0.0,5003.5945,0.0,231306.0,0.0,46.2279695,0.0,5.7152190262600335,0.0,264.2040025414618,0.0,1050.0,810.0,2,1050/405;1050/810,1050,405;810
atax,atax_kernel2,1050,5001,1050/5001,0,1050,5001,1,2435.0,0.0,5000.848,0.0,432323.0,0.0,86.449936,0.0,2.053736344969199,0.0,177.54537987679672,0.0,1050.0,5001.0,1,1050/5001,1050,5001
atax,atax_kernel2,1050,9251,1050/9251,0,1050,9251,1,3115.0,0.0,5001.328,0.0,585641.0,0.0,117.097108,0.0,1.605562760834671,0.0,188.0067415730337,0.0,1050.0,9251.0,1,1050/9251,1050,9251
atax,atax_kernel2,1050,9501,1050/9501,0,1050,9501,1,3115.0,0.0,5001.068,0.0,586677.0,0.0,117.310334,0.0,1.605479293739968,0.0,188.33932584269664,0.0,1050.0,9501.0,1,1050/9501,1050,9501
atax,atax_kernel2,1470,810,1470/405;1470/810,0,1470,810,2,929.5,0.0,5002.456,0.0,271688.0,0.0,54.3110415,0.0,5.381881256293621,0.0,292.2941462087804,0.0,1470.0,810.0,2,1470/405;1470/810,1470,405;810
atax,atax_kernel2,1470,5001,1470/5001,0,1470,5001,1,2848.0,0.0,5001.535,0.0,462150.0,0.0,92.401639,0.0,1.756156952247191,0.0,162.27176966292134,0.0,1470.0,5001.0,1,1470/5001,1470,5001
atax,atax_kernel2,1470,9251,1470/9251,0,1470,9251,1,3557.0,0.0,5001.065,0.0,622225.0,0.0,124.418488,0.0,1.4059783525442788,0.0,174.92971605285354,0.0,1470.0,9251.0,1,1470/9251,1470,9251
atax,atax_kernel2,1470,9501,1470/9501,0,1470,9501,1,3551.0,0.0,5000.84,0.0,624419.0,0.0,124.862827,0.0,1.4082906223598988,0.0,175.8431427766826,0.0,1470.0,9501.0,1,1470/9501,1470,9501
atax,atax_kernel2,1890,810,1890/405;1890/810,0,1890,810,2,963.5,0.0,5002.3965,0.0,443187.0,0.0,88.59493900000001,0.0,5.191901517452807,0.0,459.9762444901178,0.0,1890.0,810.0,2,1890/405;1890/810,1890,405;810
atax,atax_kernel2,1890,5001,1890/5001,0,1890,5001,1,3214.0,0.0,5000.895,0.0,704793.0,0.0,140.933386,0.0,1.555972308649658,0.0,219.28842563783448,0.0,1890.0,5001.0,1,1890/5001,1890,5001
atax,atax_kernel2,1890,9251,1890/9251,0,1890,9251,1,4037.0,0.0,5000.058,0.0,868562.0,0.0,173.710398,0.0,1.238557839980183,0.0,215.15035917760716,0.0,1890.0,9251.0,1,1890/9251,1890,9251
atax,atax_kernel2,1890,9501,1890/9501,0,1890,9501,1,4037.0,0.0,5000.135,0.0,859404.0,0.0,171.876167,0.0,1.2385769135496656,0.0,212.88184295268763,0.0,1890.0,9501.0,1,1890/9501,1890,9501
atax,atax_kernel2,1950,810,2100/810,0,1950,810,1,968.0,0.0,5003.998,0.0,503183.0,0.0,100.556194,0.0,5.169419421487603,0.0,519.8171487603306,0.0,1950.0,810.0,1,2100/810,2100,810
atax,atax_kernel2,1950,5001,2100/5001,0,1950,5001,1,3273.0,0.0,5000.698,0.0,802570.0,0.0,160.491603,0.0,1.5278637335777574,0.0,245.2092881148793,0.0,1950.0,5001.0,1,2100/5001,2100,5001
atax,atax_kernel2,1950,9501,2100/9501,0,1950,9501,1,4122.0,0.0,5000.643,0.0,987524.0,0.0,197.479421,0.0,1.213159388646288,0.0,239.573993207181,0.0,1950.0,9501.0,1,2100/9501,2100,9501
atax,atax_kernel2,1965,810,2100/405,0,1965,810,1,969.0,0.0,5001.766,0.0,509871.0,0.0,101.938193,0.0,5.161781217750257,0.0,526.1826625386997,0.0,1965.0,810.0,1,2100/405,2100,405
atax,atax_kernel2,1965,9251,2100/9251,0,1965,9251,1,4123.0,0.0,5000.791,0.0,979172.0,0.0,195.803442,0.0,1.2129010429299054,0.0,237.4901770555421,0.0,1965.0,9251.0,1,2100/9251,2100,9251
bicg,bicg_kernel1,210,405,210/405,0,210,405,1,396.0,0.0,5002.569,0.0,182762.0,0.0,36.53363,0.0,12.63275,0.0,461.520202020202,0.0,210.0,405.0,1,210/405,210,405
bicg,bicg_kernel1,210,810,210/810,0,210,810,1,644.0,0.0,5007.631,0.0,198244.0,0.0,39.588377,0.0,7.775824534161491,0.0,307.832298136646,0.0,210.0,810.0,1,210/810,210,810
bicg,bicg_kernel1,210,5001,210/5001,0,210,5001,1,1213.0,0.0,5003.148,0.0,363842.0,0.0,72.722607,0.0,4.124606760098929,0.0,299.9521846661171,0.0,210.0,5001.0,1,210/5001,210,5001
bicg,bicg_kernel1,210,9251,210/9251,0,210,9251,1,1354.0,0.0,5002.863,0.0,490403.0,0.0,98.024475,0.0,3.694876661742984,0.0,362.1883308714919,0.0,210.0,9251.0,1,210/9251,210,9251
bicg,bicg_kernel1,210,9501,210/9501,0,210,9501,1,1353.0,0.0,5001.373,0.0,491491.0,0.0,98.271223,0.0,3.6965062823355503,0.0,363.260162601626,0.0,210.0,9501.0,1,210/9501,210,9501
bicg,bicg_kernel1,630,810,630/405;630/810,0,630,810,2,796.5,0.0,5003.1625,0.0,208625.5,0.0,41.698707999999996,0.0,6.2878701799729235,0.0,262.10334478873773,0.0,630.0,810.0,2,630/405;630/810,630,405;810
bicg,bicg_kernel1,630,5001,630/5001,0,630,5001,1,2057.0,0.0,5002.113,0.0,392589.0,0.0,78.484636,0.0,2.431751579970832,0.0,190.8551288283909,0.0,630.0,5001.0,1,630/5001,630,5001
bicg,bicg_kernel1,630,9251,630/9251,0,630,9251,1,2520.0,0.0,5000.498,0.0,521506.0,0.0,104.290812,0.0,1.984324603174603,0.0,206.9468253968254,0.0,630.0,9251.0,1,630/9251,630,9251
bicg,bicg_kernel1,630,9501,630/9501,0,630,9501,1,2516.0,0.0,5001.195,0.0,524199.0,0.0,104.814743,0.0,1.9877563593004768,0.0,208.34618441971384,0.0,630.0,9501.0,1,630/9501,630,9501
bicg,bicg_kernel1,1050,810,1050/405;1050/810,0,1050,810,2,879.5,0.0,5001.1895,0.0,221819.5,0.0,44.353351,0.0,5.686444406953203,0.0,252.2133620076689,0.0,1050.0,810.0,2,1050/405;1050/810,1050,405;810
bicg,bicg_kernel1,1050,5001,1050/5001,0,1050,5001,1,2497.0,0.0,5001.567,0.0,417731.0,0.0,83.520018,0.0,2.0030304365238285,0.0,167.29315178213858,0.0,1050.0,5001.0,1,1050/5001,1050,5001
bicg,bicg_kernel1,1050,9251,1050/9251,0,1050,9251,1,3216.0,0.0,5000.263,0.0,547004.0,0.0,109.395052,0.0,1.5548081467661692,0.0,170.08830845771143,0.0,1050.0,9251.0,1,1050/9251,1050,9251
bicg,bicg_kernel1,1050,9501,1050/9501,0,1050,9501,1,3215.0,0.0,5000.96,0.0,549573.0,0.0,109.893501,0.0,1.5555085536547435,0.0,170.94027993779162,0.0,1050.0,9501.0,1,1050/9501,1050,9501
bicg,bicg_kernel1,1470,810,1470/405;1470/810,0,1470,810,2,933.5,0.0,5003.3865000000005,0.0,259817.0,0.0,51.928324,0.0,5.3598150872941,0.0,278.3270212365536,0.0,1470.0,810.0,2,1470/405;1470/810,1470,405;810
bicg,bicg_kernel1,1470,5001,1470/5001,0,1470,5001,1,2902.0,0.0,5000.156,0.0,442301.0,0.0,88.457436,0.0,1.7230034458993797,0.0,152.4124741557547,0.0,1470.0,5001.0,1,1470/5001,1470,5001
bicg,bicg_kernel1,1470,9251,1470/9251,0,1470,9251,1,3648.0,0.0,5000.63,0.0,585625.0,0.0,117.110235,0.0,1.3707867324561405,0.0,160.53316885964912,0.0,1470.0,9251.0,1,1470/9251,1470,9251
bicg,bicg_kernel1,1470,9501,1470/9501,0,1470,9501,1,3647.0,0.0,5000.219,0.0,588215.0,0.0,117.637853,0.0,1.3710499040307105,0.0,161.2873594735399,0.0,1470.0,9501.0,1,1470/9501,1470,9501
bicg,bicg_kernel1,1890,810,1890/405;1890/810,0,1890,810,2,968.5,0.0,5002.279500000001,0.0,415915.0,0.0,83.1450755,0.0,5.164977341491186,0.0,429.4420789303107,0.0,1890.0,810.0,2,1890/405;1890/810,1890,405;810
bicg,bicg_kernel1,1890,5001,1890/5001,0,1890,5001,1,3267.0,0.0,5001.093,0.0,632848.0,0.0,126.541944,0.0,1.5307906336088153,0.0,193.70921334557696,0.0,1890.0,5001.0,1,1890/5001,1890,5001
bicg,bicg_kernel1,1890,9251,1890/9251,0,1890,9251,1,4124.0,0.0,5000.935,0.0,791907.0,0.0,158.351802,0.0,1.2126418525703202,0.0,192.02400581959265,0.0,1890.0,9251.0,1,1890/9251,1890,9251
bicg,bicg_kernel1,1890,9501,1890/9501,0,1890,9501,1,4122.0,0.0,5001.035,0.0,779302.0,0.0,155.828154,0.0,1.2132544881125666,0.0,189.0591945657448,0.0,1890.0,9501.0,1,1890/9501,1890,9501
bicg,bicg_kernel1,1950,810,2100/810,0,1950,810,1,972.0,0.0,5003.33,0.0,478654.0,0.0,95.667094,0.0,5.147458847736625,0.0,492.4423868312757,0.0,1950.0,810.0,1,2100/810,2100,810
bicg,bicg_kernel1,1950,5001,2100/5001,0,1950,5001,1,3310.0,0.0,5001.118,0.0,723946.0,0.0,144.756842,0.0,1.5109117824773417,0.0,218.71480362537764,0.0,1950.0,5001.0,1,2100/5001,2100,5001
bicg,bicg_kernel1,1950,9251,2100/9251,0,1950,9251,1,4215.0,0.0,5000.788,0.0,880197.0,0.0,176.011658,0.0,1.1864265717674969,0.0,208.82491103202847,0.0,1950.0,9251.0,1,2100/9251,2100,9251
bicg,bicg_kernel1,1965,810,2100/405,0,1965,810,1,972.0,0.0,5001.994,0.0,484740.0,0.0,96.90935,0.0,5.146084362139917,0.0,498.7037037037037,0.0,1965.0,810.0,1,2100/405,2100,405
bicg,bicg_kernel1,1965,9501,2100/9501,0,1965,9501,1,4212.0,0.0,5000.224,0.0,904519.0,0.0,180.895709,0.0,1.1871377018043685,0.0,214.7481006647673,0.0,1965.0,9501.0,1,2100/9501,2100,9501
bicg,bicg_kernel2,210,405,210/405,0,210,405,1,966.0,0.0,5002.587,0.0,194270.0,0.0,38.833908,0.0,5.17866149068323,0.0,201.10766045548652,0.0,210.0,405.0,1,210/405,210,405
bicg,bicg_kernel2,210,810,210/810,0,210,810,1,975.0,0.0,5000.882,0.0,205077.0,0.0,41.008164,0.0,5.129109743589743,0.0,210.3353846153846,0.0,210.0,810.0,1,210/810,210,810
bicg,bicg_kernel2,210,5001,210/5001,0,210,5001,1,982.0,0.0,5004.442,0.0,377483.0,0.0,75.429583,0.0,5.096173116089613,0.0,384.4022403258656,0.0,210.0,5001.0,1,210/5001,210,5001
bicg,bicg_kernel2,210,9251,210/9251,0,210,9251,1,968.0,0.0,5000.395,0.0,501029.0,0.0,100.197894,0.0,5.165697314049587,0.0,517.5919421487604,0.0,210.0,9251.0,1,210/9251,210,9251
bicg,bicg_kernel2,210,9501,210/9501,0,210,9501,1,968.0,0.0,5004.882,0.0,503790.0,0.0,100.659719,0.0,5.170332644628099,0.0,520.444214876033,0.0,210.0,9501.0,1,210/9501,210,9501
bicg,bicg_kernel2,630,810,630/405;630/810,0,630,810,2,2453.0,0.0,5000.802,0.0,253980.5,0.0,50.7880315,0.0,2.038860827173692,0.0,103.5302347644444,0.0,630.0,810.0,2,630/405;630/810,630,405;810
bicg,bicg_kernel2,630,5001,630/5001,0,630,5001,1,2550.0,0.0,5000.148,0.0,429093.0,0.0,85.816061,0.0,1.9608423529411765,0.0,168.27176470588236,0.0,630.0,5001.0,1,630/5001,630,5001
bicg,bicg_kernel2,630,9251,630/9251,0,630,9251,1,2563.0,0.0,5000.214,0.0,549129.0,0.0,109.821092,0.0,1.950922356613344,0.0,214.2524385485759,0.0,630.0,9251.0,1,630/9251,630,9251
bicg,bicg_kernel2,630,9501,630/9501,0,630,9501,1,2563.0,0.0,5000.715,0.0,549094.0,0.0,109.803102,0.0,1.951117830667187,0.0,214.23878267655093,0.0,630.0,9501.0,1,630/9501,630,9501
bicg,bicg_kernel2,1050,810,1050/405;1050/810,0,1050,810,2,2861.5,0.0,5000.5875,0.0,294914.5,0.0,58.9759895,0.0,1.747540689374027,0.0,103.06272185938221,0.0,1050.0,810.0,2,1050/405;1050/810,1050,405;810
bicg,bicg_kernel2,1050,5001,1050/5001,0,1050,5001,1,4247.0,0.0,5001.142,0.0,460068.0,0.0,91.992587,0.0,1.177570520367318,0.0,108.32776077230989,0.0,1050.0,5001.0,1,1050/5001,1050,5001
bicg,bicg_kernel2,1050,9251,1050/9251,0,1050,9251,1,4254.0,0.0,5000.498,0.0,606160.0,0.0,121.219925,0.0,1.175481429243065,0.0,142.49177244945932,0.0,1050.0,9251.0,1,1050/9251,1050,9251
bicg,bicg_kernel2,1050,9501,1050/9501,0,1050,9501,1,4255.0,0.0,5000.358,0.0,608314.0,0.0,121.654092,0.0,1.175172267920094,0.0,142.96451233842538,0.0,1050.0,9501.0,1,1050/9501,1050,9501
bicg,bicg_kernel2,1470,810,1470/405;1470/810,0,1470,810,2,2857.0,0.0,5000.877,0.0,324180.5,0.0,64.8247945,0.0,1.7503944697234861,0.0,113.46884844242211,0.0,1470.0,810.0,2,1470/405;1470/810,1470,405;810
bicg,bicg_kernel2,1470,5001,1470/5001,0,1470,5001,1,5906.0,0.0,5000.142,0.0,520693.0,0.0,104.135651,0.0,0.8466207246867592,0.0,88.16339315949881,0.0,1470.0,5001.0,1,1470/5001,1470,5001
bicg,bicg_kernel2,1470,9251,1470/9251,0,1470,9251,1,5925.0,0.0,5000.419,0.0,665374.0,0.0,133.063638,0.0,0.8439525738396624,0.0,112.29940928270042,0.0,1470.0,9251.0,1,1470/9251,1470,9251
bicg,bicg_kernel2,1470,9501,1470/9501,0,1470,9501,1,5930.0,0.0,5000.418,0.0,669745.0,0.0,133.937791,0.0,0.8432408094435075,0.0,112.94182124789208,0.0,1470.0,9501.0,1,1470/9501,1470,9501
bicg,bicg_kernel2,1890,810,1890/405;1890/810,0,1890,810,2,2872.0,0.0,5000.814,0.0,500605.5,0.0,100.1048,0.0,1.7412305013927578,0.0,174.30553621169918,0.0,1890.0,810.0,2,1890/405;1890/810,1890,405;810
bicg,bicg_kernel2,1890,5001,1890/5001,0,1890,5001,1,7556.0,0.0,5000.387,0.0,806369.0,0.0,161.261327,0.0,0.6617769984118581,0.0,106.71903123345686,0.0,1890.0,5001.0,1,1890/5001,1890,5001
bicg,bicg_kernel2,1890,9251,1890/9251,0,1890,9251,1,7590.0,0.0,5000.153,0.0,926607.0,0.0,185.315717,0.0,0.6587816864295125,0.0,122.08260869565216,0.0,1890.0,9251.0,1,1890/9251,1890,9251
bicg,bicg_kernel2,1890,9501,1890/9501,0,1890,9501,1,7582.0,0.0,5000.477,0.0,933731.0,0.0,186.728384,0.0,0.6595195199155895,0.0,123.15101556317596,0.0,1890.0,9501.0,1,1890/9501,1890,9501
bicg,bicg_kernel2,1950,5001,2100/5001,0,1950,5001,1,7826.0,0.0,5000.428,0.0,907740.0,0.0,181.53247,0.0,0.638950677229747,0.0,115.99028878098646,0.0,1950.0,5001.0,1,2100/5001,2100,5001
bicg,bicg_kernel2,1950,9501,2100/9501,0,1950,9501,1,7819.0,0.0,5000.336,0.0,1055386.0,0.0,211.062999,0.0,0.6395109349021615,0.0,134.97710704693694,0.0,1950.0,9501.0,1,2100/9501,2100,9501
bicg,bicg_kernel2,1965,810,2100/405;2100/810,0,1965,810,2,2873.5,0.0,5001.1245,0.0,580867.0,0.0,116.1475105,0.0,1.7404297013613415,0.0,202.14553169540227,0.0,1965.0,810.0,2,2100/405;2100/810,2100,405;810
bicg,bicg_kernel2,1965,9251,2100/9251,0,1965,9251,1,7824.0,0.0,5000.384,0.0,1048860.0,0.0,209.755879,0.0,0.6391083844580777,0.0,134.05674846625766,0.0,1965.0,9251.0,1,2100/9251,2100,9251
correlation,corr_kernel,210,405,210/405,0,210,405,1,1.0,0.0,13652.643,0.0,458633.0,0.0,33.592984,0.0,13652.643,0.0,458633.0,0.0,210.0,405.0,1,210/405,210,405
correlation,corr_kernel,210,810,210/810,0,210,810,1,1.0,0.0,9645.126,0.0,359901.0,0.0,37.314287,0.0,9645.126,0.0,359901.0,0.0,210.0,810.0,1,210/810,210,810
correlation,corr_kernel,210,5001,210/5001,0,210,5001,1,1.0,0.0,8798.834,0.0,608715.0,0.0,69.181326,0.0,8798.834,0.0,608715.0,0.0,210.0,5001.0,1,210/5001,210,5001
correlation,corr_kernel,210,9251,210/9251,0,210,9251,1,1.0,0.0,8798.459,0.0,801589.0,0.0,91.105613,0.0,8798.459,0.0,801589.0,0.0,210.0,9251.0,1,210/9251,210,9251
correlation,corr_kernel,210,9501,210/9501,0,210,9501,1,1.0,0.0,8803.613,0.0,805811.0,0.0,91.531849,0.0,8803.613,0.0,805811.0,0.0,210.0,9501.0,1,210/9501,210,9501
correlation,corr_kernel,630,810,630/405;630/810,0,630,810,2,1.0,0.0,6429.352,0.0,251045.0,0.0,39.05171,0.0,6429.352,0.0,251045.0,0.0,630.0,810.0,2,630/405;630/810,630,405;810
correlation,corr_kernel,630,5001,630/5001,0,630,5001,1,2.0,0.0,6803.689,0.0,500307.0,0.0,73.534661,0.0,3401.8445,0.0,250153.5,0.0,630.0,5001.0,1,630/5001,630,5001
correlation,corr_kernel,630,9251,630/9251,0,630,9251,1,2.0,0.0,6785.437,0.0,666907.0,0.0,98.285055,0.0,3392.7185,0.0,333453.5,0.0,630.0,9251.0,1,630/9251,630,9251
correlation,corr_kernel,630,9501,630/9501,0,630,9501,1,2.0,0.0,6783.676,0.0,668582.0,0.0,98.557481,0.0,3391.838,0.0,334291.0,0.0,630.0,9501.0,1,630/9501,630,9501
correlation,corr_kernel,1050,810,1050/405;1050/810,0,1050,810,2,1.0,0.0,5474.228999999999,0.0,228867.0,0.0,41.8079885,0.0,5474.228999999999,0.0,228867.0,0.0,1050.0,810.0,2,1050/405;1050/810,1050,405;810
correlation,corr_kernel,1050,5001,1050/5001,0,1050,5001,1,3.0,0.0,7023.658,0.0,549341.0,0.0,78.212946,0.0,2341.219333333333,0.0,183113.66666666663,0.0,1050.0,5001.0,1,1050/5001,1050,5001
correlation,corr_kernel,1050,9251,1050/9251,0,1050,9251,1,3.0,0.0,6151.424,0.0,644823.0,0.0,104.825,0.0,2050.4746666666665,0.0,214941.0,0.0,1050.0,9251.0,1,1050/9251,1050,9251
correlation,corr_kernel,1050,9501,1050/9501,0,1050,9501,1,3.0,0.0,6151.303,0.0,643648.0,0.0,104.636047,0.0,2050.434333333333,0.0,214549.3333333333,0.0,1050.0,9501.0,1,1050/9501,1050,9501
correlation,corr_kernel,1470,810,1470/405;1470/810,0,1470,810,2,1.5,0.0,7526.4619999999995,0.0,350248.5,0.0,46.523396,0.0,5022.188249999999,0.0,233648.75,0.0,1470.0,810.0,2,1470/405;1470/810,1470,405;810
correlation,corr_kernel,1470,5001,1470/5001,0,1470,5001,1,3.0,0.0,5754.694,0.0,482477.0,0.0,83.840603,0.0,1918.2313333333332,0.0,160825.66666666666,0.0,1470.0,5001.0,1,1470/5001,1470,5001
correlation,corr_kernel,1470,9251,1470/9251,0,1470,9251,1,4.0,0.0,6440.486,0.0,711018.0,0.0,110.398185,0.0,1610.1215,0.0,177754.5,0.0,1470.0,9251.0,1,1470/9251,1470,9251
correlation,corr_kernel,1470,9501,1470/9501,0,1470,9501,1,4.0,0.0,6441.422,0.0,715058.0,0.0,111.009341,0.0,1610.3555,0.0,178764.5,0.0,1470.0,9501.0,1,1470/9501,1470,9501
correlation,corr_kernel,1890,810,1890/405;1890/810,0,1890,810,2,2.0,0.0,9465.9895,0.0,715870.5,0.0,75.62566749999999,0.0,4732.99475,0.0,357935.25,0.0,1890.0,810.0,2,1890/405;1890/810,1890,405;810
correlation,corr_kernel,1890,5001,1890/5001,0,1890,5001,1,4.0,0.0,6610.169,0.0,782735.0,0.0,118.413757,0.0,1652.54225,0.0,195683.75,0.0,1890.0,5001.0,1,1890/5001,1890,5001
correlation,corr_kernel,1890,9251,1890/9251,0,1890,9251,1,4.0,0.0,5505.437,0.0,817662.0,0.0,148.519013,0.0,1376.35925,0.0,204415.5,0.0,1890.0,9251.0,1,1890/9251,1890,9251
correlation,corr_kernel,1890,9501,1890/9501,0,1890,9501,1,4.0,0.0,5505.947,0.0,822224.0,0.0,149.333808,0.0,1376.48675,0.0,205556.0,0.0,1890.0,9501.0,1,1890/9501,1890,9501
correlation,corr_kernel,1950,810,2100/405;2100/810,0,1950,810,2,2.0,0.0,9453.8525,0.0,833401.0,0.0,88.155158,0.0,4726.92625,0.0,416700.5,0.0,1950.0,810.0,2,2100/405;2100/810,2100,405;810
correlation,corr_kernel,1950,9251,2100/9251,0,1950,9251,1,4.0,0.0,5364.968,0.0,889050.0,0.0,165.713935,0.0,1341.242,0.0,222262.5,0.0,1950.0,9251.0,1,2100/9251,2100,9251
correlation,corr_kernel,1965,5001,2100/5001,0,1965,5001,1,4.0,0.0,6496.707,0.0,872941.0,0.0,134.366697,0.0,1624.17675,0.0,218235.25,0.0,1965.0,5001.0,1,2100/5001,2100,5001
correlation,corr_kernel,1965,9501,2100/9501,0,1965,9501,1,4.0,0.0,5363.819,0.0,896061.0,0.0,167.056521,0.0,1340.95475,0.0,224015.25,0.0,1965.0,9501.0,1,2100/9501,2100,9501
correlation,mean_kernel,210,405,210/405,0,210,405,1,791.0,0.0,5003.79,0.0,173906.0,0.0,34.754859,0.0,6.32590391908976,0.0,219.8558786346397,0.0,210.0,405.0,1,210/405,210,405
correlation,mean_kernel,210,810,210/810,0,210,810,1,1273.0,0.0,5000.992,0.0,185723.0,0.0,37.137234,0.0,3.928509033778476,0.0,145.89395129615082,0.0,210.0,810.0,1,210/810,210,810
correlation,mean_kernel,210,5001,210/5001,0,210,5001,1,2340.0,0.0,5000.445,0.0,349018.0,0.0,69.79739,0.0,2.1369423076923075,0.0,149.15299145299144,0.0,210.0,5001.0,1,210/5001,210,5001
correlation,mean_kernel,210,9251,210/9251,0,210,9251,1,2598.0,0.0,5001.265,0.0,465184.0,0.0,93.013265,0.0,1.925044264819092,0.0,179.0546574287914,0.0,210.0,9251.0,1,210/9251,210,9251
correlation,mean_kernel,210,9501,210/9501,0,210,9501,1,2597.0,0.0,5001.413,0.0,463891.0,0.0,92.751996,0.0,1.9258425105891408,0.0,178.62572198690796,0.0,210.0,9501.0,1,210/9501,210,9501
correlation,mean_kernel,630,810,630/405;630/810,0,630,810,2,1595.5,0.0,5001.561,0.0,194562.5,0.0,38.900418,0.0,3.1378299238745346,0.0,122.02847450229439,0.0,630.0,810.0,2,630/405;630/810,630,405;810
correlation,mean_kernel,630,5001,630/5001,0,630,5001,1,4054.0,0.0,5000.807,0.0,362854.0,0.0,72.559094,0.0,1.2335488406512087,0.0,89.50518006906759,0.0,630.0,5001.0,1,630/5001,630,5001
correlation,mean_kernel,630,9251,630/9251,0,630,9251,1,4939.0,0.0,5000.902,0.0,502651.0,0.0,100.512061,0.0,1.0125333063373152,0.0,101.77181615711685,0.0,630.0,9251.0,1,630/9251,630,9251
correlation,mean_kernel,630,9501,630/9501,0,630,9501,1,4936.0,0.0,5000.628,0.0,494320.0,0.0,98.851576,0.0,1.0130931928687197,0.0,100.14586709886548,0.0,630.0,9501.0,1,630/9501,630,9501
correlation,mean_kernel,1050,810,1050/405;1050/810,0,1050,810,2,1767.0,0.0,5002.242,0.0,205109.5,0.0,41.0035135,0.0,2.8309461512543463,0.0,116.07913328277172,0.0,1050.0,810.0,2,1050/405;1050/810,1050,405;810
correlation,mean_kernel,1050,5001,1050/5001,0,1050,5001,1,4944.0,0.0,5000.768,0.0,381115.0,0.0,76.2113,0.0,1.0114822006472493,0.0,77.08636731391586,0.0,1050.0,5001.0,1,1050/5001,1050,5001
correlation,mean_kernel,1050,9251,1050/9251,0,1050,9251,1,6350.0,0.0,5000.414,0.0,512814.0,0.0,102.554307,0.0,0.7874667716535433,0.0,80.75811023622047,0.0,1050.0,9251.0,1,1050/9251,1050,9251
correlation,mean_kernel,1050,9501,1050/9501,0,1050,9501,1,6353.0,0.0,5000.673,0.0,513951.0,0.0,102.776369,0.0,0.7871356839288525,0.0,80.89894538013537,0.0,1050.0,9501.0,1,1050/9501,1050,9501
correlation,mean_kernel,1470,810,1470/405;1470/810,0,1470,810,2,1876.0,0.0,5002.154,0.0,227983.0,0.0,45.576989999999995,0.0,2.6663933901918977,0.0,121.52611940298507,0.0,1470.0,810.0,2,1470/405;1470/810,1470,405;810
correlation,mean_kernel,1470,5001,1470/5001,0,1470,5001,1,5764.0,0.0,5000.836,0.0,414499.0,0.0,82.885943,0.0,0.8675981956974324,0.0,71.9116932685635,0.0,1470.0,5001.0,1,1470/5001,1470,5001
correlation,mean_kernel,1470,9251,1470/9251,0,1470,9251,1,7216.0,0.0,5000.078,0.0,528951.0,0.0,105.788547,0.0,0.6929154656319291,0.0,73.302522172949,0.0,1470.0,9251.0,1,1470/9251,1470,9251
correlation,mean_kernel,1470,9501,1470/9501,0,1470,9501,1,7199.0,0.0,5000.049,0.0,528895.0,0.0,105.777967,0.0,0.6945477149604111,0.0,73.46784275593832,0.0,1470.0,9501.0,1,1470/9501,1470,9501
correlation,mean_kernel,1890,810,1890/405;1890/810,0,1890,810,2,1941.5,0.0,5000.411,0.0,369480.0,0.0,73.889927,0.0,2.5755402047051246,0.0,190.3065605283781,0.0,1890.0,810.0,2,1890/405;1890/810,1890,405;810
correlation,mean_kernel,1890,5001,1890/5001,0,1890,5001,1,6498.0,0.0,5000.077,0.0,576335.0,0.0,115.265221,0.0,0.769479378270237,0.0,88.6942136041859,0.0,1890.0,5001.0,1,1890/5001,1890,5001
correlation,mean_kernel,1890,9251,1890/9251,0,1890,9251,1,8158.0,0.0,5000.387,0.0,701973.0,0.0,140.383728,0.0,0.6129427555773473,0.0,86.04719293944595,0.0,1890.0,9251.0,1,1890/9251,1890,9251
correlation,mean_kernel,1890,9501,1890/9501,0,1890,9501,1,8163.0,0.0,5000.583,0.0,720765.0,0.0,144.136179,0.0,0.6125913267181183,0.0,88.29658213891952,0.0,1890.0,9501.0,1,1890/9501,1890,9501
correlation,mean_kernel,1950,810,2100/405,0,1950,810,1,1950.0,0.0,5002.17,0.0,436055.0,0.0,87.17316,0.0,2.5652153846153847,0.0,223.6179487179487,0.0,1950.0,810.0,1,2100/405,2100,405
correlation,mean_kernel,1950,9501,2100/9501,0,1950,9501,1,8301.0,0.0,5000.057,0.0,781026.0,0.0,156.203431,0.0,0.602343934465727,0.0,94.08818214672932,0.0,1950.0,9501.0,1,2100/9501,2100,9501
correlation,mean_kernel,1965,810,2100/810,0,1965,810,1,1950.0,0.0,5000.376,0.0,426684.0,0.0,85.330384,0.0,2.564295384615385,0.0,218.81230769230768,0.0,1965.0,810.0,1,2100/810,2100,810
correlation,mean_kernel,1965,5001,2100/5001,0,1965,5001,1,6605.0,0.0,5000.028,0.0,629257.0,0.0,125.850687,0.0,0.7570065102195307,0.0,95.26979560938685,0.0,1965.0,5001.0,1,2100/5001,2100,5001
correlation,mean_kernel,1965,9251,2100/9251,0,1965,9251,1,8289.0,0.0,5000.604,0.0,775452.0,0.0,155.071682,0.0,0.6032819399203765,0.0,93.55193630112196,0.0,1965.0,9251.0,1,2100/9251,2100,9251
correlation,reduce_kernel,210,405,210/405,0,210,405,1,4082.0,0.0,5000.924,0.0,194039.0,0.0,38.800627,0.0,1.2251161195492406,0.0,47.53527682508575,0.0,210.0,405.0,1,210/405,210,405
correlation,reduce_kernel,210,810,210/810,0,210,810,1,8938.0,0.0,5000.348,0.0,240010.0,0.0,47.998663,0.0,0.5594481987021706,0.0,26.852763481763255,0.0,210.0,810.0,1,210/810,210,810
correlation,reduce_kernel,210,5001,210/5001,0,210,5001,1,33813.0,0.0,5000.014,0.0,535552.0,0.0,107.110107,0.0,0.1478725342323958,0.0,15.83864194244817,0.0,210.0,5001.0,1,210/5001,210,5001
correlation,reduce_kernel,210,9251,210/9251,0,210,9251,1,35093.0,0.0,5000.018,0.0,708720.0,0.0,141.743488,0.0,0.14247906989998,0.0,20.195480580172685,0.0,210.0,9251.0,1,210/9251,210,9251
correlation,reduce_kernel,210,9501,210/9501,0,210,9501,1,34841.0,0.0,5000.069,0.0,693751.0,0.0,138.74829,0.0,0.143511064550386,0.0,19.91191412416406,0.0,210.0,9501.0,1,210/9501,210,9501
correlation,reduce_kernel,630,810,630/405;630/810,0,630,810,2,8980.5,0.0,5000.1795,0.0,252115.0,0.0,50.421195999999995,0.0,0.5567842300487205,0.0,28.073110357497384,0.0,630.0,810.0,2,630/405;630/810,630,405;810
correlation,reduce_kernel,630,5001,630/5001,0,630,5001,1,59017.0,0.0,5000.082,0.0,679902.0,0.0,135.978182,0.0,0.0847227409051629,0.0,11.520443262110918,0.0,630.0,5001.0,1,630/5001,630,5001
correlation,reduce_kernel,630,9251,630/9251,0,630,9251,1,77574.0,0.0,5000.034,0.0,922770.0,0.0,184.552738,0.0,0.0644550235903782,0.0,11.895351535308222,0.0,630.0,9251.0,1,630/9251,630,9251
correlation,reduce_kernel,630,9501,630/9501,0,630,9501,1,77636.0,0.0,5000.044,0.0,929677.0,0.0,185.933748,0.0,0.064403678705755,0.0,11.974818383224278,0.0,630.0,9501.0,1,630/9501,630,9501
correlation,reduce_kernel,1050,810,1050/405;1050/810,0,1050,810,2,9013.0,0.0,5000.3225,0.0,278745.0,0.0,55.7453895,0.0,0.5547900345824924,0.0,30.927019908667,0.0,1050.0,810.0,2,1050/405;1050/810,1050,405;810
correlation,reduce_kernel,1050,5001,1050/5001,0,1050,5001,1,60822.0,0.0,5000.082,0.0,707429.0,0.0,141.483493,0.0,0.082208444312913,0.0,11.6311367597251,0.0,1050.0,5001.0,1,1050/5001,1050,5001
correlation,reduce_kernel,1050,9251,1050/9251,0,1050,9251,1,99018.0,0.0,5000.027,0.0,1042216.0,0.0,208.44208,0.0,0.0504961421155749,0.0,10.525520612413905,0.0,1050.0,9251.0,1,1050/9251,1050,9251
correlation,reduce_kernel,1050,9501,1050/9501,0,1050,9501,1,100235.0,0.0,5000.009,0.0,1057374.0,0.0,211.474428,0.0,0.0498828652666234,0.0,10.548949967576196,0.0,1050.0,9501.0,1,1050/9501,1050,9501
correlation,reduce_kernel,1470,810,1470/405;1470/810,0,1470,810,2,9031.5,0.0,5000.4215,0.0,311177.5,0.0,62.230267,0.0,0.5536646488793764,0.0,34.45449955362386,0.0,1470.0,810.0,2,1470/405;1470/810,1470,405;810
correlation,reduce_kernel,1470,5001,1470/5001,0,1470,5001,1,61312.0,0.0,5000.049,0.0,755508.0,0.0,151.100124,0.0,0.0815509035751565,0.0,12.322351252609604,0.0,1470.0,5001.0,1,1470/5001,1470,5001
correlation,reduce_kernel,1470,9251,1470/9251,0,1470,9251,1,103344.0,0.0,5000.042,0.0,1106240.0,0.0,221.24612,0.0,0.0483825089023068,0.0,10.704443412292925,0.0,1470.0,9251.0,1,1470/9251,1470,9251
correlation,reduce_kernel,1470,9501,1470/9501,0,1470,9501,1,102549.0,0.0,5000.047,0.0,1108743.0,0.0,221.746521,0.0,0.0487576378121678,0.0,10.811836292894128,0.0,1470.0,9501.0,1,1470/9501,1470,9501
correlation,reduce_kernel,1890,810,1890/405;1890/810,0,1890,810,2,9048.0,0.0,5000.3255,0.0,466661.0,0.0,93.3261125,0.0,0.5526442943746953,0.0,51.5761809104779,0.0,1890.0,810.0,2,1890/405;1890/810,1890,405;810
correlation,reduce_kernel,1890,5001,1890/5001,0,1890,5001,1,61694.0,0.0,5000.034,0.0,1072757.0,0.0,214.549933,0.0,0.0810457094693163,0.0,17.38835218984018,0.0,1890.0,5001.0,1,1890/5001,1890,5001
correlation,reduce_kernel,1890,9251,1890/9251,0,1890,9251,1,106396.0,0.0,5000.02,0.0,1660183.0,0.0,332.035271,0.0,0.0469944358810481,0.0,15.60381029362006,0.0,1890.0,9251.0,1,1890/9251,1890,9251
correlation,reduce_kernel,1890,9501,1890/9501,0,1890,9501,1,107556.0,0.0,5000.051,0.0,1728934.0,0.0,345.783288,0.0,0.0464878853806389,0.0,16.07473316225966,0.0,1890.0,9501.0,1,1890/9501,1890,9501
correlation,reduce_kernel,1920,810,2100/405,0,1920,810,1,9047.0,0.0,5000.108,0.0,558410.0,0.0,111.679579,0.0,0.5526813308278987,0.0,61.72322316790096,0.0,1920.0,810.0,1,2100/405,2100,405
correlation,reduce_kernel,1920,9501,2100/9501,0,1920,9501,1,107226.0,0.0,5000.026,0.0,1731819.0,0.0,346.362007,0.0,0.0466307238915934,0.0,16.15111073806726,0.0,1920.0,9501.0,1,2100/9501,2100,9501
correlation,reduce_kernel,1950,5001,2100/5001,0,1950,5001,1,61406.0,0.0,5000.063,0.0,1227806.0,0.0,245.558083,0.0,0.0814262938475067,0.0,19.99488649317656,0.0,1950.0,5001.0,1,2100/5001,2100,5001
correlation,reduce_kernel,1950,9251,2100/9251,0,1950,9251,1,106377.0,0.0,5000.046,0.0,1726655.0,0.0,345.327796,0.0,0.0470030739727572,0.0,16.23146920856952,0.0,1950.0,9251.0,1,2100/9251,2100,9251
correlation,reduce_kernel,1965,810,2100/810,0,1965,810,1,9036.0,0.0,5000.337,0.0,538557.0,0.0,107.704132,0.0,0.5533794820717132,0.0,59.60126162018592,0.0,1965.0,810.0,1,2100/810,2100,810
correlation,std_kernel,210,405,210/405,0,210,405,1,788.0,0.0,5002.728,0.0,158871.0,0.0,31.756876,0.0,6.348639593908629,0.0,201.61294416243652,0.0,210.0,405.0,1,210/405,210,405
correlation,std_kernel,210,810,210/810,0,210,810,1,1269.0,0.0,5000.851,0.0,186298.0,0.0,37.253263,0.0,3.940780929866036,0.0,146.80693459416864,0.0,210.0,810.0,1,210/810,210,810
correlation,std_kernel,210,5001,210/5001,0,210,5001,1,2323.0,0.0,5000.977,0.0,347879.0,0.0,69.562214,0.0,2.152809728798967,0.0,149.75419715884632,0.0,210.0,5001.0,1,210/5001,210,5001
correlation,std_kernel,210,9251,210/9251,0,210,9251,1,2572.0,0.0,5001.673,0.0,462051.0,0.0,92.379293,0.0,1.9446629082426128,0.0,179.64657853810263,0.0,210.0,9251.0,1,210/9251,210,9251
correlation,std_kernel,210,9501,210/9501,0,210,9501,1,2572.0,0.0,5000.212,0.0,464211.0,0.0,92.838256,0.0,1.944094867807154,0.0,180.48639191290823,0.0,210.0,9501.0,1,210/9501,210,9501
correlation,std_kernel,630,810,630/405;630/810,0,630,810,2,1589.0,0.0,5001.168,0.0,196033.5,0.0,39.1975495,0.0,3.1503561327561327,0.0,123.49348984348984,0.0,630.0,810.0,2,630/405;630/810,630,405;810
correlation,std_kernel,630,5001,630/5001,0,630,5001,1,4005.0,0.0,5000.661,0.0,364006.0,0.0,72.791575,0.0,1.2486044943820225,0.0,90.88789013732834,0.0,630.0,5001.0,1,630/5001,630,5001
correlation,std_kernel,630,9251,630/9251,0,630,9251,1,4872.0,0.0,5000.416,0.0,492236.0,0.0,98.43901,0.0,1.0263579638752054,0.0,101.03366174055829,0.0,630.0,9251.0,1,630/9251,630,9251
correlation,std_kernel,630,9501,630/9501,0,630,9501,1,4871.0,0.0,5001.024,0.0,495139.0,0.0,99.007515,0.0,1.0266934920960789,0.0,101.65037979880928,0.0,630.0,9501.0,1,630/9501,630,9501
correlation,std_kernel,1050,810,1050/405;1050/810,0,1050,810,2,1762.0,0.0,5001.204,0.0,204448.5,0.0,40.8798565,0.0,2.8383903042531142,0.0,116.0336709593029,0.0,1050.0,810.0,2,1050/405;1050/810,1050,405;810
correlation,std_kernel,1050,5001,1050/5001,0,1050,5001,1,4906.0,0.0,5000.347,0.0,380642.0,0.0,76.123122,0.0,1.0192309417040355,0.0,77.58703628210354,0.0,1050.0,5001.0,1,1050/5001,1050,5001
correlation,std_kernel,1050,9251,1050/9251,0,1050,9251,1,6283.0,0.0,5000.352,0.0,513504.0,0.0,102.693579,0.0,0.7958542097724017,0.0,81.72911029762852,0.0,1050.0,9251.0,1,1050/9251,1050,9251
correlation,std_kernel,1050,9501,1050/9501,0,1050,9501,1,6279.0,0.0,5000.052,0.0,514148.0,0.0,102.828536,0.0,0.79631342570473,0.0,81.88373944895685,0.0,1050.0,9501.0,1,1050/9501,1050,9501
correlation,std_kernel,1470,810,1470/405;1470/810,0,1470,810,2,1870.5,0.0,5000.58,0.0,226053.5,0.0,45.205466,0.0,2.673392302151899,0.0,120.85209359289122,0.0,1470.0,810.0,2,1470/405;1470/810,1470,405;810
correlation,std_kernel,1470,5001,1470/5001,0,1470,5001,1,5721.0,0.0,5000.126,0.0,412127.0,0.0,82.423315,0.0,0.8739951057507429,0.0,72.03758084251005,0.0,1470.0,5001.0,1,1470/5001,1470,5001
correlation,std_kernel,1470,9251,1470/9251,0,1470,9251,1,7146.0,0.0,5000.303,0.0,529046.0,0.0,105.802794,0.0,0.6997345368038063,0.0,74.03386509935628,0.0,1470.0,9251.0,1,1470/9251,1470,9251
correlation,std_kernel,1470,9501,1470/9501,0,1470,9501,1,7132.0,0.0,5000.556,0.0,528994.0,0.0,105.787044,0.0,0.7011435782389231,0.0,74.17190128996074,0.0,1470.0,9501.0,1,1470/9501,1470,9501
correlation,std_kernel,1890,810,1890/405;1890/810,0,1890,810,2,1939.0,0.0,5002.5375,0.0,364543.5,0.0,72.8717185,0.0,2.5799574522949973,0.0,188.00593089221246,0.0,1890.0,810.0,2,1890/405;1890/810,1890,405;810
correlation,std_kernel,1890,5001,1890/5001,0,1890,5001,1,6455.0,0.0,5000.029,0.0,560343.0,0.0,112.067943,0.0,0.7745978311386523,0.0,86.80759101471727,0.0,1890.0,5001.0,1,1890/5001,1890,5001
correlation,std_kernel,1890,9251,1890/9251,0,1890,9251,1,8088.0,0.0,5000.19,0.0,702851.0,0.0,140.56486,0.0,0.6182232937685459,0.0,86.90046983184965,0.0,1890.0,9251.0,1,1890/9251,1890,9251
correlation,std_kernel,1890,9501,1890/9501,0,1890,9501,1,8073.0,0.0,5000.055,0.0,703177.0,0.0,140.633862,0.0,0.6193552582683017,0.0,87.10231636318593,0.0,1890.0,9501.0,1,1890/9501,1890,9501
correlation,std_kernel,1950,810,2100/405,0,1950,810,1,1946.0,0.0,5001.58,0.0,425249.0,0.0,85.02294,0.0,2.5701849948612536,0.0,218.5246659815005,0.0,1950.0,810.0,1,2100/405,2100,405
correlation,std_kernel,1950,9501,2100/9501,0,1950,9501,1,8263.0,0.0,5000.568,0.0,782925.0,0.0,156.567218,0.0,0.6051758441244101,0.0,94.75069587316956,0.0,1950.0,9501.0,1,2100/9501,2100,9501
correlation,std_kernel,1965,810,2100/810,0,1965,810,1,1949.0,0.0,5002.119,0.0,421950.0,0.0,84.354248,0.0,2.5665053873781423,0.0,216.49563878912264,0.0,1965.0,810.0,1,2100/810,2100,810
correlation,std_kernel,1965,5001,2100/5001,0,1965,5001,1,6561.0,0.0,5000.743,0.0,629626.0,0.0,125.906498,0.0,0.7621921963115379,0.0,95.96494436823654,0.0,1965.0,5001.0,1,2100/5001,2100,5001
correlation,std_kernel,1965,9251,2100/9251,0,1965,9251,1,8235.0,0.0,5000.272,0.0,779149.0,0.0,155.821324,0.0,0.6071975713418336,0.0,94.61432908318154,0.0,1965.0,9251.0,1,2100/9251,2100,9251
covariance,covar_kernel,210,405,210/405,0,210,405,1,1.0,0.0,13674.357,0.0,463101.0,0.0,33.866381,0.0,13674.357,0.0,463101.0,0.0,210.0,405.0,1,210/405,210,405
covariance,covar_kernel,210,810,210/810,0,210,810,1,1.0,0.0,9643.206,0.0,365790.0,0.0,37.932405,0.0,9643.206,0.0,365790.0,0.0,210.0,810.0,1,210/810,210,810
covariance,covar_kernel,210,5001,210/5001,0,210,5001,1,1.0,0.0,8804.474,0.0,614756.0,0.0,69.823141,0.0,8804.474,0.0,614756.0,0.0,210.0,5001.0,1,210/5001,210,5001
covariance,covar_kernel,210,9251,210/9251,0,210,9251,1,1.0,0.0,8804.157,0.0,812371.0,0.0,92.271296,0.0,8804.157,0.0,812371.0,0.0,210.0,9251.0,1,210/9251,210,9251
covariance,covar_kernel,210,9501,210/9501,0,210,9501,1,1.0,0.0,8804.84,0.0,817257.0,0.0,92.819065,0.0,8804.84,0.0,817257.0,0.0,210.0,9501.0,1,210/9501,210,9501
covariance,covar_kernel,630,810,630/405;630/810,0,630,810,2,1.0,0.0,6433.521000000001,0.0,255834.5,0.0,39.769994499999996,0.0,6433.521000000001,0.0,255834.5,0.0,630.0,810.0,2,630/405;630/810,630,405;810
covariance,covar_kernel,630,5001,630/5001,0,630,5001,1,2.0,0.0,6808.885,0.0,507372.0,0.0,74.516168,0.0,3404.4425,0.0,253686.0,0.0,630.0,5001.0,1,630/5001,630,5001
covariance,covar_kernel,630,9251,630/9251,0,630,9251,1,2.0,0.0,6788.941,0.0,675485.0,0.0,99.497846,0.0,3394.4705,0.0,337742.5,0.0,630.0,9251.0,1,630/9251,630,9251
covariance,covar_kernel,630,9501,630/9501,0,630,9501,1,2.0,0.0,6788.457,0.0,677746.0,0.0,99.838011,0.0,3394.2285,0.0,338873.0,0.0,630.0,9501.0,1,630/9501,630,9501
covariance,covar_kernel,1050,810,1050/405;1050/810,0,1050,810,2,1.0,0.0,5475.4485,0.0,233393.0,0.0,42.6256205,0.0,5475.4485,0.0,233393.0,0.0,1050.0,810.0,2,1050/405;1050/810,1050,405;810
covariance,covar_kernel,1050,5001,1050/5001,0,1050,5001,1,3.0,0.0,7028.808,0.0,560424.0,0.0,79.732443,0.0,2342.936,0.0,186808.0,0.0,1050.0,5001.0,1,1050/5001,1050,5001
covariance,covar_kernel,1050,9251,1050/9251,0,1050,9251,1,3.0,0.0,6155.252,0.0,653489.0,0.0,106.167709,0.0,2051.750666666667,0.0,217829.66666666663,0.0,1050.0,9251.0,1,1050/9251,1050,9251
covariance,covar_kernel,1050,9501,1050/9501,0,1050,9501,1,3.0,0.0,6155.906,0.0,651617.0,0.0,105.852335,0.0,2051.968666666666,0.0,217205.66666666663,0.0,1050.0,9501.0,1,1050/9501,1050,9501
covariance,covar_kernel,1470,810,1470/405;1470/810,0,1470,810,2,1.0,0.0,5024.125,0.0,239864.5,0.0,47.742658,0.0,5024.125,0.0,239864.5,0.0,1470.0,810.0,2,1470/405;1470/810,1470,405;810
covariance,covar_kernel,1470,5001,1470/5001,0,1470,5001,1,3.0,0.0,5755.134,0.0,497925.0,0.0,86.518398,0.0,1918.378,0.0,165975.0,0.0,1470.0,5001.0,1,1470/5001,1470,5001
covariance,covar_kernel,1470,9251,1470/9251,0,1470,9251,1,4.0,0.0,6444.161,0.0,722991.0,0.0,112.193191,0.0,1611.04025,0.0,180747.75,0.0,1470.0,9251.0,1,1470/9251,1470,9251
covariance,covar_kernel,1470,9501,1470/9501,0,1470,9501,1,4.0,0.0,6443.137,0.0,716966.0,0.0,111.275917,0.0,1610.78425,0.0,179241.5,0.0,1470.0,9501.0,1,1470/9501,1470,9501
covariance,covar_kernel,1890,810,1890/405;1890/810,0,1890,810,2,2.0,0.0,9494.454000000002,0.0,734490.5,0.0,77.36050449999999,0.0,4747.227000000001,0.0,367245.25,0.0,1890.0,810.0,2,1890/405;1890/810,1890,405;810
covariance,covar_kernel,1890,5001,1890/5001,0,1890,5001,1,4.0,0.0,6614.641,0.0,800223.0,0.0,120.977539,0.0,1653.66025,0.0,200055.75,0.0,1890.0,5001.0,1,1890/5001,1890,5001
covariance,covar_kernel,1890,9251,1890/9251,0,1890,9251,1,4.0,0.0,5510.642,0.0,833970.0,0.0,151.338095,0.0,1377.6605,0.0,208492.5,0.0,1890.0,9251.0,1,1890/9251,1890,9251
covariance,covar_kernel,1890,9501,1890/9501,0,1890,9501,1,4.0,0.0,5507.221,0.0,837111.0,0.0,152.002443,0.0,1376.80525,0.0,209277.75,0.0,1890.0,9501.0,1,1890/9501,1890,9501
covariance,covar_kernel,1950,810,2100/405;2100/810,0,1950,810,2,2.0,0.0,9433.232,0.0,850422.0,0.0,90.1512665,0.0,4716.616,0.0,425211.0,0.0,1950.0,810.0,2,2100/405;2100/810,2100,405;810
covariance,covar_kernel,1950,9251,2100/9251,0,1950,9251,1,4.0,0.0,5369.769,0.0,904805.0,0.0,168.499798,0.0,1342.44225,0.0,226201.25,0.0,1950.0,9251.0,1,2100/9251,2100,9251
covariance,covar_kernel,1965,5001,2100/5001,0,1965,5001,1,4.0,0.0,6496.446,0.0,892768.0,0.0,137.424056,0.0,1624.1115,0.0,223192.0,0.0,1965.0,5001.0,1,2100/5001,2100,5001
covariance,covar_kernel,1965,9501,2100/9501,0,1965,9501,1,4.0,0.0,5366.507,0.0,909062.0,0.0,169.395464,0.0,1341.62675,0.0,227265.5,0.0,1965.0,9501.0,1,2100/9501,2100,9501
covariance,mean_kernel,210,405,210/405,0,210,405,1,792.0,0.0,5005.706,0.0,175069.0,0.0,34.973887,0.0,6.320335858585858,0.0,221.0467171717172,0.0,210.0,405.0,1,210/405,210,405
covariance,mean_kernel,210,810,210/810,0,210,810,1,1274.0,0.0,5003.093,0.0,188504.0,0.0,37.677494,0.0,3.927074568288854,0.0,147.96232339089482,0.0,210.0,810.0,1,210/810,210,810
covariance,mean_kernel,210,5001,210/5001,0,210,5001,1,2332.0,0.0,5001.016,0.0,350624.0,0.0,70.110552,0.0,2.144518010291595,0.0,150.35334476843911,0.0,210.0,5001.0,1,210/5001,210,5001
covariance,mean_kernel,210,9251,210/9251,0,210,9251,1,2597.0,0.0,5001.644,0.0,467440.0,0.0,93.45727,0.0,1.9259314593762036,0.0,179.99229880631498,0.0,210.0,9251.0,1,210/9251,210,9251
covariance,mean_kernel,210,9501,210/9501,0,210,9501,1,2598.0,0.0,5000.766,0.0,468725.0,0.0,93.730647,0.0,1.9248521939953809,0.0,180.41762894534256,0.0,210.0,9501.0,1,210/9501,210,9501
covariance,mean_kernel,630,810,630/405;630/810,0,630,810,2,1596.0,0.0,5001.989,0.0,195963.5,0.0,39.1771795,0.0,3.1370519385495603,0.0,122.86601796201296,0.0,630.0,810.0,2,630/405;630/810,630,405;810
covariance,mean_kernel,630,5001,630/5001,0,630,5001,1,4056.0,0.0,5000.66,0.0,364246.0,0.0,72.839583,0.0,1.232904339250493,0.0,89.80424063116371,0.0,630.0,5001.0,1,630/5001,630,5001
covariance,mean_kernel,630,9251,630/9251,0,630,9251,1,4941.0,0.0,5000.179,0.0,496235.0,0.0,99.243453,0.0,1.0119771301356002,0.0,100.4320987654321,0.0,630.0,9251.0,1,630/9251,630,9251
covariance,mean_kernel,630,9501,630/9501,0,630,9501,1,4938.0,0.0,5000.053,0.0,498162.0,0.0,99.631349,0.0,1.012566423653301,0.0,100.88335358444716,0.0,630.0,9501.0,1,630/9501,630,9501
covariance,mean_kernel,1050,810,1050/405;1050/810,0,1050,810,2,1767.0,0.0,5001.646000000001,0.0,206253.5,0.0,41.237128,0.0,2.8306083876955954,0.0,116.72627843129216,0.0,1050.0,810.0,2,1050/405;1050/810,1050,405;810
covariance,mean_kernel,1050,5001,1050/5001,0,1050,5001,1,4947.0,0.0,5000.607,0.0,383770.0,0.0,76.744684,0.0,1.0108362644026685,0.0,77.57630887406509,0.0,1050.0,5001.0,1,1050/5001,1050,5001
covariance,mean_kernel,1050,9251,1050/9251,0,1050,9251,1,6356.0,0.0,5000.683,0.0,515419.0,0.0,103.069729,0.0,0.7867657331655129,0.0,81.09172435494021,0.0,1050.0,9251.0,1,1050/9251,1050,9251
covariance,mean_kernel,1050,9501,1050/9501,0,1050,9501,1,6354.0,0.0,5000.321,0.0,518385.0,0.0,103.670348,0.0,0.7869564054139124,0.0,81.58404154863078,0.0,1050.0,9501.0,1,1050/9501,1050,9501
covariance,mean_kernel,1470,810,1470/405;1470/810,0,1470,810,2,1876.0,0.0,5001.422,0.0,230135.0,0.0,46.013879,0.0,2.666003198294243,0.0,122.67324093816632,0.0,1470.0,810.0,2,1470/405;1470/810,1470,405;810
covariance,mean_kernel,1470,5001,1470/5001,0,1470,5001,1,5766.0,0.0,5000.284,0.0,418745.0,0.0,83.74424,0.0,0.8672015261879985,0.0,72.62313562261534,0.0,1470.0,5001.0,1,1470/5001,1470,5001
covariance,mean_kernel,1470,9251,1470/9251,0,1470,9251,1,7223.0,0.0,5000.574,0.0,532707.0,0.0,106.529176,0.0,0.6923126124878859,0.0,73.75148830125987,0.0,1470.0,9251.0,1,1470/9251,1470,9251
covariance,mean_kernel,1470,9501,1470/9501,0,1470,9501,1,7197.0,0.0,5000.485,0.0,534215.0,0.0,106.83264,0.0,0.6948013060997638,0.0,74.22745588439628,0.0,1470.0,9501.0,1,1470/9501,1470,9501
covariance,mean_kernel,1890,810,1890/405;1890/810,0,1890,810,2,1942.5,0.0,5000.905500000001,0.0,379075.0,0.0,75.8012715,0.0,2.574468883652691,0.0,195.14785628305788,0.0,1890.0,810.0,2,1890/405;1890/810,1890,405;810
covariance,mean_kernel,1890,5001,1890/5001,0,1890,5001,1,6499.0,0.0,5000.11,0.0,574165.0,0.0,114.830477,0.0,0.7693660563163564,0.0,88.34666871826435,0.0,1890.0,5001.0,1,1890/5001,1890,5001
covariance,mean_kernel,1890,9251,1890/9251,0,1890,9251,1,8173.0,0.0,5000.507,0.0,706006.0,0.0,141.186888,0.0,0.6118324972470328,0.0,86.38272360210449,0.0,1890.0,9251.0,1,1890/9251,1890,9251
covariance,mean_kernel,1890,9501,1890/9501,0,1890,9501,1,8165.0,0.0,5000.468,0.0,713234.0,0.0,142.633442,0.0,0.6124271892222902,0.0,87.35260257195345,0.0,1890.0,9501.0,1,1890/9501,1890,9501
covariance,mean_kernel,1950,810,2100/405;2100/810,0,1950,810,2,1950.5,0.0,5001.1285,0.0,434197.5,0.0,86.81991249999999,0.0,2.5640240020239453,0.0,222.60871624019242,0.0,1950.0,810.0,2,2100/405;2100/810,2100,405;810
covariance,mean_kernel,1950,5001,2100/5001,0,1950,5001,1,6607.0,0.0,5000.602,0.0,635283.0,0.0,127.041315,0.0,0.7568642349023762,0.0,96.15301952474648,0.0,1950.0,5001.0,1,2100/5001,2100,5001
covariance,mean_kernel,1950,9251,2100/9251,0,1950,9251,1,8302.0,0.0,5000.53,0.0,785951.0,0.0,157.173531,0.0,0.6023283546133461,0.0,94.67007949891592,0.0,1950.0,9251.0,1,2100/9251,2100,9251
covariance,mean_kernel,1950,9501,2100/9501,0,1950,9501,1,8299.0,0.0,5000.573,0.0,792765.0,0.0,158.53484,0.0,0.6025512712374985,0.0,95.5253645017472,0.0,1950.0,9501.0,1,2100/9501,2100,9501
covariance,reduce_kernel,210,405,210/405,0,210,405,1,3968.0,0.0,5000.339,0.0,192789.0,0.0,38.555183,0.0,1.2601660786290323,0.0,48.5859375,0.0,210.0,405.0,1,210/405,210,405
covariance,reduce_kernel,210,810,210/810,0,210,810,1,8936.0,0.0,5000.312,0.0,241374.0,0.0,48.271788,0.0,0.559569382273948,0.0,27.011414503133395,0.0,210.0,810.0,1,210/810,210,810
covariance,reduce_kernel,210,5001,210/5001,0,210,5001,1,47584.0,0.0,5000.04,0.0,585688.0,0.0,117.136673,0.0,0.1050781775386684,0.0,12.30850706119704,0.0,210.0,5001.0,1,210/5001,210,5001
covariance,reduce_kernel,210,9251,210/9251,0,210,9251,1,51411.0,0.0,5000.099,0.0,758376.0,0.0,151.672208,0.0,0.0972573768259711,0.0,14.751240007002393,0.0,210.0,9251.0,1,210/9251,210,9251
covariance,reduce_kernel,210,9501,210/9501,0,210,9501,1,51364.0,0.0,5000.046,0.0,761389.0,0.0,152.276402,0.0,0.0973453391480414,0.0,14.823397710458687,0.0,210.0,9501.0,1,210/9501,210,9501
covariance,reduce_kernel,630,810,630/405;630/810,0,630,810,2,8967.0,0.0,5000.3795,0.0,253011.5,0.0,50.5984575,0.0,0.5576431024111598,0.0,28.215308441657974,0.0,630.0,810.0,2,630/405;630/810,630,405;810
covariance,reduce_kernel,630,5001,630/5001,0,630,5001,1,60374.0,0.0,5000.048,0.0,666813.0,0.0,133.361324,0.0,0.0828179017457846,0.0,11.044704674197504,0.0,630.0,5001.0,1,630/5001,630,5001
covariance,reduce_kernel,630,9251,630/9251,0,630,9251,1,94989.0,0.0,5000.002,0.0,964533.0,0.0,192.906506,0.0,0.0526376948909873,0.0,10.154154691595869,0.0,630.0,9251.0,1,630/9251,630,9251
covariance,reduce_kernel,630,9501,630/9501,0,630,9501,1,94053.0,0.0,5000.004,0.0,961149.0,0.0,192.229631,0.0,0.0531615578450448,0.0,10.21922745685943,0.0,630.0,9501.0,1,630/9501,630,9501
covariance,reduce_kernel,1050,810,1050/405;1050/810,0,1050,810,2,8994.5,0.0,5000.268,0.0,276599.5,0.0,55.316922,0.0,0.55592515364887,0.0,30.75218345830951,0.0,1050.0,810.0,2,1050/405;1050/810,1050,405;810
covariance,reduce_kernel,1050,5001,1050/5001,0,1050,5001,1,60249.0,0.0,5000.04,0.0,669568.0,0.0,133.912541,0.0,0.0829895931882686,0.0,11.1133462796063,0.0,1050.0,5001.0,1,1050/5001,1050,5001
covariance,reduce_kernel,1050,9251,1050/9251,0,1050,9251,1,102832.0,0.0,5000.049,0.0,1005164.0,0.0,201.030837,0.0,0.0486234732379026,0.0,9.774817177532286,0.0,1050.0,9251.0,1,1050/9251,1050,9251
covariance,reduce_kernel,1050,9501,1050/9501,0,1050,9501,1,102822.0,0.0,5000.044,0.0,1019572.0,0.0,203.912588,0.0,0.0486281535080041,0.0,9.91589348582988,0.0,1050.0,9501.0,1,1050/9501,1050,9501
covariance,reduce_kernel,1470,810,1470/405;1470/810,0,1470,810,2,9020.5,0.0,5000.0285,0.0,311633.5,0.0,62.326347,0.0,0.5542962974410528,0.0,34.54753795652911,0.0,1470.0,810.0,2,1470/405;1470/810,1470,405;810
covariance,reduce_kernel,1470,5001,1470/5001,0,1470,5001,1,60061.0,0.0,5000.061,0.0,711191.0,0.0,142.236464,0.0,0.0832497127919948,0.0,11.841144836083314,0.0,1470.0,5001.0,1,1470/5001,1470,5001
covariance,reduce_kernel,1470,9251,1470/9251,0,1470,9251,1,106071.0,0.0,5000.037,0.0,1063916.0,0.0,212.781642,0.0,0.0471385864185309,0.0,10.03022503794628,0.0,1470.0,9251.0,1,1470/9251,1470,9251
covariance,reduce_kernel,1470,9501,1470/9501,0,1470,9501,1,106271.0,0.0,5000.016,0.0,1067637.0,0.0,213.526712,0.0,0.0470496748877868,0.0,10.0463626012741,0.0,1470.0,9501.0,1,1470/9501,1470,9501
covariance,reduce_kernel,1890,810,1890/405;1890/810,0,1890,810,2,9035.5,0.0,5000.443499999999,0.0,463313.5,0.0,92.654477,0.0,0.5534219312693466,0.0,51.27695340707784,0.0,1890.0,810.0,2,1890/405;1890/810,1890,405;810
covariance,reduce_kernel,1890,5001,1890/5001,0,1890,5001,1,60790.0,0.0,4999.999,0.0,993134.0,0.0,198.626858,0.0,0.0822503536765915,0.0,16.337127817075178,0.0,1890.0,5001.0,1,1890/5001,1890,5001
covariance,reduce_kernel,1890,9251,1890/9251,0,1890,9251,1,106912.0,0.0,5000.037,0.0,1474692.0,0.0,294.93624,0.0,0.0467677809787488,0.0,13.793512421430709,0.0,1890.0,9251.0,1,1890/9251,1890,9251
covariance,reduce_kernel,1890,9501,1890/9501,0,1890,9501,1,107804.0,0.0,5000.025,0.0,1540497.0,0.0,308.097835,0.0,0.0463807001595488,0.0,14.289794441764684,0.0,1890.0,9501.0,1,1890/9501,1890,9501
covariance,reduce_kernel,1920,810,2100/405,0,1920,810,1,9032.0,0.0,5000.2,0.0,549852.0,0.0,109.965997,0.0,0.5536093888396811,0.0,60.87821080602303,0.0,1920.0,810.0,1,2100/405,2100,405
covariance,reduce_kernel,1920,9501,2100/9501,0,1920,9501,1,108114.0,0.0,5000.012,0.0,1673880.0,0.0,334.775215,0.0,0.0462475905063174,0.0,15.482546201232031,0.0,1920.0,9501.0,1,2100/9501,2100,9501
covariance,reduce_kernel,1950,5001,2100/5001,0,1950,5001,1,60769.0,0.0,5000.08,0.0,1127769.0,0.0,225.55021,0.0,0.082280109924468,0.0,18.55829452516908,0.0,1950.0,5001.0,1,2100/5001,2100,5001
covariance,reduce_kernel,1950,9251,2100/9251,0,1950,9251,1,107973.0,0.0,5000.008,0.0,1653232.0,0.0,330.645883,0.0,0.0463079473572096,0.0,15.311531586600356,0.0,1950.0,9251.0,1,2100/9251,2100,9251
covariance,reduce_kernel,1965,810,2100/810,0,1965,810,1,9039.0,0.0,5000.127,0.0,534529.0,0.0,106.903075,0.0,0.5531725854629937,0.0,59.13585573625401,0.0,1965.0,810.0,1,2100/810,2100,810
doitgen,kernel1,210,405,210/405,0,210,405,1,38802.0,0.0,5000.005,0.0,182099.0,0.0,36.419761,0.0,0.1288594660069068,0.0,4.693031287047059,0.0,210.0,405.0,1,210/405,210,405
doitgen,kernel1,210,810,210/810,0,210,810,1,42137.0,0.0,5000.069,0.0,192716.0,0.0,38.542669,0.0,0.1186621971189216,0.0,4.573557680898023,0.0,210.0,810.0,1,210/810,210,810
doitgen,kernel1,210,5001,210/5001,0,210,5001,1,42541.0,0.0,5000.087,0.0,354605.0,0.0,70.91976,0.0,0.1175357184833454,0.0,8.335605651019018,0.0,210.0,5001.0,1,210/5001,210,5001
doitgen,kernel1,210,9251,210/9251,0,210,9251,1,43838.0,0.0,5000.071,0.0,469830.0,0.0,93.96466,0.0,0.1140579177882202,0.0,10.717414115607465,0.0,210.0,9251.0,1,210/9251,210,9251
doitgen,kernel1,210,9501,210/9501,0,210,9501,1,43607.0,0.0,5000.119,0.0,469125.0,0.0,93.822774,0.0,0.1146632192079253,0.0,10.758020501295665,0.0,210.0,9501.0,1,210/9501,210,9501
doitgen,kernel1,630,810,630/405;630/810,0,630,810,2,81499.0,0.0,5000.046,0.0,215941.0,0.0,43.187805499999996,0.0,0.061883532169378704,0.0,2.6701499147022276,0.0,630.0,810.0,2,630/405;630/810,630,405;810
doitgen,kernel1,630,5001,630/5001,0,630,5001,1,90666.0,0.0,5000.047,0.0,387614.0,0.0,77.522073,0.0,0.0551479827057551,0.0,4.2751858469547575,0.0,630.0,5001.0,1,630/5001,630,5001
doitgen,kernel1,630,9251,630/9251,0,630,9251,1,96367.0,0.0,5000.021,0.0,508365.0,0.0,101.672583,0.0,0.0518851992902134,0.0,5.275301711166685,0.0,630.0,9251.0,1,630/9251,630,9251
doitgen,kernel1,630,9501,630/9501,0,630,9501,1,96923.0,0.0,5000.01,0.0,510818.0,0.0,102.16339,0.0,0.0515874457043219,0.0,5.270348627260815,0.0,630.0,9501.0,1,630/9501,630,9501
doitgen,kernel1,1050,810,1050/405;1050/810,0,1050,810,2,120462.5,0.0,5000.0165,0.0,248799.0,0.0,49.7596375,0.0,0.0415129983589642,0.0,2.065638114201758,0.0,1050.0,810.0,2,1050/405;1050/810,1050,405;810
doitgen,kernel1,1050,5001,1050/5001,0,1050,5001,1,125380.0,0.0,5000.024,0.0,422151.0,0.0,84.429788,0.0,0.0398789599617163,0.0,3.366972403892168,0.0,1050.0,5001.0,1,1050/5001,1050,5001
doitgen,kernel1,1050,9251,1050/9251,0,1050,9251,1,135795.0,0.0,5000.015,0.0,537292.0,0.0,107.458085,0.0,0.0368203173901837,0.0,3.956640524319747,0.0,1050.0,9251.0,1,1050/9251,1050,9251
doitgen,kernel1,1050,9501,1050/9501,0,1050,9501,1,135177.0,0.0,5000.008,0.0,533511.0,0.0,106.702033,0.0,0.0369886001316792,0.0,3.9467586941565513,0.0,1050.0,9501.0,1,1050/9501,1050,9501
doitgen,kernel1,1470,810,1470/405;1470/810,0,1470,810,2,159046.5,0.0,5000.0115000000005,0.0,304248.5,0.0,60.8495565,0.0,0.031439472725811296,0.0,1.9129545328116229,0.0,1470.0,810.0,2,1470/405;1470/810,1470,405;810
doitgen,kernel1,1470,5001,1470/5001,0,1470,5001,1,159859.0,0.0,5000.029,0.0,450373.0,0.0,90.074072,0.0,0.031277744762572,0.0,2.817314007969524,0.0,1470.0,5001.0,1,1470/5001,1470,5001
doitgen,kernel1,1470,9251,1470/9251,0,1470,9251,1,164397.0,0.0,5000.026,0.0,580942.0,0.0,116.187787,0.0,0.0304143384611641,0.0,3.533774947231397,0.0,1470.0,9251.0,1,1470/9251,1470,9251
doitgen,kernel1,1470,9501,1470/9501,0,1470,9501,1,164640.0,0.0,5000.02,0.0,586952.0,0.0,117.389941,0.0,0.0303694120505345,0.0,3.5650631681243925,0.0,1470.0,9501.0,1,1470/9501,1470,9501
doitgen,kernel1,1890,810,1890/405;1890/810,0,1890,810,2,197184.5,0.0,5000.0095,0.0,525549.0,0.0,105.1095995,0.0,0.02535970237168015,0.0,2.665419916097183,0.0,1890.0,810.0,2,1890/405;1890/810,1890,405;810
doitgen,kernel1,1890,5001,1890/5001,0,1890,5001,1,196343.0,0.0,5000.024,0.0,707284.0,0.0,141.456123,0.0,0.0254657614480781,0.0,3.602287833026897,0.0,1890.0,5001.0,1,1890/5001,1890,5001
doitgen,kernel1,1890,9251,1890/9251,0,1890,9251,1,200193.0,0.0,5000.009,0.0,816807.0,0.0,163.361097,0.0,0.0249759432147977,0.0,4.080097705713986,0.0,1890.0,9251.0,1,1890/9251,1890,9251
doitgen,kernel1,1890,9501,1890/9501,0,1890,9501,1,201125.0,0.0,5000.011,0.0,819040.0,0.0,163.807632,0.0,0.0248602162834058,0.0,4.072293349906775,0.0,1890.0,9501.0,1,1890/9501,1890,9501
doitgen,kernel1,1950,5001,2100/5001,0,1950,5001,1,207595.0,0.0,5000.002,0.0,818446.0,0.0,163.689136,0.0,0.0240853681447048,0.0,3.942513066306992,0.0,1950.0,5001.0,1,2100/5001,2100,5001
doitgen,kernel1,1965,810,2100/405;2100/810,0,1965,810,2,202657.0,0.0,5000.011,0.0,623832.0,0.0,124.766118,0.0,0.02467535193388985,0.0,3.0783167523613066,0.0,1965.0,810.0,2,2100/405;2100/810,2100,405;810
doitgen,kernel1,1965,9251,2100/9251,0,1965,9251,1,206794.0,0.0,5000.002,0.0,936241.0,0.0,187.248109,0.0,0.0241786608895809,0.0,4.5274089190208615,0.0,1965.0,9251.0,1,2100/9251,2100,9251
doitgen,kernel1,1965,9501,2100/9501,0,1965,9501,1,203557.0,0.0,5000.017,0.0,939432.0,0.0,187.885776,0.0,0.0245632279901943,0.0,4.61508078818218,0.0,1965.0,9501.0,1,2100/9501,2100,9501
doitgen,kernel2,210,405,210/405,0,210,405,1,374563.0,0.0,5000.009,0.0,154915.0,0.0,30.982946,0.0,0.013348913266927,0.0,0.4135886352896575,0.0,210.0,405.0,1,210/405,210,405
doitgen,kernel2,210,810,210/810,0,210,810,1,447308.0,0.0,5000.011,0.0,177577.0,0.0,35.515324,0.0,0.011178004864657,0.0,0.3969904405912704,0.0,210.0,810.0,1,210/810,210,810
doitgen,kernel2,210,5001,210/5001,0,210,5001,1,429117.0,0.0,5000.014,0.0,336603.0,0.0,67.320416,0.0,0.0116518665072695,0.0,0.7844084480456379,0.0,210.0,5001.0,1,210/5001,210,5001
doitgen,kernel2,210,9251,210/9251,0,210,9251,1,471260.0,0.0,5000.012,0.0,444520.0,0.0,88.903783,0.0,0.0106098798964478,0.0,0.9432584984934008,0.0,210.0,9251.0,1,210/9251,210,9251
doitgen,kernel2,210,9501,210/9501,0,210,9501,1,487280.0,0.0,5000.007,0.0,448565.0,0.0,89.712877,0.0,0.010261055245444,0.0,0.9205487604662616,0.0,210.0,9501.0,1,210/9501,210,9501
doitgen,kernel2,630,810,630/405;630/810,0,630,810,2,538040.5,0.0,5000.014,0.0,189265.5,0.0,37.852995,0.0,0.00935229675537565,0.0,0.3538830665290393,0.0,630.0,810.0,2,630/405;630/810,630,405;810
doitgen,kernel2,630,5001,630/5001,0,630,5001,1,599366.0,0.0,5000.013,0.0,351408.0,0.0,70.281415,0.0,0.0083421698928534,0.0,0.5862995231628088,0.0,630.0,5001.0,1,630/5001,630,5001
doitgen,kernel2,630,9251,630/9251,0,630,9251,1,706448.0,0.0,5000.012,0.0,464641.0,0.0,92.927982,0.0,0.0070776787534255,0.0,0.6577143682196,0.0,630.0,9251.0,1,630/9251,630,9251
doitgen,kernel2,630,9501,630/9501,0,630,9501,1,705995.0,0.0,5000.012,0.0,466973.0,0.0,93.394381,0.0,0.0070822201290377,0.0,0.6614395286085596,0.0,630.0,9501.0,1,630/9501,630,9501
doitgen,kernel2,1050,810,1050/405;1050/810,0,1050,810,2,632983.5,0.0,5000.0064999999995,0.0,201795.5,0.0,40.3590485,0.0,0.00791149344644955,0.0,0.3192335134760522,0.0,1050.0,810.0,2,1050/405;1050/810,1050,405;810
doitgen,kernel2,1050,5001,1050/5001,0,1050,5001,1,720689.0,0.0,5000.008,0.0,363176.0,0.0,72.635079,0.0,0.0069378164506465,0.0,0.5039288791697945,0.0,1050.0,5001.0,1,1050/5001,1050,5001
doitgen,kernel2,1050,9251,1050/9251,0,1050,9251,1,782251.0,0.0,5000.012,0.0,486362.0,0.0,97.272163,0.0,0.0063918256416418,0.0,0.6217467283518973,0.0,1050.0,9251.0,1,1050/9251,1050,9251
doitgen,kernel2,1050,9501,1050/9501,0,1050,9501,1,795288.0,0.0,5000.007,0.0,495675.0,0.0,99.134855,0.0,0.0062870394121374,0.0,0.6232647795515587,0.0,1050.0,9501.0,1,1050/9501,1050,9501
doitgen,kernel2,1470,810,1470/405;1470/810,0,1470,810,2,777813.0,0.0,5000.0085,0.0,223816.0,0.0,44.763126,0.0,0.00642852848647215,0.0,0.2877566741034149,0.0,1470.0,810.0,2,1470/405;1470/810,1470,405;810
doitgen,kernel2,1470,5001,1470/5001,0,1470,5001,1,748208.0,0.0,5000.015,0.0,391832.0,0.0,78.366163,0.0,0.0066826537540363,0.0,0.523693946068473,0.0,1470.0,5001.0,1,1470/5001,1470,5001
doitgen,kernel2,1470,9251,1470/9251,0,1470,9251,1,830559.0,0.0,5000.01,0.0,510551.0,0.0,102.109991,0.0,0.0060200539636558,0.0,0.6147076848243171,0.0,1470.0,9251.0,1,1470/9251,1470,9251
doitgen,kernel2,1470,9501,1470/9501,0,1470,9501,1,827390.0,0.0,5000.008,0.0,511312.0,0.0,102.26224,0.0,0.0060431090537714,0.0,0.617981846529448,0.0,1470.0,9501.0,1,1470/9501,1470,9501
doitgen,kernel2,1890,810,1890/405;1890/810,0,1890,810,2,795465.5,0.0,5000.0125,0.0,358540.0,0.0,71.70782249999999,0.0,0.00631122273964695,0.0,0.45201902257353654,0.0,1890.0,810.0,2,1890/405;1890/810,1890,405;810
doitgen,kernel2,1890,5001,1890/5001,0,1890,5001,1,889906.0,0.0,5000.014,0.0,525667.0,0.0,105.133113,0.0,0.0056185866821889,0.0,0.5906994671347311,0.0,1890.0,5001.0,1,1890/5001,1890,5001
doitgen,kernel2,1890,9251,1890/9251,0,1890,9251,1,895001.0,0.0,5000.007,0.0,659250.0,0.0,131.84982,0.0,0.0055865937579958,0.0,0.7365913557638483,0.0,1890.0,9251.0,1,1890/9251,1890,9251
doitgen,kernel2,1890,9501,1890/9501,0,1890,9501,1,893926.0,0.0,5000.007,0.0,672254.0,0.0,134.450603,0.0,0.0055933119743692,0.0,0.7520242167696207,0.0,1890.0,9501.0,1,1890/9501,1890,9501
doitgen,kernel2,1950,810,2100/405,0,1950,810,1,857734.0,0.0,5000.007,0.0,434688.0,0.0,86.937473,0.0,0.0058293212114711,0.0,0.506786486253314,0.0,1950.0,810.0,1,2100/405,2100,405
doitgen,kernel2,1950,9501,2100/9501,0,1950,9501,1,906080.0,0.0,5000.008,0.0,737118.0,0.0,147.423355,0.0,0.005518285361116,0.0,0.8135241921243157,0.0,1950.0,9501.0,1,2100/9501,2100,9501
doitgen,kernel2,1965,810,2100/810,0,1965,810,1,865326.0,0.0,5000.003,0.0,432445.0,0.0,86.488941,0.0,0.0057781726193365,0.0,0.4997480718249538,0.0,1965.0,810.0,1,2100/810,2100,810
doitgen,kernel2,1965,5001,2100/5001,0,1965,5001,1,916643.0,0.0,5000.008,0.0,610783.0,0.0,122.156397,0.0,0.0054546950121257,0.0,0.6663259305967536,0.0,1965.0,5001.0,1,2100/5001,2100,5001
doitgen,kernel2,1965,9251,2100/9251,0,1965,9251,1,905662.0,0.0,5000.007,0.0,729068.0,0.0,145.813386,0.0,0.0055208311710108,0.0,0.8050111410217057,0.0,1965.0,9251.0,1,2100/9251,2100,9251
euler3d,compute_flux,210,405,210/405,0,210,405,1,13339.0,0.0,5000.266,0.0,206686.0,0.0,41.335004,0.0,0.374860634230452,0.0,15.494864682509933,0.0,210.0,405.0,1,210/405,210,405
euler3d,compute_flux,210,810,210/810,0,210,810,1,25767.0,0.0,5000.056,0.0,268530.0,0.0,53.705402,0.0,0.1940488221368417,0.0,10.421469321224825,0.0,210.0,810.0,1,210/810,210,810
euler3d,compute_flux,210,5001,210/5001,0,210,5001,1,40692.0,0.0,5000.043,0.0,450655.0,0.0,90.130217,0.0,0.1228753317605426,0.0,11.074781283790426,0.0,210.0,5001.0,1,210/5001,210,5001
euler3d,compute_flux,210,9251,210/9251,0,210,9251,1,41494.0,0.0,5000.032,0.0,586456.0,0.0,117.290444,0.0,0.1205001204993493,0.0,14.133513279028293,0.0,210.0,9251.0,1,210/9251,210,9251
euler3d,compute_flux,210,9501,210/9501,0,210,9501,1,41258.0,0.0,5000.01,0.0,587980.0,0.0,117.59577,0.0,0.1211888603422366,0.0,14.251296718212226,0.0,210.0,9501.0,1,210/9501,210,9501
euler3d,compute_flux,630,810,630/405;630/810,0,630,810,2,29900.0,0.0,5000.126,0.0,295216.0,0.0,59.0417155,0.0,0.1672528268379997,0.0,9.872676246335079,0.0,630.0,810.0,2,630/405;630/810,630,405;810
euler3d,compute_flux,630,5001,630/5001,0,630,5001,1,92600.0,0.0,5000.036,0.0,598915.0,0.0,119.782134,0.0,0.0539960691144708,0.0,6.467764578833694,0.0,630.0,5001.0,1,630/5001,630,5001
euler3d,compute_flux,630,9251,630/9251,0,630,9251,1,96617.0,0.0,5000.007,0.0,756945.0,0.0,151.388793,0.0,0.0517507995487336,0.0,7.834490824596085,0.0,630.0,9251.0,1,630/9251,630,9251
euler3d,compute_flux,630,9501,630/9501,0,630,9501,1,95264.0,0.0,5000.03,0.0,758769.0,0.0,151.752881,0.0,0.052486038797447,0.0,7.964908045011756,0.0,630.0,9501.0,1,630/9501,630,9501
euler3d,compute_flux,1050,810,1050/405;1050/810,0,1050,810,2,31535.5,0.0,5000.0535,0.0,323382.5,0.0,64.67581150000001,0.0,0.15855330938299245,0.0,10.25456142161914,0.0,1050.0,810.0,2,1050/405;1050/810,1050,405;810
euler3d,compute_flux,1050,5001,1050/5001,0,1050,5001,1,122107.0,0.0,5000.003,0.0,692555.0,0.0,138.510905,0.0,0.0409477179850459,0.0,5.671705962803116,0.0,1050.0,5001.0,1,1050/5001,1050,5001
euler3d,compute_flux,1050,9251,1050/9251,0,1050,9251,1,145347.0,0.0,5000.011,0.0,900936.0,0.0,180.186813,0.0,0.0344005105024527,0.0,6.19851802926789,0.0,1050.0,9251.0,1,1050/9251,1050,9251
euler3d,compute_flux,1050,9501,1050/9501,0,1050,9501,1,143090.0,0.0,5000.015,0.0,899249.0,0.0,179.849273,0.0,0.034943147669299,0.0,6.2844992661961,0.0,1050.0,9501.0,1,1050/9501,1050,9501
euler3d,compute_flux,1470,810,1470/405;1470/810,0,1470,810,2,32322.5,0.0,5000.082,0.0,366178.0,0.0,73.2343875,0.0,0.15469354166459795,0.0,11.328886773723209,0.0,1470.0,810.0,2,1470/405;1470/810,1470,405;810
euler3d,compute_flux,1470,5001,1470/5001,0,1470,5001,1,142352.0,0.0,5000.029,0.0,798540.0,0.0,159.707064,0.0,0.0351244028886141,0.0,5.609615600764303,0.0,1470.0,5001.0,1,1470/5001,1470,5001
euler3d,compute_flux,1470,9251,1470/9251,0,1470,9251,1,174109.0,0.0,5000.026,0.0,1018528.0,0.0,203.704526,0.0,0.0287177917281702,0.0,5.849944574950175,0.0,1470.0,9251.0,1,1470/9251,1470,9251
euler3d,compute_flux,1470,9501,1470/9501,0,1470,9501,1,171380.0,0.0,5000.004,0.0,1012031.0,0.0,202.406022,0.0,0.0291749562376006,0.0,5.905187303069203,0.0,1470.0,9501.0,1,1470/9501,1470,9501
euler3d,compute_flux,1890,810,1890/405;1890/810,0,1890,810,2,32860.5,0.0,5000.0165,0.0,596451.0,0.0,119.2898105,0.0,0.15215930282806023,0.0,18.150723456856802,0.0,1890.0,810.0,2,1890/405;1890/810,1890,405;810
euler3d,compute_flux,1890,5001,1890/5001,0,1890,5001,1,157759.0,0.0,5000.009,0.0,1295479.0,0.0,259.095319,0.0,0.0316939699161379,0.0,8.211759709430208,0.0,1890.0,5001.0,1,1890/5001,1890,5001
euler3d,compute_flux,1890,9251,1890/9251,0,1890,9251,1,199823.0,0.0,5000.015,0.0,1679043.0,0.0,335.807616,0.0,0.025022219664403,0.0,8.402651346441601,0.0,1890.0,9251.0,1,1890/9251,1890,9251
euler3d,compute_flux,1890,9501,1890/9501,0,1890,9501,1,199358.0,0.0,5000.024,0.0,1756905.0,0.0,351.379319,0.0,0.0250806288185074,0.0,8.812814133368112,0.0,1890.0,9501.0,1,1890/9501,1890,9501
euler3d,compute_flux,1935,810,2100/405,0,1935,810,1,32887.0,0.0,5000.095,0.0,717684.0,0.0,143.534081,0.0,0.1520386474898896,0.0,21.82272630522699,0.0,1935.0,810.0,1,2100/405,2100,405
euler3d,compute_flux,1935,5001,2100/5001,0,1935,5001,1,161701.0,0.0,5000.024,0.0,1506439.0,0.0,301.286358,0.0,0.0309214166888269,0.0,9.316200889295676,0.0,1935.0,5001.0,1,2100/5001,2100,5001
euler3d,compute_flux,1935,9501,2100/9501,0,1935,9501,1,195144.0,0.0,5000.015,0.0,1714410.0,0.0,342.880995,0.0,0.0256221815684827,0.0,8.785358504488993,0.0,1935.0,9501.0,1,2100/9501,2100,9501
euler3d,compute_flux,1950,9251,2100/9251,0,1950,9251,1,199418.0,0.0,5000.016,0.0,1721439.0,0.0,344.286724,0.0,0.0250730425538316,0.0,8.632315036756962,0.0,1950.0,9251.0,1,2100/9251,2100,9251
euler3d,compute_flux,1965,810,2100/810,0,1965,810,1,33030.0,0.0,5000.131,0.0,698044.0,0.0,139.605133,0.0,0.1513815016651529,0.0,21.13363608840448,0.0,1965.0,810.0,1,2100/810,2100,810
euler3d,compute_step_factor,210,405,210/405,0,210,405,1,189080.0,0.0,5000.019,0.0,196972.0,0.0,39.39425,0.0,0.0264439337846414,0.0,1.0417389464776814,0.0,210.0,405.0,1,210/405,210,405
euler3d,compute_step_factor,210,810,210/810,0,210,810,1,210185.0,0.0,5000.011,0.0,208568.0,0.0,41.71351,0.0,0.0237886195494445,0.0,0.9923067773627996,0.0,210.0,810.0,1,210/810,210,810
euler3d,compute_step_factor,210,5001,210/5001,0,210,5001,1,213593.0,0.0,5000.021,0.0,371517.0,0.0,74.303088,0.0,0.0234091051673041,0.0,1.7393687995393108,0.0,210.0,5001.0,1,210/5001,210,5001
euler3d,compute_step_factor,210,9251,210/9251,0,210,9251,1,218814.0,0.0,5000.026,0.0,493655.0,0.0,98.730489,0.0,0.0228505762885372,0.0,2.256048516091292,0.0,210.0,9251.0,1,210/9251,210,9251
euler3d,compute_step_factor,210,9501,210/9501,0,210,9501,1,213685.0,0.0,5000.018,0.0,493082.0,0.0,98.616044,0.0,0.0233990125652245,0.0,2.3075180756721343,0.0,210.0,9501.0,1,210/9501,210,9501
euler3d,compute_step_factor,630,810,630/405;630/810,0,630,810,2,357992.5,0.0,5000.0115000000005,0.0,243430.0,0.0,48.685891,0.0,0.01407815182102905,0.0,0.6839359363611139,0.0,630.0,810.0,2,630/405;630/810,630,405;810
euler3d,compute_step_factor,630,5001,630/5001,0,630,5001,1,400154.0,0.0,5000.015,0.0,424147.0,0.0,84.829151,0.0,0.0124952268376675,0.0,1.0599594156249843,0.0,630.0,5001.0,1,630/5001,630,5001
euler3d,compute_step_factor,630,9251,630/9251,0,630,9251,1,401228.0,0.0,5000.008,0.0,530292.0,0.0,106.058234,0.0,0.0124617623894643,0.0,1.3216724655308203,0.0,630.0,9251.0,1,630/9251,630,9251
euler3d,compute_step_factor,630,9501,630/9501,0,630,9501,1,401150.0,0.0,5000.013,0.0,531277.0,0.0,106.25513,0.0,0.0124641979309485,0.0,1.3243848934313849,0.0,630.0,9501.0,1,630/9501,630,9501
euler3d,compute_step_factor,1050,810,1050/405;1050/810,0,1050,810,2,471206.5,0.0,5000.011,0.0,286099.0,0.0,57.219677000000004,0.0,0.01061166108640585,0.0,0.6071988259371335,0.0,1050.0,810.0,2,1050/405;1050/810,1050,405;810
euler3d,compute_step_factor,1050,5001,1050/5001,0,1050,5001,1,495525.0,0.0,5000.015,0.0,441539.0,0.0,88.307541,0.0,0.010090338529842,0.0,0.891052923666818,0.0,1050.0,5001.0,1,1050/5001,1050,5001
euler3d,compute_step_factor,1050,9251,1050/9251,0,1050,9251,1,508868.0,0.0,5000.008,0.0,569900.0,0.0,113.979822,0.0,0.009825746559029,0.0,1.119936800899251,0.0,1050.0,9251.0,1,1050/9251,1050,9251
euler3d,compute_step_factor,1050,9501,1050/9501,0,1050,9501,1,516048.0,0.0,5000.013,0.0,573565.0,0.0,114.712709,0.0,0.0096890463677797,0.0,1.1114566861997333,0.0,1050.0,9501.0,1,1050/9501,1050,9501
euler3d,compute_step_factor,1470,810,1470/405;1470/810,0,1470,810,2,565069.5,0.0,5000.008,0.0,337010.5,0.0,67.401995,0.0,0.0088487340496515,0.0,0.5964294982361438,0.0,1470.0,810.0,2,1470/405;1470/810,1470,405;810
euler3d,compute_step_factor,1470,5001,1470/5001,0,1470,5001,1,585957.0,0.0,5000.008,0.0,485547.0,0.0,97.109248,0.0,0.0085330630063298,0.0,0.828639302884,0.0,1470.0,5001.0,1,1470/5001,1470,5001
euler3d,compute_step_factor,1470,9251,1470/9251,0,1470,9251,1,571527.0,0.0,5000.015,0.0,614194.0,0.0,122.83844,0.0,0.0087485193175475,0.0,1.074654390781188,0.0,1470.0,9251.0,1,1470/9251,1470,9251
euler3d,compute_step_factor,1470,9501,1470/9501,0,1470,9501,1,594804.0,0.0,5000.006,0.0,619955.0,0.0,123.990855,0.0,0.0084061405101512,0.0,1.0422845172527422,0.0,1470.0,9501.0,1,1470/9501,1470,9501
euler3d,compute_step_factor,1890,810,1890/405;1890/810,0,1890,810,2,641712.5,0.0,5000.01,0.0,580009.5,0.0,116.001673,0.0,0.0077916932391581,0.0,0.9038471961702992,0.0,1890.0,810.0,2,1890/405;1890/810,1890,405;810
euler3d,compute_step_factor,1890,5001,1890/5001,0,1890,5001,1,635848.0,0.0,5000.005,0.0,762075.0,0.0,152.414836,0.0,0.0078635224141618,0.0,1.198517570236912,0.0,1890.0,5001.0,1,1890/5001,1890,5001
euler3d,compute_step_factor,1890,9251,1890/9251,0,1890,9251,1,670926.0,0.0,5000.009,0.0,879501.0,0.0,175.899891,0.0,0.007452400115661,0.0,1.3108763112474402,0.0,1890.0,9251.0,1,1890/9251,1890,9251
euler3d,compute_step_factor,1890,9501,1890/9501,0,1890,9501,1,680604.0,0.0,5000.006,0.0,894964.0,0.0,178.992573,0.0,0.0073464246463435,0.0,1.314955539491393,0.0,1890.0,9501.0,1,1890/9501,1890,9501
euler3d,compute_step_factor,1950,9501,2100/9501,0,1950,9501,1,687205.0,0.0,5000.002,0.0,1026532.0,0.0,205.3063,0.0,0.0072758521838461,0.0,1.4937784212862246,0.0,1950.0,9501.0,1,2100/9501,2100,9501
euler3d,compute_step_factor,1965,810,2100/405;2100/810,0,1965,810,2,667035.0,0.0,5000.0085,0.0,719428.5,0.0,143.88545399999998,0.0,0.00749587135236915,0.0,1.078545624201639,0.0,1965.0,810.0,2,2100/405;2100/810,2100,405;810
euler3d,compute_step_factor,1965,5001,2100/5001,0,1965,5001,1,689317.0,0.0,5000.007,0.0,900375.0,0.0,180.074736,0.0,0.0072535669365473,0.0,1.306184237440829,0.0,1965.0,5001.0,1,2100/5001,2100,5001
euler3d,compute_step_factor,1965,9251,2100/9251,0,1965,9251,1,644016.0,0.0,5000.003,0.0,998700.0,0.0,199.739883,0.0,0.0077637869245484,0.0,1.5507378698665872,0.0,1965.0,9251.0,1,2100/9251,2100,9251
euler3d,time_step,210,405,210/405,0,210,405,1,75806.0,0.0,5000.059,0.0,201175.0,0.0,40.234525,0.0,0.0659586180513415,0.0,2.653813682294277,0.0,210.0,405.0,1,210/405,210,405
euler3d,time_step,210,810,210/810,0,210,810,1,137723.0,0.0,5000.032,0.0,230763.0,0.0,46.152303,0.0,0.0363049889996587,0.0,1.6755589117286147,0.0,210.0,810.0,1,210/810,210,810
euler3d,time_step,210,5001,210/5001,0,210,5001,1,210604.0,0.0,5000.016,0.0,425322.0,0.0,85.064126,0.0,0.0237413154545972,0.0,2.0195342918463086,0.0,210.0,5001.0,1,210/5001,210,5001
euler3d,time_step,210,9251,210/9251,0,210,9251,1,219722.0,0.0,5000.022,0.0,552101.0,0.0,110.419715,0.0,0.0227561281983597,0.0,2.5127251708977707,0.0,210.0,9251.0,1,210/9251,210,9251
euler3d,time_step,210,9501,210/9501,0,210,9501,1,219654.0,0.0,5000.022,0.0,554909.0,0.0,110.981312,0.0,0.0227631729902482,0.0,2.526286796507234,0.0,210.0,9501.0,1,210/9501,210,9501
euler3d,time_step,630,810,630/405;630/810,0,630,810,2,152073.0,0.0,5000.014499999999,0.0,247194.5,0.0,49.438758,0.0,0.032984112216928096,0.0,1.628762785000482,0.0,630.0,810.0,2,630/405;630/810,630,405;810
euler3d,time_step,630,5001,630/5001,0,630,5001,1,367611.0,0.0,5000.019,0.0,472071.0,0.0,94.41384,0.0,0.0136013857039098,0.0,1.2841590703216172,0.0,630.0,5001.0,1,630/5001,630,5001
euler3d,time_step,630,9251,630/9251,0,630,9251,1,413142.0,0.0,5000.014,0.0,635688.0,0.0,127.137252,0.0,0.0121024103092883,0.0,1.5386670926703168,0.0,630.0,9251.0,1,630/9251,630,9251
euler3d,time_step,630,9501,630/9501,0,630,9501,1,396919.0,0.0,5000.01,0.0,631200.0,0.0,126.239741,0.0,0.012597053806948,0.0,1.5902488920913336,0.0,630.0,9501.0,1,630/9501,630,9501
euler3d,time_step,1050,810,1050/405;1050/810,0,1050,810,2,159110.0,0.0,5000.0244999999995,0.0,276832.0,0.0,55.3661295,0.0,0.03142583239582625,0.0,1.7398600738610952,0.0,1050.0,810.0,2,1050/405;1050/810,1050,405;810
euler3d,time_step,1050,5001,1050/5001,0,1050,5001,1,423702.0,0.0,5000.014,0.0,516637.0,0.0,103.327117,0.0,0.0118007797933453,0.0,1.2193404798655658,0.0,1050.0,5001.0,1,1050/5001,1050,5001
euler3d,time_step,1050,9251,1050/9251,0,1050,9251,1,512943.0,0.0,5000.011,0.0,686157.0,0.0,137.231105,0.0,0.0097476932134759,0.0,1.3376866435451893,0.0,1050.0,9251.0,1,1050/9251,1050,9251
euler3d,time_step,1050,9501,1050/9501,0,1050,9501,1,508328.0,0.0,5000.008,0.0,689822.0,0.0,137.964171,0.0,0.0098361845107883,0.0,1.3570411230544055,0.0,1050.0,9501.0,1,1050/9501,1050,9501
euler3d,time_step,1470,810,1470/405;1470/810,0,1470,810,2,165903.0,0.0,5000.017,0.0,315474.0,0.0,63.0945875,0.0,0.03013947968084845,0.0,1.901559860924234,0.0,1470.0,810.0,2,1470/405;1470/810,1470,405;810
euler3d,time_step,1470,5001,1470/5001,0,1470,5001,1,443115.0,0.0,5000.006,0.0,560828.0,0.0,112.165469,0.0,0.0112837660652426,0.0,1.2656488721889352,0.0,1470.0,5001.0,1,1470/5001,1470,5001
euler3d,time_step,1470,9251,1470/9251,0,1470,9251,1,518708.0,0.0,5000.01,0.0,744309.0,0.0,148.861509,0.0,0.0096393539332341,0.0,1.4349287074808947,0.0,1470.0,9251.0,1,1470/9251,1470,9251
euler3d,time_step,1470,9501,1470/9501,0,1470,9501,1,521538.0,0.0,5000.011,0.0,732810.0,0.0,146.561685,0.0,0.0095870502245282,0.0,1.4050941638001448,0.0,1470.0,9501.0,1,1470/9501,1470,9501
euler3d,time_step,1890,810,1890/405;1890/810,0,1890,810,2,171184.5,0.0,5000.0165,0.0,497963.5,0.0,99.59236949999999,0.0,0.0292083554555196,0.0,2.9089278697782284,0.0,1890.0,810.0,2,1890/405;1890/810,1890,405;810
euler3d,time_step,1890,5001,1890/5001,0,1890,5001,1,485188.0,0.0,5000.009,0.0,874386.0,0.0,174.876893,0.0,0.0103053022745822,0.0,1.802159163046077,0.0,1890.0,5001.0,1,1890/5001,1890,5001
euler3d,time_step,1890,9251,1890/9251,0,1890,9251,1,580066.0,0.0,5000.008,0.0,1035785.0,0.0,207.156676,0.0,0.0086197225832922,0.0,1.7856330141742491,0.0,1890.0,9251.0,1,1890/9251,1890,9251
euler3d,time_step,1890,9501,1890/9501,0,1890,9501,1,541656.0,0.0,5000.004,0.0,1020594.0,0.0,204.118641,0.0,0.0092309583942576,0.0,1.884210642917276,0.0,1890.0,9501.0,1,1890/9501,1890,9501
euler3d,time_step,1935,810,2100/810,0,1935,810,1,171426.0,0.0,5000.018,0.0,573332.0,0.0,114.665986,0.0,0.0291672091748042,0.0,3.344486833969176,0.0,1935.0,810.0,1,2100/810,2100,810
euler3d,time_step,1950,5001,2100/5001,0,1950,5001,1,487159.0,0.0,5000.006,0.0,980037.0,0.0,196.00717,0.0,0.0102636018219924,0.0,2.0117394936766027,0.0,1950.0,5001.0,1,2100/5001,2100,5001
euler3d,time_step,1950,9501,2100/9501,0,1950,9501,1,594172.0,0.0,5000.009,0.0,1208994.0,0.0,241.798375,0.0,0.0084150868772005,0.0,2.034754246245195,0.0,1950.0,9501.0,1,2100/9501,2100,9501
euler3d,time_step,1965,810,2100/405,0,1965,810,1,172077.0,0.0,5000.027,0.0,589465.0,0.0,117.892355,0.0,0.0290569163804575,0.0,3.425588544663145,0.0,1965.0,810.0,1,2100/405,2100,405
euler3d,time_step,1965,9251,2100/9251,0,1965,9251,1,561601.0,0.0,5000.003,0.0,1171698.0,0.0,234.33944,0.0,0.0089031233918743,0.0,2.0863531225905936,0.0,1965.0,9251.0,1,2100/9251,2100,9251
fdtd2d,step1,210,405,210/405,0,210,405,1,2574.0,0.0,5001.29,0.0,206617.0,0.0,41.312741,0.0,1.943003108003108,0.0,80.27078477078477,0.0,210.0,405.0,1,210/405,210,405
fdtd2d,step1,210,810,210/810,0,210,810,1,6027.0,0.0,5000.444,0.0,250963.0,0.0,50.188145,0.0,0.8296738012278083,0.0,41.63978762236602,0.0,210.0,810.0,1,210/810,210,810
fdtd2d,step1,210,5001,210/5001,0,210,5001,1,38748.0,0.0,5000.055,0.0,626748.0,0.0,125.348229,0.0,0.1290403375658098,0.0,16.174976772994736,0.0,210.0,5001.0,1,210/5001,210,5001
fdtd2d,step1,210,9251,210/9251,0,210,9251,1,44840.0,0.0,5000.113,0.0,826492.0,0.0,165.294671,0.0,0.1115101025869759,0.0,18.43202497769848,0.0,210.0,9251.0,1,210/9251,210,9251
fdtd2d,step1,210,9501,210/9501,0,210,9501,1,44776.0,0.0,5000.111,0.0,830255.0,0.0,166.047319,0.0,0.1116694434518492,0.0,18.5424111130963,0.0,210.0,9501.0,1,210/9501,210,9501
fdtd2d,step1,630,810,630/405;630/810,0,630,810,2,6038.5,0.0,5000.486,0.0,264126.0,0.0,52.8200655,0.0,0.8281027381791579,0.0,43.73964154239957,0.0,630.0,810.0,2,630/405;630/810,630,405;810
fdtd2d,step1,630,5001,630/5001,0,630,5001,1,41188.0,0.0,5000.101,0.0,660793.0,0.0,132.155928,0.0,0.1213970331164416,0.0,16.04333786539769,0.0,630.0,5001.0,1,630/5001,630,5001
fdtd2d,step1,630,9251,630/9251,0,630,9251,1,73401.0,0.0,5000.04,0.0,1023060.0,0.0,204.610381,0.0,0.0681195079086116,0.0,13.937957248538847,0.0,630.0,9251.0,1,630/9251,630,9251
fdtd2d,step1,630,9501,630/9501,0,630,9501,1,73456.0,0.0,5000.059,0.0,1032344.0,0.0,206.46636,0.0,0.0680687622522326,0.0,14.05390982356785,0.0,630.0,9501.0,1,630/9501,630,9501
fdtd2d,step1,1050,810,1050/405;1050/810,0,1050,810,2,6056.5,0.0,5000.0915,0.0,288619.0,0.0,57.7227345,0.0,0.8255744724612261,0.0,47.654271140058434,0.0,1050.0,810.0,2,1050/405;1050/810,1050,405;810
fdtd2d,step1,1050,5001,1050/5001,0,1050,5001,1,41558.0,0.0,5000.087,0.0,684263.0,0.0,136.850208,0.0,0.1203158717936378,0.0,16.46525338081717,0.0,1050.0,5001.0,1,1050/5001,1050,5001
fdtd2d,step1,1050,9251,1050/9251,0,1050,9251,1,73614.0,0.0,5000.056,0.0,1046911.0,0.0,209.379869,0.0,0.0679226234140245,0.0,14.221629037954736,0.0,1050.0,9251.0,1,1050/9251,1050,9251
fdtd2d,step1,1050,9501,1050/9501,0,1050,9501,1,73066.0,0.0,5000.029,0.0,1051217.0,0.0,210.242168,0.0,0.0684316782087427,0.0,14.387225248405551,0.0,1050.0,9501.0,1,1050/9501,1050,9501
fdtd2d,step1,1470,810,1470/405;1470/810,0,1470,810,2,6067.5,0.0,5000.6715,0.0,325268.5,0.0,65.0449935,0.0,0.8241734298667238,0.0,53.60867354076038,0.0,1470.0,810.0,2,1470/405;1470/810,1470,405;810
fdtd2d,step1,1470,5001,1470/5001,0,1470,5001,1,41682.0,0.0,5000.055,0.0,731447.0,0.0,146.287786,0.0,0.1199571757593205,0.0,17.54827023655295,0.0,1470.0,5001.0,1,1470/5001,1470,5001
fdtd2d,step1,1470,9251,1470/9251,0,1470,9251,1,73780.0,0.0,5000.021,0.0,1091944.0,0.0,218.387904,0.0,0.0677693277310924,0.0,14.8,0.0,1470.0,9251.0,1,1470/9251,1470,9251
fdtd2d,step1,1470,9501,1470/9501,0,1470,9501,1,73929.0,0.0,5000.016,0.0,1099340.0,0.0,219.867291,0.0,0.0676326745931907,0.0,14.870213312773066,0.0,1470.0,9501.0,1,1470/9501,1470,9501
fdtd2d,step1,1890,810,1890/405;1890/810,0,1890,810,2,6077.0,0.0,5000.5380000000005,0.0,495551.5,0.0,99.0997055,0.0,0.8228629257857496,0.0,81.5454171466184,0.0,1890.0,810.0,2,1890/405;1890/810,1890,405;810
fdtd2d,step1,1890,5001,1890/5001,0,1890,5001,1,41869.0,0.0,5000.026,0.0,1023354.0,0.0,204.669741,0.0,0.1194207169982564,0.0,24.441806587212497,0.0,1890.0,5001.0,1,1890/5001,1890,5001
fdtd2d,step1,1890,9251,1890/9251,0,1890,9251,1,74390.0,0.0,5000.028,0.0,1540573.0,0.0,308.112855,0.0,0.0672137115203656,0.0,20.7094098669176,0.0,1890.0,9251.0,1,1890/9251,1890,9251
fdtd2d,step1,1890,9501,1890/9501,0,1890,9501,1,73860.0,0.0,5000.033,0.0,1586906.0,0.0,317.379092,0.0,0.0676960871919848,0.0,21.485323585161115,0.0,1890.0,9501.0,1,1890/9501,1890,9501
fdtd2d,step1,1935,810,2100/405,0,1935,810,1,6074.0,0.0,5000.444,0.0,591781.0,0.0,118.345695,0.0,0.8232538689496214,0.0,97.42854790912084,0.0,1935.0,810.0,1,2100/405,2100,405
fdtd2d,step1,1935,9501,2100/9501,0,1935,9501,1,74411.0,0.0,5000.046,0.0,1682108.0,0.0,336.418479,0.0,0.06719498461249,0.0,22.605636263455672,0.0,1935.0,9501.0,1,2100/9501,2100,9501
fdtd2d,step1,1950,5001,2100/5001,0,1950,5001,1,42097.0,0.0,5000.097,0.0,1174425.0,0.0,234.880435,0.0,0.1187756134641423,0.0,27.8980687459914,0.0,1950.0,5001.0,1,2100/5001,2100,5001
fdtd2d,step1,1950,9251,2100/9251,0,1950,9251,1,74416.0,0.0,5000.025,0.0,1681093.0,0.0,336.216893,0.0,0.0671901875940657,0.0,22.590477854224897,0.0,1950.0,9251.0,1,2100/9251,2100,9251
fdtd2d,step1,1965,810,2100/810,0,1965,810,1,6078.0,0.0,5000.774,0.0,561665.0,0.0,112.315604,0.0,0.8227663705166174,0.0,92.4095097071405,0.0,1965.0,810.0,1,2100/810,2100,810
fdtd2d,step2,210,405,210/405,0,210,405,1,2547.0,0.0,5000.916,0.0,199717.0,0.0,39.936084,0.0,1.9634534746760897,0.0,78.4126423243031,0.0,210.0,405.0,1,210/405,210,405
fdtd2d,step2,210,810,210/810,0,210,810,1,6018.0,0.0,5000.425,0.0,249391.0,0.0,49.873958,0.0,0.830911432369558,0.0,41.44084413426388,0.0,210.0,810.0,1,210/810,210,810
fdtd2d,step2,210,5001,210/5001,0,210,5001,1,39337.0,0.0,5000.124,0.0,637467.0,0.0,127.490238,0.0,0.1271099473777868,0.0,16.205277474133766,0.0,210.0,5001.0,1,210/5001,210,5001
fdtd2d,step2,210,9251,210/9251,0,210,9251,1,44977.0,0.0,5000.113,0.0,832747.0,0.0,166.545643,0.0,0.1111704426706983,0.0,18.514952086622053,0.0,210.0,9251.0,1,210/9251,210,9251
fdtd2d,step2,210,9501,210/9501,0,210,9501,1,44379.0,0.0,5000.089,0.0,826599.0,0.0,165.316846,0.0,0.1126679059915725,0.0,18.625904143851823,0.0,210.0,9501.0,1,210/9501,210,9501
fdtd2d,step2,630,810,630/405;630/810,0,630,810,2,6034.0,0.0,5000.531,0.0,264277.0,0.0,52.849791499999995,0.0,0.828728005581908,0.0,43.797218691964986,0.0,630.0,810.0,2,630/405;630/810,630,405;810
fdtd2d,step2,630,5001,630/5001,0,630,5001,1,41426.0,0.0,5000.115,0.0,682019.0,0.0,136.40067,0.0,0.1206999227538261,0.0,16.463549461690725,0.0,630.0,5001.0,1,630/5001,630,5001
fdtd2d,step2,630,9251,630/9251,0,630,9251,1,73128.0,0.0,5000.054,0.0,1021369.0,0.0,204.271606,0.0,0.0683740017503555,0.0,13.966866316595558,0.0,630.0,9251.0,1,630/9251,630,9251
fdtd2d,step2,630,9501,630/9501,0,630,9501,1,73106.0,0.0,5000.045,0.0,1028391.0,0.0,205.676352,0.0,0.0683944546275271,0.0,14.067121713676032,0.0,630.0,9501.0,1,630/9501,630,9501
fdtd2d,step2,1050,810,1050/405;1050/810,0,1050,810,2,6046.0,0.0,5000.442999999999,0.0,289889.0,0.0,57.972653,0.0,0.8270663529126611,0.0,47.94728087384963,0.0,1050.0,810.0,2,1050/405;1050/810,1050,405;810
fdtd2d,step2,1050,5001,1050/5001,0,1050,5001,1,41452.0,0.0,5000.095,0.0,692382.0,0.0,138.473763,0.0,0.1206237334748625,0.0,16.703223004921355,0.0,1050.0,5001.0,1,1050/5001,1050,5001
fdtd2d,step2,1050,9251,1050/9251,0,1050,9251,1,73794.0,0.0,5000.021,0.0,1049431.0,0.0,209.885298,0.0,0.0677564707157763,0.0,14.22108843537415,0.0,1050.0,9251.0,1,1050/9251,1050,9251
fdtd2d,step2,1050,9501,1050/9501,0,1050,9501,1,73770.0,0.0,5000.065,0.0,1059362.0,0.0,211.869648,0.0,0.0677791107496272,0.0,14.360336180018978,0.0,1050.0,9501.0,1,1050/9501,1050,9501
fdtd2d,step2,1470,810,1470/405;1470/810,0,1470,810,2,6056.5,0.0,5000.639499999999,0.0,325726.5,0.0,65.1369525,0.0,0.825664909962577,0.0,53.78125002044644,0.0,1470.0,810.0,2,1470/405;1470/810,1470,405;810
fdtd2d,step2,1470,5001,1470/5001,0,1470,5001,1,41911.0,0.0,5000.036,0.0,734261.0,0.0,146.851153,0.0,0.1193012812865357,0.0,17.519529479134356,0.0,1470.0,5001.0,1,1470/5001,1470,5001
fdtd2d,step2,1470,9251,1470/9251,0,1470,9251,1,73364.0,0.0,5000.058,0.0,1087465.0,0.0,217.490494,0.0,0.0681541082819911,0.0,14.822869527288589,0.0,1470.0,9251.0,1,1470/9251,1470,9251
fdtd2d,step2,1470,9501,1470/9501,0,1470,9501,1,73911.0,0.0,5000.026,0.0,1101565.0,0.0,220.311838,0.0,0.0676492808918834,0.0,14.903938520653218,0.0,1470.0,9501.0,1,1470/9501,1470,9501
fdtd2d,step2,1890,810,1890/405;1890/810,0,1890,810,2,6069.5,0.0,5000.454,0.0,492266.5,0.0,98.444412,0.0,0.8238658884253381,0.0,81.10501260490628,0.0,1890.0,810.0,2,1890/405;1890/810,1890,405;810
fdtd2d,step2,1890,5001,1890/5001,0,1890,5001,1,41924.0,0.0,5000.038,0.0,1027010.0,0.0,205.400455,0.0,0.1192643354641732,0.0,24.49694685621601,0.0,1890.0,5001.0,1,1890/5001,1890,5001
fdtd2d,step2,1890,9251,1890/9251,0,1890,9251,1,74424.0,0.0,5000.055,0.0,1550093.0,0.0,310.015209,0.0,0.0671833682683005,0.0,20.82786466731162,0.0,1890.0,9251.0,1,1890/9251,1890,9251
fdtd2d,step2,1890,9501,1890/9501,0,1890,9501,1,74339.0,0.0,5000.046,0.0,1582616.0,0.0,316.520264,0.0,0.0672600653761821,0.0,21.28917526466592,0.0,1890.0,9501.0,1,1890/9501,1890,9501
fdtd2d,step2,1935,810,2100/405,0,1935,810,1,6067.0,0.0,5000.629,0.0,577229.0,0.0,115.43127,0.0,0.8242342179001154,0.0,95.14240975770562,0.0,1935.0,810.0,1,2100/405,2100,405
fdtd2d,step2,1935,9501,2100/9501,0,1935,9501,1,74478.0,0.0,5000.027,0.0,1683972.0,0.0,336.792558,0.0,0.0671342812642659,0.0,22.61032788205913,0.0,1935.0,9501.0,1,2100/9501,2100,9501
fdtd2d,step2,1950,5001,2100/5001,0,1950,5001,1,41923.0,0.0,5000.1,0.0,1180128.0,0.0,236.020898,0.0,0.119268659208549,0.0,28.149893853016245,0.0,1950.0,5001.0,1,2100/5001,2100,5001
fdtd2d,step2,1950,9251,2100/9251,0,1950,9251,1,74490.0,0.0,5000.004,0.0,1681370.0,0.0,336.273704,0.0,0.0671231574708014,0.0,22.571754597932607,0.0,1950.0,9251.0,1,2100/9251,2100,9251
fdtd2d,step2,1965,810,2100/810,0,1965,810,1,6066.0,0.0,5000.391,0.0,563564.0,0.0,112.703995,0.0,0.8243308605341245,0.0,92.90537421694692,0.0,1965.0,810.0,1,2100/810,2100,810
fdtd2d,step3,210,405,210/405,0,210,405,1,1907.0,0.0,5000.456,0.0,202202.0,0.0,40.436716,0.0,2.622158363922391,0.0,106.03146303093864,0.0,210.0,405.0,1,210/405,210,405
fdtd2d,step3,210,810,210/810,0,210,810,1,4451.0,0.0,5000.122,0.0,255863.0,0.0,51.171351,0.0,1.1233704785441474,0.0,57.48438553134128,0.0,210.0,810.0,1,210/810,210,810
fdtd2d,step3,210,5001,210/5001,0,210,5001,1,31489.0,0.0,5000.1,0.0,658137.0,0.0,131.624778,0.0,0.158788783384674,0.0,20.90053669535393,0.0,210.0,5001.0,1,210/5001,210,5001
fdtd2d,step3,210,9251,210/9251,0,210,9251,1,34475.0,0.0,5000.043,0.0,845389.0,0.0,169.07633,0.0,0.1450338796229151,0.0,24.521798404641043,0.0,210.0,9251.0,1,210/9251,210,9251
fdtd2d,step3,210,9501,210/9501,0,210,9501,1,34342.0,0.0,5000.114,0.0,865636.0,0.0,173.123261,0.0,0.1455976355483081,0.0,25.206336264632228,0.0,210.0,9501.0,1,210/9501,210,9501
fdtd2d,step3,630,810,630/405;630/810,0,630,810,2,4460.0,0.0,5001.0985,0.0,274239.5,0.0,54.8358585,0.0,1.1213245722156389,0.0,61.486392372163394,0.0,630.0,810.0,2,630/405;630/810,630,405;810
fdtd2d,step3,630,5001,630/5001,0,630,5001,1,32407.0,0.0,5000.078,0.0,682484.0,0.0,136.494681,0.0,0.1542900607893356,0.0,21.05977103712161,0.0,630.0,5001.0,1,630/5001,630,5001
fdtd2d,step3,630,9251,630/9251,0,630,9251,1,57594.0,0.0,5000.011,0.0,1060574.0,0.0,212.114324,0.0,0.0868147897350418,0.0,18.414661249435703,0.0,630.0,9251.0,1,630/9251,630,9251
fdtd2d,step3,630,9501,630/9501,0,630,9501,1,57013.0,0.0,5000.06,0.0,1061333.0,0.0,212.264071,0.0,0.0877003490432006,0.0,18.615631522635187,0.0,630.0,9501.0,1,630/9501,630,9501
fdtd2d,step3,1050,810,1050/405;1050/810,0,1050,810,2,4468.0,0.0,5000.5625,0.0,299873.5,0.0,59.96798,0.0,1.1191948711124562,0.0,67.11593697507638,0.0,1050.0,810.0,2,1050/405;1050/810,1050,405;810
fdtd2d,step3,1050,5001,1050/5001,0,1050,5001,1,32482.0,0.0,5000.026,0.0,697803.0,0.0,139.559878,0.0,0.1539322086078443,0.0,21.48275968228557,0.0,1050.0,5001.0,1,1050/5001,1050,5001
fdtd2d,step3,1050,9251,1050/9251,0,1050,9251,1,57615.0,0.0,5000.014,0.0,1076424.0,0.0,215.284211,0.0,0.0867831988197518,0.0,18.68305128872689,0.0,1050.0,9251.0,1,1050/9251,1050,9251
fdtd2d,step3,1050,9501,1050/9501,0,1050,9501,1,57932.0,0.0,5000.037,0.0,1089076.0,0.0,217.813583,0.0,0.0863087240212663,0.0,18.799212870261687,0.0,1050.0,9501.0,1,1050/9501,1050,9501
fdtd2d,step3,1470,810,1470/405;1470/810,0,1470,810,2,4469.0,0.0,5000.814,0.0,335432.0,0.0,67.075464,0.0,1.1190007218119804,0.0,75.0572864656248,0.0,1470.0,810.0,2,1470/405;1470/810,1470,405;810
fdtd2d,step3,1470,5001,1470/5001,0,1470,5001,1,32501.0,0.0,5000.148,0.0,744850.0,0.0,148.965592,0.0,0.1538459739700317,0.0,22.91775637672687,0.0,1470.0,5001.0,1,1470/5001,1470,5001
fdtd2d,step3,1470,9251,1470/9251,0,1470,9251,1,57539.0,0.0,5000.063,0.0,1120094.0,0.0,224.015956,0.0,0.0868986774187942,0.0,19.4666921566242,0.0,1470.0,9251.0,1,1470/9251,1470,9251
fdtd2d,step3,1470,9501,1470/9501,0,1470,9501,1,57856.0,0.0,5000.006,0.0,1138377.0,0.0,227.675133,0.0,0.0864215638827433,0.0,19.67604051438053,0.0,1470.0,9501.0,1,1470/9501,1470,9501
fdtd2d,step3,1890,810,1890/405;1890/810,0,1890,810,2,4473.5,0.0,5000.476000000001,0.0,527442.0,0.0,105.4783805,0.0,1.1177994941036475,0.0,117.90370589903101,0.0,1890.0,810.0,2,1890/405;1890/810,1890,405;810
fdtd2d,step3,1890,5001,1890/5001,0,1890,5001,1,32625.0,0.0,5000.082,0.0,1052027.0,0.0,210.401969,0.0,0.1532592183908046,0.0,32.246038314176246,0.0,1890.0,5001.0,1,1890/5001,1890,5001
fdtd2d,step3,1890,9251,1890/9251,0,1890,9251,1,57728.0,0.0,5000.058,0.0,1578380.0,0.0,315.672332,0.0,0.0866140867516629,0.0,27.34167128603104,0.0,1890.0,9251.0,1,1890/9251,1890,9251
fdtd2d,step3,1890,9501,1890/9501,0,1890,9501,1,57747.0,0.0,5000.067,0.0,1634608.0,0.0,326.917226,0.0,0.0865857447140111,0.0,28.306370893726083,0.0,1890.0,9501.0,1,1890/9501,1890,9501
fdtd2d,step3,1935,810,2100/405,0,1935,810,1,4476.0,0.0,5001.105,0.0,618868.0,0.0,123.74624,0.0,1.1173156836461124,0.0,138.26362823949955,0.0,1935.0,810.0,1,2100/405,2100,405
fdtd2d,step3,1935,5001,2100/5001,0,1935,5001,1,32633.0,0.0,5000.014,0.0,1192306.0,0.0,238.460525,0.0,0.1532195630190298,0.0,36.53681855790151,0.0,1935.0,5001.0,1,2100/5001,2100,5001
fdtd2d,step3,1935,9501,2100/9501,0,1935,9501,1,57726.0,0.0,5000.047,0.0,1690727.0,0.0,338.14223,0.0,0.0866168970654471,0.0,29.288829989952536,0.0,1935.0,9501.0,1,2100/9501,2100,9501
fdtd2d,step3,1950,810,2100/810,0,1950,810,1,4476.0,0.0,5000.955,0.0,590928.0,0.0,118.163029,0.0,1.1172821715817691,0.0,132.0214477211796,0.0,1950.0,810.0,1,2100/810,2100,810
fdtd2d,step3,1965,9251,2100/9251,0,1965,9251,1,57791.0,0.0,5000.074,0.0,1687507.0,0.0,337.49639,0.0,0.0865199425516083,0.0,29.200169576577668,0.0,1965.0,9251.0,1,2100/9251,2100,9251
gemm,gemm_kernel,210,405,210/405,0,210,405,1,1922.0,0.0,5001.351,0.0,209952.0,0.0,41.979061,0.0,2.602159729448491,0.0,109.23621227887617,0.0,210.0,405.0,1,210/405,210,405
gemm,gemm_kernel,210,810,210/810,0,210,810,1,1983.0,0.0,5001.871,0.0,218256.0,0.0,43.634871,0.0,2.522375693393848,0.0,110.06354009077155,0.0,210.0,810.0,1,210/810,210,810
gemm,gemm_kernel,210,5001,210/5001,0,210,5001,1,1985.0,0.0,5001.945,0.0,383595.0,0.0,76.689163,0.0,2.519871536523929,0.0,193.2468513853904,0.0,210.0,5001.0,1,210/5001,210,5001
gemm,gemm_kernel,210,9251,210/9251,0,210,9251,1,1993.0,0.0,5002.152,0.0,499061.0,0.0,99.769252,0.0,2.5098605117912696,0.0,250.40692423482187,0.0,210.0,9251.0,1,210/9251,210,9251
gemm,gemm_kernel,210,9501,210/9501,0,210,9501,1,1994.0,0.0,5001.183,0.0,500073.0,0.0,99.99094,0.0,2.508115847542628,0.0,250.7888665997994,0.0,210.0,9501.0,1,210/9501,210,9501
gemm,gemm_kernel,630,810,630/405;630/810,0,630,810,2,5138.5,0.0,5000.904500000001,0.0,297989.0,0.0,59.5870135,0.0,0.9732326432524578,0.0,57.98932303965587,0.0,630.0,810.0,2,630/405;630/810,630,405;810
gemm,gemm_kernel,630,5001,630/5001,0,630,5001,1,5149.0,0.0,5000.331,0.0,454041.0,0.0,90.802188,0.0,0.9711266265294232,0.0,88.1804233831812,0.0,630.0,5001.0,1,630/5001,630,5001
gemm,gemm_kernel,630,9251,630/9251,0,630,9251,1,5082.0,0.0,5000.535,0.0,591028.0,0.0,118.192961,0.0,0.983969893742621,0.0,116.2983077528532,0.0,630.0,9251.0,1,630/9251,630,9251
gemm,gemm_kernel,630,9501,630/9501,0,630,9501,1,5083.0,0.0,5000.92,0.0,591934.0,0.0,118.365011,0.0,0.9838520558725162,0.0,116.45366909305528,0.0,630.0,9501.0,1,630/9501,630,9501
gemm,gemm_kernel,1050,810,1050/405;1050/810,0,1050,810,2,8503.5,0.0,5000.2880000000005,0.0,386483.0,0.0,77.292145,0.0,0.588027312621324,0.0,45.449903547919206,0.0,1050.0,810.0,2,1050/405;1050/810,1050,405;810
gemm,gemm_kernel,1050,5001,1050/5001,0,1050,5001,1,8477.0,0.0,5000.487,0.0,550781.0,0.0,110.145465,0.0,0.5898887578152648,0.0,64.97357555739059,0.0,1050.0,5001.0,1,1050/5001,1050,5001
gemm,gemm_kernel,1050,9251,1050/9251,0,1050,9251,1,8661.0,0.0,5000.011,0.0,688597.0,0.0,137.719091,0.0,0.577301812723704,0.0,79.50548435515529,0.0,1050.0,9251.0,1,1050/9251,1050,9251
gemm,gemm_kernel,1050,9501,1050/9501,0,1050,9501,1,8666.0,0.0,5000.306,0.0,691425.0,0.0,138.276547,0.0,0.5770027694438034,0.0,79.7859450726979,0.0,1050.0,9501.0,1,1050/9501,1050,9501
gemm,gemm_kernel,1470,810,1470/405;1470/810,0,1470,810,2,11870.5,0.0,5000.195,0.0,505217.0,0.0,101.0394585,0.0,0.4212288446014772,0.0,42.56060699340425,0.0,1470.0,810.0,2,1470/405;1470/810,1470,405;810
gemm,gemm_kernel,1470,5001,1470/5001,0,1470,5001,1,11886.0,0.0,5000.093,0.0,673503.0,0.0,134.698101,0.0,0.420670789163722,0.0,56.663553760726906,0.0,1470.0,5001.0,1,1470/5001,1470,5001
gemm,gemm_kernel,1470,9251,1470/9251,0,1470,9251,1,11820.0,0.0,5000.355,0.0,790530.0,0.0,158.09476,0.0,0.4230418781725888,0.0,66.88071065989848,0.0,1470.0,9251.0,1,1470/9251,1470,9251
gemm,gemm_kernel,1470,9501,1470/9501,0,1470,9501,1,11844.0,0.0,5000.047,0.0,793466.0,0.0,158.691712,0.0,0.4221586457277946,0.0,66.99307666328943,0.0,1470.0,9501.0,1,1470/9501,1470,9501
gemm,gemm_kernel,1890,810,1890/405;1890/810,0,1890,810,2,15233.5,0.0,5000.0725,0.0,1021991.0,0.0,204.395227,0.0,0.3282287395709623,0.0,67.08839308261611,0.0,1890.0,810.0,2,1890/405;1890/810,1890,405;810
gemm,gemm_kernel,1890,5001,1890/5001,0,1890,5001,1,15230.0,0.0,5000.131,0.0,1232533.0,0.0,246.500149,0.0,0.3283080105055811,0.0,80.927971109652,0.0,1890.0,5001.0,1,1890/5001,1890,5001
gemm,gemm_kernel,1890,9251,1890/9251,0,1890,9251,1,15229.0,0.0,5000.298,0.0,1398663.0,0.0,279.71591,0.0,0.3283405345065335,0.0,91.8420776150765,0.0,1890.0,9251.0,1,1890/9251,1890,9251
gemm,gemm_kernel,1890,9501,1890/9501,0,1890,9501,1,15251.0,0.0,5000.084,0.0,1411839.0,0.0,282.363057,0.0,0.3278528621074028,0.0,92.57353616156318,0.0,1890.0,9501.0,1,1890/9501,1890,9501
gemm,gemm_kernel,1920,9501,2100/9501,0,1920,9501,1,15420.0,0.0,5000.055,0.0,1576599.0,0.0,315.31632,0.0,0.3242577821011673,0.0,102.24377431906616,0.0,1920.0,9501.0,1,2100/9501,2100,9501
gemm,gemm_kernel,1935,810,2100/405;2100/810,0,1935,810,2,15527.5,0.0,5000.248,0.0,1260227.5,0.0,252.032983,0.0,0.3220297230671346,0.0,81.161383453211,0.0,1935.0,810.0,2,2100/405;2100/810,2100,405;810
gemm,gemm_kernel,1935,5001,2100/5001,0,1935,5001,1,15489.0,0.0,5000.229,0.0,1433331.0,0.0,286.653071,0.0,0.3228245206275421,0.0,92.5386403253922,0.0,1935.0,5001.0,1,2100/5001,2100,5001
gemm,gemm_kernel,1935,9251,2100/9251,0,1935,9251,1,15413.0,0.0,5000.239,0.0,1571405.0,0.0,314.265962,0.0,0.3244169856614546,0.0,101.95322130668916,0.0,1935.0,9251.0,1,2100/9251,2100,9251
gemver,gemver_kernel1,210,405,210/405,0,210,405,1,1013.0,0.0,5004.571,0.0,210644.0,0.0,42.090323,0.0,4.940346495557749,0.0,207.94076999012836,0.0,210.0,405.0,1,210/405,210,405
gemver,gemver_kernel1,210,810,210/810,0,210,810,1,2276.0,0.0,5001.893,0.0,255098.0,0.0,51.000291,0.0,2.1976682776801404,0.0,112.0817223198594,0.0,210.0,810.0,1,210/810,210,810
gemver,gemver_kernel1,210,5001,210/5001,0,210,5001,1,10307.0,0.0,5000.294,0.0,585272.0,0.0,117.047507,0.0,0.4851357329969923,0.0,56.783933249248086,0.0,210.0,5001.0,1,210/5001,210,5001
gemver,gemver_kernel1,210,9251,210/9251,0,210,9251,1,10349.0,0.0,5000.297,0.0,735213.0,0.0,147.033856,0.0,0.4831671659097497,0.0,71.04193641897768,0.0,210.0,9251.0,1,210/9251,210,9251
gemver,gemver_kernel1,210,9501,210/9501,0,210,9501,1,10354.0,0.0,5000.036,0.0,735714.0,0.0,147.141737,0.0,0.4829086343442148,0.0,71.05601699826154,0.0,210.0,9501.0,1,210/9501,210,9501
gemver,gemver_kernel1,630,810,630/405;630/810,0,630,810,2,2278.0,0.0,5000.727,0.0,268258.5,0.0,53.643963,0.0,2.195227488267647,0.0,117.76003746567686,0.0,630.0,810.0,2,630/405;630/810,630,405;810
gemver,gemver_kernel1,630,5001,630/5001,0,630,5001,1,15248.0,0.0,5000.255,0.0,684696.0,0.0,136.932206,0.0,0.3279285807974816,0.0,44.90398740818468,0.0,630.0,5001.0,1,630/5001,630,5001
gemver,gemver_kernel1,630,9251,630/9251,0,630,9251,1,23782.0,0.0,5000.051,0.0,1018269.0,0.0,203.651732,0.0,0.2102451854343621,0.0,42.81679421411151,0.0,630.0,9251.0,1,630/9251,630,9251
gemver,gemver_kernel1,630,9501,630/9501,0,630,9501,1,23794.0,0.0,5000.161,0.0,1024431.0,0.0,204.879597,0.0,0.2101437757417836,0.0,43.054173321005294,0.0,630.0,9501.0,1,630/9501,630,9501
gemver,gemver_kernel1,1050,810,1050/405;1050/810,0,1050,810,2,2280.0,0.0,5000.616,0.0,293816.0,0.0,58.755975,0.0,2.1932526315789476,0.0,128.86666666666667,0.0,1050.0,810.0,2,1050/405;1050/810,1050,405;810
gemver,gemver_kernel1,1050,5001,1050/5001,0,1050,5001,1,15753.0,0.0,5000.185,0.0,712514.0,0.0,142.497526,0.0,0.3174116041388942,0.0,45.23036881863772,0.0,1050.0,5001.0,1,1050/5001,1050,5001
gemver,gemver_kernel1,1050,9251,1050/9251,0,1050,9251,1,26351.0,0.0,5000.03,0.0,1080098.0,0.0,216.018292,0.0,0.1897472581685704,0.0,40.98888087738606,0.0,1050.0,9251.0,1,1050/9251,1050,9251
gemver,gemver_kernel1,1050,9501,1050/9501,0,1050,9501,1,26340.0,0.0,5000.041,0.0,1089461.0,0.0,217.890434,0.0,0.1898269172361427,0.0,41.36146545178436,0.0,1050.0,9501.0,1,1050/9501,1050,9501
gemver,gemver_kernel1,1470,810,1470/405;1470/810,0,1470,810,2,2282.0,0.0,5000.6475,0.0,330659.0,0.0,66.12321850000001,0.0,2.1913442156003504,0.0,144.89877300613497,0.0,1470.0,810.0,2,1470/405;1470/810,1470,405;810
gemver,gemver_kernel1,1470,5001,1470/5001,0,1470,5001,1,16088.0,0.0,5000.135,0.0,768037.0,0.0,153.60326,0.0,0.3107990427647936,0.0,47.73974390850323,0.0,1470.0,5001.0,1,1470/5001,1470,5001
gemver,gemver_kernel1,1470,9251,1470/9251,0,1470,9251,1,27102.0,0.0,5000.098,0.0,1139278.0,0.0,227.85115,0.0,0.1844918456202494,0.0,42.036676260054605,0.0,1470.0,9251.0,1,1470/9251,1470,9251
gemver,gemver_kernel1,1470,9501,1470/9501,0,1470,9501,1,27173.0,0.0,4999.918,0.0,1142408.0,0.0,228.485326,0.0,0.1840031649063408,0.0,42.04202701210761,0.0,1470.0,9501.0,1,1470/9501,1470,9501
gemver,gemver_kernel1,1890,810,1890/405;1890/810,0,1890,810,2,2284.0,0.0,5000.077,0.0,505002.0,0.0,100.998874,0.0,2.1891755691768826,0.0,221.10420315236428,0.0,1890.0,810.0,2,1890/405;1890/810,1890,405;810
gemver,gemver_kernel1,1890,5001,1890/5001,0,1890,5001,1,16278.0,0.0,4999.88,0.0,1099530.0,0.0,219.911283,0.0,0.307155670229758,0.0,67.54699594544785,0.0,1890.0,5001.0,1,1890/5001,1890,5001
gemver,gemver_kernel1,1890,9251,1890/9251,0,1890,9251,1,27842.0,0.0,4998.784,0.0,1684264.0,0.0,336.93473,0.0,0.1795411249191868,0.0,60.493642698082034,0.0,1890.0,9251.0,1,1890/9251,1890,9251
gemver,gemver_kernel1,1890,9501,1890/9501,0,1890,9501,1,27832.0,0.0,5000.032,0.0,1703581.0,0.0,340.714004,0.0,0.1796504742742167,0.0,61.20943518252371,0.0,1890.0,9501.0,1,1890/9501,1890,9501
gemver,gemver_kernel1,1920,810,2100/405,0,1920,810,1,2284.0,0.0,5001.839,0.0,599520.0,0.0,119.859919,0.0,2.1899470227670754,0.0,262.4868651488616,0.0,1920.0,810.0,1,2100/405,2100,405
gemver,gemver_kernel1,1920,9501,2100/9501,0,1920,9501,1,27886.0,0.0,4999.554,0.0,1698663.0,0.0,339.762893,0.0,0.1792854478950011,0.0,60.91454493294126,0.0,1920.0,9501.0,1,2100/9501,2100,9501
gemver,gemver_kernel1,1935,5001,2100/5001,0,1935,5001,1,16302.0,0.0,5000.01,0.0,1254680.0,0.0,250.93551,0.0,0.3067114464482885,0.0,76.96478959636855,0.0,1935.0,5001.0,1,2100/5001,2100,5001
gemver,gemver_kernel1,1950,810,2100/810,0,1950,810,1,2285.0,0.0,5001.377,0.0,572027.0,0.0,114.373902,0.0,2.188786433260394,0.0,250.3400437636761,0.0,1950.0,810.0,1,2100/810,2100,810
gemver,gemver_kernel1,1950,9251,2100/9251,0,1950,9251,1,27783.0,0.0,4999.901,0.0,1702136.0,0.0,340.433916,0.0,0.1799626030306302,0.0,61.26537810891553,0.0,1950.0,9251.0,1,2100/9251,2100,9251
gemver,gemver_kernel2,210,405,210/405,0,210,405,1,395.0,0.0,5006.455,0.0,173526.0,0.0,34.660456,0.0,12.674569620253164,0.0,439.3063291139241,0.0,210.0,405.0,1,210/405,210,405
gemver,gemver_kernel2,210,810,210/810,0,210,810,1,637.0,0.0,5003.662,0.0,192239.0,0.0,38.419661,0.0,7.855042386185244,0.0,301.78806907378333,0.0,210.0,810.0,1,210/810,210,810
gemver,gemver_kernel2,210,5001,210/5001,0,210,5001,1,1194.0,0.0,5000.02,0.0,360041.0,0.0,72.007912,0.0,4.187621440536014,0.0,301.5418760469012,0.0,210.0,5001.0,1,210/5001,210,5001
gemver,gemver_kernel2,210,9251,210/9251,0,210,9251,1,1333.0,0.0,5001.65,0.0,487676.0,0.0,97.503016,0.0,3.752175543885971,0.0,365.8484621155289,0.0,210.0,9251.0,1,210/9251,210,9251
gemver,gemver_kernel2,210,9501,210/9501,0,210,9501,1,1332.0,0.0,5000.168,0.0,490124.0,0.0,98.021498,0.0,3.75387987987988,0.0,367.96096096096096,0.0,210.0,9501.0,1,210/9501,210,9501
gemver,gemver_kernel2,630,810,630/405;630/810,0,630,810,2,792.0,0.0,5002.523999999999,0.0,203902.0,0.0,40.75986,0.0,6.322179572610294,0.0,257.66685814950984,0.0,630.0,810.0,2,630/405;630/810,630,405;810
gemver,gemver_kernel2,630,5001,630/5001,0,630,5001,1,2035.0,0.0,4999.603,0.0,390037.0,0.0,78.013594,0.0,2.456807371007371,0.0,191.66437346437343,0.0,630.0,5001.0,1,630/5001,630,5001
gemver,gemver_kernel2,630,9251,630/9251,0,630,9251,1,2489.0,0.0,5001.223,0.0,521602.0,0.0,104.294886,0.0,2.0093302531137,0.0,209.5628766572921,0.0,630.0,9251.0,1,630/9251,630,9251
gemver,gemver_kernel2,630,9501,630/9501,0,630,9501,1,2484.0,0.0,5000.58,0.0,521576.0,0.0,104.303099,0.0,2.013115942028985,0.0,209.9742351046699,0.0,630.0,9501.0,1,630/9501,630,9501
gemver,gemver_kernel2,1050,810,1050/405;1050/810,0,1050,810,2,877.0,0.0,5000.7855,0.0,218678.5,0.0,43.728817,0.0,5.702181503006663,0.0,249.35099691207543,0.0,1050.0,810.0,2,1050/405;1050/810,1050,405;810
gemver,gemver_kernel2,1050,5001,1050/5001,0,1050,5001,1,2477.0,0.0,5000.376,0.0,424391.0,0.0,84.87181,0.0,2.0187226483649576,0.0,171.33266047638273,0.0,1050.0,5001.0,1,1050/5001,1050,5001
gemver,gemver_kernel2,1050,9251,1050/9251,0,1050,9251,1,3189.0,0.0,4999.008,0.0,544716.0,0.0,108.964812,0.0,1.5675785512699905,0.0,170.81091251175917,0.0,1050.0,9251.0,1,1050/9251,1050,9251
gemver,gemver_kernel2,1050,9501,1050/9501,0,1050,9501,1,3184.0,0.0,5000.771,0.0,544467.0,0.0,108.876622,0.0,1.5705939070351758,0.0,171.00094221105527,0.0,1050.0,9501.0,1,1050/9501,1050,9501
gemver,gemver_kernel2,1470,810,1470/405;1470/810,0,1470,810,2,931.0,0.0,5002.296,0.0,257950.0,0.0,51.56632,0.0,5.373041573215192,0.0,277.06704624117407,0.0,1470.0,810.0,2,1470/405;1470/810,1470,405;810
gemver,gemver_kernel2,1470,5001,1470/5001,0,1470,5001,1,2884.0,0.0,5001.005,0.0,439126.0,0.0,87.807553,0.0,1.7340516643550623,0.0,152.2628294036061,0.0,1470.0,5001.0,1,1470/5001,1470,5001
gemver,gemver_kernel2,1470,9251,1470/9251,0,1470,9251,1,3617.0,0.0,5000.677,0.0,583512.0,0.0,116.686595,0.0,1.3825482444014376,0.0,161.32485485208736,0.0,1470.0,9251.0,1,1470/9251,1470,9251
gemver,gemver_kernel2,1470,9501,1470/9501,0,1470,9501,1,3620.0,0.0,5001.361,0.0,587315.0,0.0,117.431028,0.0,1.3815914364640884,0.0,162.24171270718233,0.0,1470.0,9501.0,1,1470/9501,1470,9501
gemver,gemver_kernel2,1890,810,1890/405;1890/810,0,1890,810,2,965.0,0.0,5001.7125,0.0,416878.5,0.0,83.34722099999999,0.0,5.183126016941144,0.0,432.00033826447776,0.0,1890.0,810.0,2,1890/405;1890/810,1890,405;810
gemver,gemver_kernel2,1890,5001,1890/5001,0,1890,5001,1,3246.0,0.0,5000.715,0.0,637207.0,0.0,127.42317,0.0,1.5405776340110906,0.0,196.3052988293284,0.0,1890.0,5001.0,1,1890/5001,1890,5001
gemver,gemver_kernel2,1890,9251,1890/9251,0,1890,9251,1,4098.0,0.0,5000.935,0.0,792373.0,0.0,158.444984,0.0,1.2203355295265983,0.0,193.35602733040508,0.0,1890.0,9251.0,1,1890/9251,1890,9251
gemver,gemver_kernel2,1890,9501,1890/9501,0,1890,9501,1,4096.0,0.0,5000.042,0.0,781279.0,0.0,156.254503,0.0,1.22071337890625,0.0,190.741943359375,0.0,1890.0,9501.0,1,1890/9501,1890,9501
gemver,gemver_kernel2,1950,810,2100/810,0,1950,810,1,969.0,0.0,5002.645,0.0,477682.0,0.0,95.485897,0.0,5.162688338493292,0.0,492.9638802889577,0.0,1950.0,810.0,1,2100/810,2100,810
gemver,gemver_kernel2,1950,5001,2100/5001,0,1950,5001,1,3285.0,0.0,5001.164,0.0,721087.0,0.0,144.183832,0.0,1.5224243531202435,0.0,219.5089802130898,0.0,1950.0,5001.0,1,2100/5001,2100,5001
gemver,gemver_kernel2,1950,9251,2100/9251,0,1950,9251,1,4167.0,0.0,5000.868,0.0,882112.0,0.0,176.39179,0.0,1.2001123110151188,0.0,211.6899448044157,0.0,1950.0,9251.0,1,2100/9251,2100,9251
gemver,gemver_kernel2,1965,810,2100/405,0,1965,810,1,967.0,0.0,5001.195,0.0,483080.0,0.0,96.592908,0.0,5.1718665977249225,0.0,499.5656670113754,0.0,1965.0,810.0,1,2100/405,2100,405
gemver,gemver_kernel2,1965,9501,2100/9501,0,1965,9501,1,4186.0,0.0,5000.364,0.0,887226.0,0.0,177.432291,0.0,1.1945446727185856,0.0,211.9507883420927,0.0,1965.0,9501.0,1,2100/9501,2100,9501
gemver,gemver_kernel3,210,405,210/405,0,210,405,1,900.0,0.0,5000.454,0.0,187625.0,0.0,37.521592,0.0,5.55606,0.0,208.47222222222223,0.0,210.0,405.0,1,210/405,210,405
gemver,gemver_kernel3,210,810,210/810,0,210,810,1,921.0,0.0,5004.699,0.0,201926.0,0.0,40.347284,0.0,5.433983713355048,0.0,219.24647122692724,0.0,210.0,810.0,1,210/810,210,810
gemver,gemver_kernel3,210,5001,210/5001,0,210,5001,1,924.0,0.0,5004.336,0.0,365874.0,0.0,73.111399,0.0,5.415948051948052,0.0,395.96753246753246,0.0,210.0,5001.0,1,210/5001,210,5001
gemver,gemver_kernel3,210,9251,210/9251,0,210,9251,1,923.0,0.0,5004.744,0.0,497750.0,0.0,99.455643,0.0,5.422257854821234,0.0,539.2741061755146,0.0,210.0,9251.0,1,210/9251,210,9251
gemver,gemver_kernel3,210,9501,210/9501,0,210,9501,1,923.0,0.0,5004.609,0.0,509010.0,0.0,101.708238,0.0,5.42211159263272,0.0,551.4734561213435,0.0,210.0,9501.0,1,210/9501,210,9501
gemver,gemver_kernel3,630,810,630/405;630/810,0,630,810,2,2359.5,0.0,5001.2294999999995,0.0,250722.5,0.0,50.1321855,0.0,2.119648591469603,0.0,106.2560174415994,0.0,630.0,810.0,2,630/405;630/810,630,405;810
gemver,gemver_kernel3,630,5001,630/5001,0,630,5001,1,2416.0,0.0,5001.91,0.0,416896.0,0.0,83.347359,0.0,2.0703269867549667,0.0,172.5562913907285,0.0,630.0,5001.0,1,630/5001,630,5001
gemver,gemver_kernel3,630,9251,630/9251,0,630,9251,1,2423.0,0.0,5001.723,0.0,539409.0,0.0,107.844644,0.0,2.064268675196038,0.0,222.62030540652083,0.0,630.0,9251.0,1,630/9251,630,9251
gemver,gemver_kernel3,630,9501,630/9501,0,630,9501,1,2423.0,0.0,5000.565,0.0,541998.0,0.0,108.387353,0.0,2.063790755262072,0.0,223.68881551795292,0.0,630.0,9501.0,1,630/9501,630,9501
gemver,gemver_kernel3,1050,810,1050/405;1050/810,0,1050,810,2,2870.5,0.0,5001.2105,0.0,292653.0,0.0,58.5164105,0.0,1.742279017503891,0.0,101.95273538041363,0.0,1050.0,810.0,2,1050/405;1050/810,1050,405;810
gemver,gemver_kernel3,1050,5001,1050/5001,0,1050,5001,1,3939.0,0.0,4917.081,0.0,437187.0,0.0,88.911896,0.0,1.2483069306930694,0.0,110.989337395278,0.0,1050.0,5001.0,1,1050/5001,1050,5001
gemver,gemver_kernel3,1050,9251,1050/9251,0,1050,9251,1,4014.0,0.0,5000.198,0.0,596826.0,0.0,119.360468,0.0,1.245689586447434,0.0,148.68609865470853,0.0,1050.0,9251.0,1,1050/9251,1050,9251
gemver,gemver_kernel3,1050,9501,1050/9501,0,1050,9501,1,4013.0,0.0,4999.322,0.0,600809.0,0.0,120.17809,0.0,1.245781709444306,0.0,149.71567405930725,0.0,1050.0,9501.0,1,1050/9501,1050,9501
gemver,gemver_kernel3,1470,810,1470/405;1470/810,0,1470,810,2,2857.0,0.0,5000.857,0.0,323224.0,0.0,64.633664,0.0,1.750387469373469,0.0,113.13405670283514,0.0,1470.0,810.0,2,1470/405;1470/810,1470,405;810
gemver,gemver_kernel3,1470,5001,1470/5001,0,1470,5001,1,5584.0,0.0,5000.548,0.0,511458.0,0.0,102.280383,0.0,0.8955136103151862,0.0,91.59348137535817,0.0,1470.0,5001.0,1,1470/5001,1470,5001
gemver,gemver_kernel3,1470,9251,1470/9251,0,1470,9251,1,5598.0,0.0,4999.375,0.0,656563.0,0.0,131.329003,0.0,0.8930644873168989,0.0,117.2852804573062,0.0,1470.0,9251.0,1,1470/9251,1470,9251
gemver,gemver_kernel3,1470,9501,1470/9501,0,1470,9501,1,5595.0,0.0,5000.165,0.0,662286.0,0.0,132.452841,0.0,0.8936845397676497,0.0,118.37104557640752,0.0,1470.0,9501.0,1,1470/9501,1470,9501
gemver,gemver_kernel3,1890,810,1890/405;1890/810,0,1890,810,2,2871.0,0.0,5000.1025,0.0,498414.0,0.0,99.680758,0.0,1.7415891675374433,0.0,173.60292580982235,0.0,1890.0,810.0,2,1890/405;1890/810,1890,405;810
gemver,gemver_kernel3,1890,5001,1890/5001,0,1890,5001,1,7162.0,0.0,5000.237,0.0,796119.0,0.0,159.216243,0.0,0.698162105557107,0.0,111.1587545378386,0.0,1890.0,5001.0,1,1890/5001,1890,5001
gemver,gemver_kernel3,1890,9251,1890/9251,0,1890,9251,1,7165.0,0.0,5000.286,0.0,916131.0,0.0,183.215715,0.0,0.697876622470342,0.0,127.86196789951153,0.0,1890.0,9251.0,1,1890/9251,1890,9251
gemver,gemver_kernel3,1890,9501,1890/9501,0,1890,9501,1,7163.0,0.0,5000.064,0.0,942224.0,0.0,188.442389,0.0,0.6980404858299596,0.0,131.54041602680442,0.0,1890.0,9501.0,1,1890/9501,1890,9501
gemver,gemver_kernel3,1950,810,2100/810,0,1950,810,1,2872.0,0.0,4999.918,0.0,569411.0,0.0,113.884057,0.0,1.74091852367688,0.0,198.2628830083565,0.0,1950.0,810.0,1,2100/810,2100,810
gemver,gemver_kernel3,1950,5001,2100/5001,0,1950,5001,1,7405.0,0.0,5000.054,0.0,898549.0,0.0,179.707852,0.0,0.6752267386900743,0.0,121.34355165428764,0.0,1950.0,5001.0,1,2100/5001,2100,5001
gemver,gemver_kernel3,1950,9501,2100/9501,0,1950,9501,1,7068.0,0.0,4999.88,0.0,1046179.0,0.0,209.240827,0.0,0.7073967176004528,0.0,148.01627051499716,0.0,1950.0,9501.0,1,2100/9501,2100,9501
gemver,gemver_kernel3,1965,810,2100/405,0,1965,810,1,2873.0,0.0,5000.768,0.0,579562.0,0.0,115.894608,0.0,1.740608423250957,0.0,201.7271145144448,0.0,1965.0,810.0,1,2100/405,2100,405
gemver,gemver_kernel3,1965,9251,2100/9251,0,1965,9251,1,7388.0,0.0,4999.954,0.0,1037458.0,0.0,207.493525,0.0,0.676766919328641,0.0,140.42474282620466,0.0,1965.0,9251.0,1,2100/9251,2100,9251
gesummv,gesummv_kernel,210,405,210/405,0,210,405,1,439.0,0.0,5004.45,0.0,201332.0,0.0,40.230597,0.0,11.399658314350797,0.0,458.6150341685649,0.0,210.0,405.0,1,210/405,210,405
gesummv,gesummv_kernel,210,810,210/810,0,210,810,1,453.0,0.0,5001.889,0.0,206798.0,0.0,41.343983,0.0,11.04169757174393,0.0,456.5077262693157,0.0,210.0,810.0,1,210/810,210,810
gesummv,gesummv_kernel,210,5001,210/5001,0,210,5001,1,459.0,0.0,5008.146,0.0,369434.0,0.0,73.766627,0.0,10.910993464052288,0.0,804.8671023965142,0.0,210.0,5001.0,1,210/5001,210,5001
gesummv,gesummv_kernel,210,9251,210/9251,0,210,9251,1,458.0,0.0,5001.506,0.0,497840.0,0.0,99.538022,0.0,10.920318777292575,0.0,1086.9868995633187,0.0,210.0,9251.0,1,210/9251,210,9251
gesummv,gesummv_kernel,210,9501,210/9501,0,210,9501,1,459.0,0.0,5008.65,0.0,497724.0,0.0,99.372877,0.0,10.912091503267972,0.0,1084.3660130718954,0.0,210.0,9501.0,1,210/9501,210,9501
gesummv,gesummv_kernel,630,810,630/405;630/810,0,630,810,2,1104.0,0.0,5001.1085,0.0,247764.0,0.0,49.5420275,0.0,4.530177582343468,0.0,224.40306965974628,0.0,630.0,810.0,2,630/405;630/810,630,405;810
gesummv,gesummv_kernel,630,5001,630/5001,0,630,5001,1,1188.0,0.0,5003.189,0.0,418648.0,0.0,83.676224,0.0,4.211438552188552,0.0,352.3973063973064,0.0,630.0,5001.0,1,630/5001,630,5001
gesummv,gesummv_kernel,630,9251,630/9251,0,630,9251,1,1192.0,0.0,5002.885,0.0,553550.0,0.0,110.646152,0.0,4.197051174496645,0.0,464.38758389261744,0.0,630.0,9251.0,1,630/9251,630,9251
gesummv,gesummv_kernel,630,9501,630/9501,0,630,9501,1,1191.0,0.0,5001.402,0.0,544703.0,0.0,108.910054,0.0,4.199329974811083,0.0,457.3492863140218,0.0,630.0,9501.0,1,630/9501,630,9501
gesummv,gesummv_kernel,1050,810,1050/405;1050/810,0,1050,810,2,1484.0,0.0,5001.7155,0.0,294666.5,0.0,58.9130835,0.0,3.370433694690708,0.0,198.5624973890363,0.0,1050.0,810.0,2,1050/405;1050/810,1050,405;810
gesummv,gesummv_kernel,1050,5001,1050/5001,0,1050,5001,1,1960.0,0.0,5002.135,0.0,455625.0,0.0,91.086111,0.0,2.552109693877551,0.0,232.4617346938776,0.0,1050.0,5001.0,1,1050/5001,1050,5001
gesummv,gesummv_kernel,1050,9251,1050/9251,0,1050,9251,1,1963.0,0.0,5002.345,0.0,599570.0,0.0,119.857793,0.0,2.548316352521651,0.0,305.43555781966376,0.0,1050.0,9251.0,1,1050/9251,1050,9251
gesummv,gesummv_kernel,1050,9501,1050/9501,0,1050,9501,1,1978.0,0.0,5001.85,0.0,602745.0,0.0,120.504423,0.0,2.5287411526794745,0.0,304.7244691607685,0.0,1050.0,9501.0,1,1050/9501,1050,9501
gesummv,gesummv_kernel,1470,810,1470/405;1470/810,0,1470,810,2,1487.0,0.0,5000.9845000000005,0.0,329066.0,0.0,65.80025950000001,0.0,3.3631368527236045,0.0,221.29522528581037,0.0,1470.0,810.0,2,1470/405;1470/810,1470,405;810
gesummv,gesummv_kernel,1470,5001,1470/5001,0,1470,5001,1,2731.0,0.0,5001.721,0.0,513655.0,0.0,102.695658,0.0,1.8314613694617357,0.0,188.08311973636032,0.0,1470.0,5001.0,1,1470/5001,1470,5001
gesummv,gesummv_kernel,1470,9251,1470/9251,0,1470,9251,1,2733.0,0.0,5000.349,0.0,658085.0,0.0,131.607823,0.0,1.8296190998902304,0.0,240.79216977680204,0.0,1470.0,9251.0,1,1470/9251,1470,9251
gesummv,gesummv_kernel,1470,9501,1470/9501,0,1470,9501,1,2732.0,0.0,5000.233,0.0,660831.0,0.0,132.160044,0.0,1.830246339677892,0.0,241.8854319180088,0.0,1470.0,9501.0,1,1470/9501,1470,9501
gesummv,gesummv_kernel,1890,810,1890/405;1890/810,0,1890,810,2,1489.0,0.0,5000.7029999999995,0.0,505202.5,0.0,101.0263625,0.0,3.358431887764307,0.0,339.29272344302524,0.0,1890.0,810.0,2,1890/405;1890/810,1890,405;810
gesummv,gesummv_kernel,1890,5001,1890/5001,0,1890,5001,1,3482.0,0.0,5000.171,0.0,816828.0,0.0,163.36,0.0,1.4360054566341185,0.0,234.58587018954623,0.0,1890.0,5001.0,1,1890/5001,1890,5001
gesummv,gesummv_kernel,1890,9251,1890/9251,0,1890,9251,1,3498.0,0.0,5000.574,0.0,923338.0,0.0,184.646413,0.0,1.4295523156089194,0.0,263.96169239565467,0.0,1890.0,9251.0,1,1890/9251,1890,9251
gesummv,gesummv_kernel,1890,9501,1890/9501,0,1890,9501,1,3498.0,0.0,5000.516,0.0,929439.0,0.0,185.868632,0.0,1.429535734705546,0.0,265.7058319039451,0.0,1890.0,9501.0,1,1890/9501,1890,9501
gesummv,gesummv_kernel,1935,810,2100/810,0,1935,810,1,1488.0,0.0,5002.262,0.0,565644.0,0.0,113.07765,0.0,3.361735215053763,0.0,380.1370967741936,0.0,1935.0,810.0,1,2100/810,2100,810
gesummv,gesummv_kernel,1935,5001,2100/5001,0,1935,5001,1,3552.0,0.0,5000.442,0.0,875616.0,0.0,175.107724,0.0,1.4077820945945947,0.0,246.51351351351352,0.0,1935.0,5001.0,1,2100/5001,2100,5001
gesummv,gesummv_kernel,1935,9251,2100/9251,0,1935,9251,1,3613.0,0.0,5001.157,0.0,1050900.0,0.0,210.131387,0.0,1.3842117353999446,0.0,290.8663160808193,0.0,1935.0,9251.0,1,2100/9251,2100,9251
gesummv,gesummv_kernel,1965,810,2100/405,0,1965,810,1,1489.0,0.0,5002.63,0.0,589972.0,0.0,117.93237,0.0,3.3597246474143723,0.0,396.2202820685024,0.0,1965.0,810.0,1,2100/405,2100,405
gesummv,gesummv_kernel,1965,9501,2100/9501,0,1965,9501,1,3584.0,0.0,5000.862,0.0,1052964.0,0.0,210.556508,0.0,1.395329799107143,0.0,293.79575892857144,0.0,1965.0,9501.0,1,2100/9501,2100,9501
gramschmidt,kernel1,210,405,210/405,0,210,405,1,10302.0,0.0,5000.254,0.0,165285.0,0.0,33.055318,0.0,0.4853673073189671,0.0,16.04397204426325,0.0,210.0,405.0,1,210/405,210,405
gramschmidt,kernel1,210,810,210/810,0,210,810,1,11319.0,0.0,5000.202,0.0,178175.0,0.0,35.633559,0.0,0.4417529817121654,0.0,15.741231557558088,0.0,210.0,810.0,1,210/810,210,810
gramschmidt,kernel1,210,5001,210/5001,0,210,5001,1,11417.0,0.0,5000.423,0.0,339127.0,0.0,67.819658,0.0,0.4379804677235701,0.0,29.70368748357712,0.0,210.0,5001.0,1,210/5001,210,5001
gramschmidt,kernel1,210,9251,210/9251,0,210,9251,1,11678.0,0.0,5000.339,0.0,444386.0,0.0,88.871177,0.0,0.4281845350231203,0.0,38.053262544956326,0.0,210.0,9251.0,1,210/9251,210,9251
gramschmidt,kernel1,210,9501,210/9501,0,210,9501,1,11682.0,0.0,5000.361,0.0,442794.0,0.0,88.552401,0.0,0.4280398048279404,0.0,37.90395480225989,0.0,210.0,9501.0,1,210/9501,210,9501
gramschmidt,kernel1,630,810,630/405;630/810,0,630,810,2,23129.0,0.0,5000.0355,0.0,186764.0,0.0,37.3525355,0.0,0.21777144526910885,0.0,8.128650185091159,0.0,630.0,810.0,2,630/405;630/810,630,405;810
gramschmidt,kernel1,630,5001,630/5001,0,630,5001,1,25419.0,0.0,5000.035,0.0,348843.0,0.0,69.768116,0.0,0.1967046303945867,0.0,13.723710610173493,0.0,630.0,5001.0,1,630/5001,630,5001
gramschmidt,kernel1,630,9251,630/9251,0,630,9251,1,26999.0,0.0,5000.062,0.0,459970.0,0.0,91.992868,0.0,0.1851943405311308,0.0,17.036556909515166,0.0,630.0,9251.0,1,630/9251,630,9251
gramschmidt,kernel1,630,9501,630/9501,0,630,9501,1,27003.0,0.0,5000.024,0.0,461385.0,0.0,92.276558,0.0,0.1851655001296152,0.0,17.08643484057327,0.0,630.0,9501.0,1,630/9501,630,9501
gramschmidt,kernel1,1050,810,1050/405;1050/810,0,1050,810,2,35429.5,0.0,5000.103,0.0,201096.0,0.0,40.218373,0.0,0.14116025527752465,0.0,5.6772884362893326,0.0,1050.0,810.0,2,1050/405;1050/810,1050,405;810
gramschmidt,kernel1,1050,5001,1050/5001,0,1050,5001,1,36350.0,0.0,5000.144,0.0,360211.0,0.0,72.040125,0.0,0.1375555433287482,0.0,9.909518569463549,0.0,1050.0,5001.0,1,1050/5001,1050,5001
gramschmidt,kernel1,1050,9251,1050/9251,0,1050,9251,1,39778.0,0.0,5000.115,0.0,480075.0,0.0,96.012797,0.0,0.1257005128462969,0.0,12.068857157222585,0.0,1050.0,9251.0,1,1050/9251,1050,9251
gramschmidt,kernel1,1050,9501,1050/9501,0,1050,9501,1,39951.0,0.0,5000.015,0.0,480395.0,0.0,96.078709,0.0,0.1251536882681284,0.0,12.02460514129809,0.0,1050.0,9501.0,1,1050/9501,1050,9501
gramschmidt,kernel1,1470,810,1470/405;1470/810,0,1470,810,2,48170.0,0.0,5000.0585,0.0,218916.5,0.0,43.7827895,0.0,0.1038003138527505,0.0,4.544672370057647,0.0,1470.0,810.0,2,1470/405;1470/810,1470,405;810
gramschmidt,kernel1,1470,5001,1470/5001,0,1470,5001,1,48543.0,0.0,5000.104,0.0,388992.0,0.0,77.796782,0.0,0.1030036050511917,0.0,8.013348989555652,0.0,1470.0,5001.0,1,1470/5001,1470,5001
gramschmidt,kernel1,1470,9251,1470/9251,0,1470,9251,1,50018.0,0.0,5000.009,0.0,504702.0,0.0,100.940213,0.0,0.0999641928905594,0.0,10.090407453316804,0.0,1470.0,9251.0,1,1470/9251,1470,9251
gramschmidt,kernel1,1470,9501,1470/9501,0,1470,9501,1,49665.0,0.0,5000.077,0.0,505663.0,0.0,101.131049,0.0,0.1006760696667673,0.0,10.181475888452631,0.0,1470.0,9501.0,1,1470/9501,1470,9501
gramschmidt,kernel1,1890,810,1890/405;1890/810,0,1890,810,2,60892.0,0.0,5000.0425,0.0,360472.0,0.0,72.093786,0.0,0.08211387780160234,0.0,5.919836257912841,0.0,1890.0,810.0,2,1890/405;1890/810,1890,405;810
gramschmidt,kernel1,1890,5001,1890/5001,0,1890,5001,1,61274.0,0.0,5000.023,0.0,518629.0,0.0,103.725324,0.0,0.0816010542807716,0.0,8.464095701276234,0.0,1890.0,5001.0,1,1890/5001,1890,5001
gramschmidt,kernel1,1890,9251,1890/9251,0,1890,9251,1,61660.0,0.0,5000.036,0.0,645681.0,0.0,129.135267,0.0,0.0810904313979889,0.0,10.47163477132663,0.0,1890.0,9251.0,1,1890/9251,1890,9251
gramschmidt,kernel1,1890,9501,1890/9501,0,1890,9501,1,61273.0,0.0,5000.078,0.0,655367.0,0.0,131.071352,0.0,0.0816032836649095,0.0,10.69585298581757,0.0,1890.0,9501.0,1,1890/9501,1890,9501
gramschmidt,kernel1,1950,810,2100/405;2100/810,0,1950,810,2,62907.5,0.0,5000.0735,0.0,420833.5,0.0,84.1654675,0.0,0.07948294722935939,0.0,6.689719641991836,0.0,1950.0,810.0,2,2100/405;2100/810,2100,405;810
gramschmidt,kernel1,1950,9501,2100/9501,0,1950,9501,1,63123.0,0.0,5000.026,0.0,718247.0,0.0,143.648642,0.0,0.0792108423237171,0.0,11.378530804936394,0.0,1950.0,9501.0,1,2100/9501,2100,9501
gramschmidt,kernel1,1965,5001,2100/5001,0,1965,5001,1,63754.0,0.0,5000.076,0.0,599329.0,0.0,119.863974,0.0,0.0784276437556859,0.0,9.400649371019858,0.0,1965.0,5001.0,1,2100/5001,2100,5001
gramschmidt,kernel1,1965,9251,2100/9251,0,1965,9251,1,63153.0,0.0,5000.036,0.0,713648.0,0.0,142.728569,0.0,0.0791733726030434,0.0,11.300302440105774,0.0,1965.0,9251.0,1,2100/9251,2100,9251
gramschmidt,kernel2,210,405,210/405,0,210,405,1,304124.0,0.0,5000.002,0.0,155687.0,0.0,31.137388,0.0,0.0164406689376701,0.0,0.5119194802120188,0.0,210.0,405.0,1,210/405,210,405
gramschmidt,kernel2,210,810,210/810,0,210,810,1,347283.0,0.0,5000.015,0.0,179606.0,0.0,35.921095,0.0,0.014397523057564,0.0,0.5171747537311069,0.0,210.0,810.0,1,210/810,210,810
gramschmidt,kernel2,210,5001,210/5001,0,210,5001,1,353743.0,0.0,5000.005,0.0,338846.0,0.0,67.769134,0.0,0.0141345694473106,0.0,0.9578875059011768,0.0,210.0,5001.0,1,210/5001,210,5001
gramschmidt,kernel2,210,9251,210/9251,0,210,9251,1,356476.0,0.0,5000.017,0.0,446802.0,0.0,89.360095,0.0,0.0140262373904554,0.0,1.2533859221939203,0.0,210.0,9251.0,1,210/9251,210,9251
gramschmidt,kernel2,210,9501,210/9501,0,210,9501,1,369434.0,0.0,5000.016,0.0,447729.0,0.0,89.545511,0.0,0.0135342605174401,0.0,1.2119323072592127,0.0,210.0,9501.0,1,210/9501,210,9501
gramschmidt,kernel2,630,810,630/405;630/810,0,630,810,2,473969.0,0.0,5000.013000000001,0.0,189744.0,0.0,37.9487015,0.0,0.0106017836802203,0.0,0.4021540409209361,0.0,630.0,810.0,2,630/405;630/810,630,405;810
gramschmidt,kernel2,630,5001,630/5001,0,630,5001,1,524547.0,0.0,5000.015,0.0,351952.0,0.0,70.390194,0.0,0.0095320629038008,0.0,0.6709637077325769,0.0,630.0,5001.0,1,630/5001,630,5001
gramschmidt,kernel2,630,9251,630/9251,0,630,9251,1,592930.0,0.0,5000.007,0.0,467421.0,0.0,93.484063,0.0,0.0084327104379943,0.0,0.7883240854738334,0.0,630.0,9251.0,1,630/9251,630,9251
gramschmidt,kernel2,630,9501,630/9501,0,630,9501,1,560193.0,0.0,5000.011,0.0,468459.0,0.0,93.691599,0.0,0.0089255149564525,0.0,0.8362457224563677,0.0,630.0,9501.0,1,630/9501,630,9501
gramschmidt,kernel2,1050,810,1050/405;1050/810,0,1050,810,2,570002.5,0.0,5000.0085,0.0,203736.5,0.0,40.747228500000006,0.0,0.00877320843772015,0.0,0.35749011796721186,0.0,1050.0,810.0,2,1050/405;1050/810,1050,405;810
gramschmidt,kernel2,1050,5001,1050/5001,0,1050,5001,1,640493.0,0.0,5000.01,0.0,365503.0,0.0,73.10045,0.0,0.0078065021787904,0.0,0.5706588518531819,0.0,1050.0,5001.0,1,1050/5001,1050,5001
gramschmidt,kernel2,1050,9251,1050/9251,0,1050,9251,1,652173.0,0.0,5000.007,0.0,484192.0,0.0,96.838258,0.0,0.0076666881333633,0.0,0.7424287727336152,0.0,1050.0,9251.0,1,1050/9251,1050,9251
gramschmidt,kernel2,1050,9501,1050/9501,0,1050,9501,1,656498.0,0.0,5000.012,0.0,487930.0,0.0,97.585771,0.0,0.0076161877111582,0.0,0.7432315102254691,0.0,1050.0,9501.0,1,1050/9501,1050,9501
gramschmidt,kernel2,1470,810,1470/405;1470/810,0,1470,810,2,668815.0,0.0,5000.0115000000005,0.0,222832.5,0.0,44.5663995,0.0,0.0074759260801983,0.0,0.3331751224312463,0.0,1470.0,810.0,2,1470/405;1470/810,1470,405;810
gramschmidt,kernel2,1470,5001,1470/5001,0,1470,5001,1,689631.0,0.0,5000.01,0.0,394082.0,0.0,78.816246,0.0,0.0072502686219151,0.0,0.5714389289344591,0.0,1470.0,5001.0,1,1470/5001,1470,5001
gramschmidt,kernel2,1470,9251,1470/9251,0,1470,9251,1,711097.0,0.0,5000.012,0.0,509551.0,0.0,101.909951,0.0,0.0070314064044708,0.0,0.7165703131921524,0.0,1470.0,9251.0,1,1470/9251,1470,9251
gramschmidt,kernel2,1470,9501,1470/9501,0,1470,9501,1,754103.0,0.0,5000.004,0.0,510653.0,0.0,102.13051,0.0,0.0066303992955869,0.0,0.6771661165649785,0.0,1470.0,9501.0,1,1470/9501,1470,9501
gramschmidt,kernel2,1890,810,1890/405;1890/810,0,1890,810,2,738446.5,0.0,5000.0075,0.0,365941.0,0.0,73.18808899999999,0.0,0.006771109043495149,0.0,0.4955580361256095,0.0,1890.0,810.0,2,1890/405;1890/810,1890,405;810
gramschmidt,kernel2,1890,5001,1890/5001,0,1890,5001,1,822019.0,0.0,5000.004,0.0,531694.0,0.0,106.338707,0.0,0.0060825893318767,0.0,0.6468147329927897,0.0,1890.0,5001.0,1,1890/5001,1890,5001
gramschmidt,kernel2,1890,9251,1890/9251,0,1890,9251,1,823665.0,0.0,5000.008,0.0,659811.0,0.0,131.961981,0.0,0.0060704388313209,0.0,0.801067181439056,0.0,1890.0,9251.0,1,1890/9251,1890,9251
gramschmidt,kernel2,1890,9501,1890/9501,0,1890,9501,1,828553.0,0.0,5000.008,0.0,671710.0,0.0,134.34179,0.0,0.006034626632213,0.0,0.8107025139007402,0.0,1890.0,9501.0,1,1890/9501,1890,9501
gramschmidt,kernel2,1950,810,2100/405;2100/810,0,1950,810,2,776378.0,0.0,5000.005,0.0,427336.0,0.0,85.4671165,0.0,0.0064503947568707,0.0,0.5511631203728211,0.0,1950.0,810.0,2,2100/405;2100/810,2100,405;810
gramschmidt,kernel2,1950,9501,2100/9501,0,1950,9501,1,828085.0,0.0,5000.005,0.0,731415.0,0.0,146.282843,0.0,0.0060380335352047,0.0,0.8832607763695756,0.0,1950.0,9501.0,1,2100/9501,2100,9501
gramschmidt,kernel2,1965,5001,2100/5001,0,1965,5001,1,841388.0,0.0,5000.003,0.0,610619.0,0.0,122.123728,0.0,0.00594256514236,0.0,0.7257282014956239,0.0,1965.0,5001.0,1,2100/5001,2100,5001
gramschmidt,kernel2,1965,9251,2100/9251,0,1965,9251,1,783052.0,0.0,5000.006,0.0,720370.0,0.0,144.073817,0.0,0.0063852796493719,0.0,0.919951676261602,0.0,1965.0,9251.0,1,2100/9251,2100,9251
gramschmidt,kernel3,210,405,210/405,0,210,405,1,412.0,0.0,5002.271,0.0,155865.0,0.0,31.158848,0.0,12.141434466019415,0.0,378.3131067961165,0.0,210.0,405.0,1,210/405,210,405
gramschmidt,kernel3,210,810,210/810,0,210,810,1,668.0,0.0,5005.736,0.0,184656.0,0.0,36.888879,0.0,7.493616766467066,0.0,276.4311377245509,0.0,210.0,810.0,1,210/810,210,810
gramschmidt,kernel3,210,5001,210/5001,0,210,5001,1,1221.0,0.0,5002.139,0.0,342430.0,0.0,68.456712,0.0,4.096755937755938,0.0,280.45045045045043,0.0,210.0,5001.0,1,210/5001,210,5001
gramschmidt,kernel3,210,9251,210/9251,0,210,9251,1,1363.0,0.0,5002.689,0.0,453313.0,0.0,90.61386,0.0,3.670351430667645,0.0,332.58473954512107,0.0,210.0,9251.0,1,210/9251,210,9251
gramschmidt,kernel3,210,9501,210/9501,0,210,9501,1,1363.0,0.0,5001.764,0.0,455480.0,0.0,91.063879,0.0,3.669672780630961,0.0,334.1746148202495,0.0,210.0,9501.0,1,210/9501,210,9501
gramschmidt,kernel3,630,810,630/405;630/810,0,630,810,2,834.5,0.0,5000.389,0.0,192280.0,0.0,38.453024,0.0,5.998600011644054,0.0,230.59034276645477,0.0,630.0,810.0,2,630/405;630/810,630,405;810
gramschmidt,kernel3,630,5001,630/5001,0,630,5001,1,2113.0,0.0,5000.928,0.0,356887.0,0.0,71.364159,0.0,2.366743019403692,0.0,168.9006152389967,0.0,630.0,5001.0,1,630/5001,630,5001
gramschmidt,kernel3,630,9251,630/9251,0,630,9251,1,2588.0,0.0,5001.242,0.0,479575.0,0.0,95.891177,0.0,1.9324737248840804,0.0,185.30718701700155,0.0,630.0,9251.0,1,630/9251,630,9251
gramschmidt,kernel3,630,9501,630/9501,0,630,9501,1,2587.0,0.0,5000.325,0.0,483445.0,0.0,96.682721,0.0,1.9328662543486663,0.0,186.87475840742167,0.0,630.0,9501.0,1,630/9501,630,9501
gramschmidt,kernel3,1050,810,1050/405;1050/810,0,1050,810,2,925.0,0.0,5001.7255000000005,0.0,207579.5,0.0,41.501613500000005,0.0,5.407374042933163,0.0,224.40455336491317,0.0,1050.0,810.0,2,1050/405;1050/810,1050,405;810
gramschmidt,kernel3,1050,5001,1050/5001,0,1050,5001,1,2574.0,0.0,5001.779,0.0,382913.0,0.0,76.555365,0.0,1.943193084693085,0.0,148.76184926184925,0.0,1050.0,5001.0,1,1050/5001,1050,5001
gramschmidt,kernel3,1050,9251,1050/9251,0,1050,9251,1,3323.0,0.0,5000.57,0.0,502304.0,0.0,100.449342,0.0,1.504835991573879,0.0,151.15979536563347,0.0,1050.0,9251.0,1,1050/9251,1050,9251
gramschmidt,kernel3,1050,9501,1050/9501,0,1050,9501,1,3316.0,0.0,5000.475,0.0,504270.0,0.0,100.844428,0.0,1.5079840168878167,0.0,152.0717732207479,0.0,1050.0,9501.0,1,1050/9501,1050,9501
gramschmidt,kernel3,1470,810,1470/405;1470/810,0,1470,810,2,982.0,0.0,5001.6155,0.0,229434.0,0.0,45.871939999999995,0.0,5.093294806517312,0.0,233.6395112016293,0.0,1470.0,810.0,2,1470/405;1470/810,1470,405;810
gramschmidt,kernel3,1470,5001,1470/5001,0,1470,5001,1,2994.0,0.0,5000.196,0.0,411354.0,0.0,82.267578,0.0,1.670072144288577,0.0,137.3927855711423,0.0,1470.0,5001.0,1,1470/5001,1470,5001
gramschmidt,kernel3,1470,9251,1470/9251,0,1470,9251,1,3768.0,0.0,5001.09,0.0,531711.0,0.0,106.319026,0.0,1.327253184713376,0.0,141.11226114649682,0.0,1470.0,9251.0,1,1470/9251,1470,9251
gramschmidt,kernel3,1470,9501,1470/9501,0,1470,9501,1,3767.0,0.0,5001.119,0.0,521504.0,0.0,104.27746,0.0,1.3276132200690205,0.0,138.44013804088135,0.0,1470.0,9501.0,1,1470/9501,1470,9501
gramschmidt,kernel3,1890,810,1890/405;1890/810,0,1890,810,2,1018.0,0.0,5002.0470000000005,0.0,380987.0,0.0,76.16625099999999,0.0,4.913602161100197,0.0,374.25049115913555,0.0,1890.0,810.0,2,1890/405;1890/810,1890,405;810
gramschmidt,kernel3,1890,5001,1890/5001,0,1890,5001,1,3372.0,0.0,5001.05,0.0,558112.0,0.0,111.598969,0.0,1.4831109134045075,0.0,165.51364175563464,0.0,1890.0,5001.0,1,1890/5001,1890,5001
gramschmidt,kernel3,1890,9251,1890/9251,0,1890,9251,1,4263.0,0.0,5000.674,0.0,696307.0,0.0,139.242635,0.0,1.17304105090312,0.0,163.3373211353507,0.0,1890.0,9251.0,1,1890/9251,1890,9251
gramschmidt,kernel3,1890,9501,1890/9501,0,1890,9501,1,4263.0,0.0,5000.725,0.0,698657.0,0.0,139.711153,0.0,1.173053014309172,0.0,163.8885761201032,0.0,1890.0,9501.0,1,1890/9501,1890,9501
gramschmidt,kernel3,1950,810,2100/405;2100/810,0,1950,810,2,1022.0,0.0,5001.317999999999,0.0,438539.0,0.0,87.68473,0.0,4.893657534246575,0.0,429.0988258317025,0.0,1950.0,810.0,2,2100/405;2100/810,2100,405;810
gramschmidt,kernel3,1950,5001,2100/5001,0,1950,5001,1,3419.0,0.0,5000.663,0.0,622108.0,0.0,124.405114,0.0,1.4626098274349224,0.0,181.95612752266743,0.0,1950.0,5001.0,1,2100/5001,2100,5001
gramschmidt,kernel3,1950,9251,2100/9251,0,1950,9251,1,4341.0,0.0,5000.672,0.0,765771.0,0.0,153.133623,0.0,1.1519631421331489,0.0,176.40428472702143,0.0,1950.0,9251.0,1,2100/9251,2100,9251
gramschmidt,kernel3,1950,9501,2100/9501,0,1950,9501,1,4360.0,0.0,5001.064,0.0,772521.0,0.0,154.47133,0.0,1.147033027522936,0.0,177.18371559633027,0.0,1950.0,9501.0,1,2100/9501,2100,9501
hotspot,calculate_temp,210,405,210/405,0,210,405,1,118895.0,0.0,5000.019,0.0,220198.0,0.0,44.039432,0.0,0.0420540729214853,0.0,1.8520375120905,0.0,210.0,405.0,1,210/405,210,405
hotspot,calculate_temp,210,810,210/810,0,210,810,1,128635.0,0.0,5000.039,0.0,231048.0,0.0,46.209244,0.0,0.0388699731799277,0.0,1.7961519026703463,0.0,210.0,810.0,1,210/810,210,810
hotspot,calculate_temp,210,5001,210/5001,0,210,5001,1,128368.0,0.0,5000.027,0.0,398164.0,0.0,79.632365,0.0,0.0389507275956624,0.0,3.1017387510906147,0.0,210.0,5001.0,1,210/5001,210,5001
hotspot,calculate_temp,210,9251,210/9251,0,210,9251,1,132418.0,0.0,5000.043,0.0,516085.0,0.0,103.216103,0.0,0.0377595417541421,0.0,3.8973931036566025,0.0,210.0,9251.0,1,210/9251,210,9251
hotspot,calculate_temp,210,9501,210/9501,0,210,9501,1,130645.0,0.0,5000.009,0.0,515943.0,0.0,103.188419,0.0,0.0382717210761988,0.0,3.9491982088866777,0.0,210.0,9501.0,1,210/9501,210,9501
hotspot,calculate_temp,630,810,630/405;630/810,0,630,810,2,247658.0,0.0,5000.014499999999,0.0,303508.5,0.0,60.7015245,0.0,0.0202225180137683,0.0,1.225875977414385,0.0,630.0,810.0,2,630/405;630/810,630,405;810
hotspot,calculate_temp,630,5001,630/5001,0,630,5001,1,273112.0,0.0,5000.026,0.0,463462.0,0.0,92.69192,0.0,0.0183076027417323,0.0,1.6969668121503263,0.0,630.0,5001.0,1,630/5001,630,5001
hotspot,calculate_temp,630,9251,630/9251,0,630,9251,1,282966.0,0.0,5000.01,0.0,608672.0,0.0,121.734162,0.0,0.0176700027565149,0.0,2.1510428814769265,0.0,630.0,9251.0,1,630/9251,630,9251
hotspot,calculate_temp,630,9501,630/9501,0,630,9501,1,274499.0,0.0,5000.007,0.0,608355.0,0.0,121.670834,0.0,0.018215028105749,0.0,2.216237581921974,0.0,630.0,9501.0,1,630/9501,630,9501
hotspot,calculate_temp,1050,810,1050/405;1050/810,0,1050,810,2,349432.0,0.0,5000.0115,0.0,365214.0,0.0,73.0426325,0.0,0.0143152096487274,0.0,1.045471362298727,0.0,1050.0,810.0,2,1050/405;1050/810,1050,405;810
hotspot,calculate_temp,1050,5001,1050/5001,0,1050,5001,1,356786.0,0.0,5000.017,0.0,516749.0,0.0,103.349447,0.0,0.0140140504391988,0.0,1.4483443857102016,0.0,1050.0,5001.0,1,1050/5001,1050,5001
hotspot,calculate_temp,1050,9251,1050/9251,0,1050,9251,1,377250.0,0.0,5000.007,0.0,677403.0,0.0,135.480415,0.0,0.0132538290258449,0.0,1.795634194831014,0.0,1050.0,9251.0,1,1050/9251,1050,9251
hotspot,calculate_temp,1050,9501,1050/9501,0,1050,9501,1,386998.0,0.0,5000.011,0.0,673439.0,0.0,134.687511,0.0,0.0129199918345831,0.0,1.7401614478627796,0.0,1050.0,9501.0,1,1050/9501,1050,9501
hotspot,calculate_temp,1470,810,1470/405;1470/810,0,1470,810,2,422494.0,0.0,5000.005999999999,0.0,441543.5,0.0,88.308592,0.0,0.01183450218396715,0.0,1.0450888065289445,0.0,1470.0,810.0,2,1470/405;1470/810,1470,405;810
hotspot,calculate_temp,1470,5001,1470/5001,0,1470,5001,1,445535.0,0.0,5000.011,0.0,612965.0,0.0,122.592737,0.0,0.0112224875711223,0.0,1.3757953920567407,0.0,1470.0,5001.0,1,1470/5001,1470,5001
hotspot,calculate_temp,1470,9251,1470/9251,0,1470,9251,1,433856.0,0.0,5000.011,0.0,731412.0,0.0,146.282086,0.0,0.0115245864987461,0.0,1.6858404631951616,0.0,1470.0,9251.0,1,1470/9251,1470,9251
hotspot,calculate_temp,1470,9501,1470/9501,0,1470,9501,1,433248.0,0.0,5000.017,0.0,734871.0,0.0,146.973712,0.0,0.0115407734138414,0.0,1.696190172834035,0.0,1470.0,9501.0,1,1470/9501,1470,9501
hotspot,calculate_temp,1890,810,1890/405;1890/810,0,1890,810,2,514668.5,0.0,5000.0105,0.0,832761.5,0.0,166.551959,0.0,0.009715034787360851,0.0,1.6180670730893854,0.0,1890.0,810.0,2,1890/405;1890/810,1890,405;810
hotspot,calculate_temp,1890,5001,1890/5001,0,1890,5001,1,504136.0,0.0,5000.012,0.0,1009935.0,0.0,201.986527,0.0,0.0099179824491803,0.0,2.003298713045686,0.0,1890.0,5001.0,1,1890/5001,1890,5001
hotspot,calculate_temp,1890,9251,1890/9251,0,1890,9251,1,529010.0,0.0,5000.007,0.0,1197238.0,0.0,239.447273,0.0,0.0094516304039621,0.0,2.2631670478818924,0.0,1890.0,9251.0,1,1890/9251,1890,9251
hotspot,calculate_temp,1890,9501,1890/9501,0,1890,9501,1,529047.0,0.0,5000.006,0.0,1236830.0,0.0,247.36571,0.0,0.0094509674943814,0.0,2.3378452198008874,0.0,1890.0,9501.0,1,1890/9501,1890,9501
hotspot,calculate_temp,1935,810,2100/405,0,1935,810,1,526739.0,0.0,5000.009,0.0,1032032.0,0.0,206.406037,0.0,0.0094923842738054,0.0,1.959285338659184,0.0,1935.0,810.0,1,2100/405,2100,405
hotspot,calculate_temp,1950,810,2100/810,0,1950,810,1,525421.0,0.0,5000.01,0.0,1015747.0,0.0,203.149003,0.0,0.0095161974873482,0.0,1.933205943424416,0.0,1950.0,810.0,1,2100/810,2100,810
hotspot,calculate_temp,1950,5001,2100/5001,0,1950,5001,1,512102.0,0.0,5000.009,0.0,1174200.0,0.0,234.839587,0.0,0.0097636974665203,0.0,2.292902585812983,0.0,1950.0,5001.0,1,2100/5001,2100,5001
hotspot,calculate_temp,1950,9251,2100/9251,0,1950,9251,1,539857.0,0.0,5000.008,0.0,1326497.0,0.0,265.298985,0.0,0.0092617267165193,0.0,2.457126609453985,0.0,1950.0,9251.0,1,2100/9251,2100,9251
hotspot,calculate_temp,1950,9501,2100/9501,0,1950,9501,1,510789.0,0.0,5000.007,0.0,1309238.0,0.0,261.847216,0.0,0.0097887914579209,0.0,2.563167961721964,0.0,1950.0,9501.0,1,2100/9501,2100,9501
hotspot3d,hotspotOpt1,210,405,210/405,0,210,405,1,5064.0,0.0,5000.527,0.0,209883.0,0.0,41.972177,0.0,0.9874658372827804,0.0,41.44609004739336,0.0,210.0,405.0,1,210/405,210,405
hotspot3d,hotspotOpt1,210,810,210/810,0,210,810,1,11730.0,0.0,5000.127,0.0,256328.0,0.0,51.264293,0.0,0.4262682864450128,0.0,21.85234441602728,0.0,210.0,810.0,1,210/810,210,810
hotspot3d,hotspotOpt1,210,5001,210/5001,0,210,5001,1,61544.0,0.0,5000.017,0.0,622359.0,0.0,124.471375,0.0,0.0812429643832055,0.0,10.112423631873131,0.0,210.0,5001.0,1,210/5001,210,5001
hotspot3d,hotspotOpt1,210,9251,210/9251,0,210,9251,1,63236.0,0.0,5000.076,0.0,788623.0,0.0,157.722197,0.0,0.0790700866594977,0.0,12.47110822948953,0.0,210.0,9251.0,1,210/9251,210,9251
hotspot3d,hotspotOpt1,210,9501,210/9501,0,210,9501,1,63166.0,0.0,5000.074,0.0,777477.0,0.0,155.493092,0.0,0.0791576797644302,0.0,12.308472912642875,0.0,210.0,9501.0,1,210/9501,210,9501
hotspot3d,hotspotOpt1,630,810,630/405;630/810,0,630,810,2,11802.0,0.0,5000.0475,0.0,265047.0,0.0,53.0088875,0.0,0.4236643348010676,0.0,22.456849701063167,0.0,630.0,810.0,2,630/405;630/810,630,405;810
hotspot3d,hotspotOpt1,630,5001,630/5001,0,630,5001,1,73331.0,0.0,5000.008,0.0,673447.0,0.0,134.68919,0.0,0.0681840967667153,0.0,9.183660389194202,0.0,630.0,5001.0,1,630/5001,630,5001
hotspot3d,hotspotOpt1,630,9251,630/9251,0,630,9251,1,118239.0,0.0,5000.015,0.0,996058.0,0.0,199.210997,0.0,0.0422873586549277,0.0,8.424107105100687,0.0,630.0,9251.0,1,630/9251,630,9251
hotspot3d,hotspotOpt1,630,9501,630/9501,0,630,9501,1,118243.0,0.0,5000.043,0.0,1000571.0,0.0,200.112461,0.0,0.0422861649315392,0.0,8.461989293235117,0.0,630.0,9501.0,1,630/9501,630,9501
hotspot3d,hotspotOpt1,1050,810,1050/405;1050/810,0,1050,810,2,11869.5,0.0,5000.214,0.0,288194.0,0.0,57.636359,0.0,0.42126576547203065,0.0,24.280228335828163,0.0,1050.0,810.0,2,1050/405;1050/810,1050,405;810
hotspot3d,hotspotOpt1,1050,5001,1050/5001,0,1050,5001,1,75419.0,0.0,5000.067,0.0,697121.0,0.0,139.422335,0.0,0.0662971797557644,0.0,9.243307389384638,0.0,1050.0,5001.0,1,1050/5001,1050,5001
hotspot3d,hotspotOpt1,1050,9251,1050/9251,0,1050,9251,1,125142.0,0.0,5000.032,0.0,1043450.0,0.0,208.688655,0.0,0.0399548672707803,0.0,8.338127886720685,0.0,1050.0,9251.0,1,1050/9251,1050,9251
hotspot3d,hotspotOpt1,1050,9501,1050/9501,0,1050,9501,1,123703.0,0.0,5000.006,0.0,1042968.0,0.0,208.593356,0.0,0.0404194401105874,0.0,8.43122640518015,0.0,1050.0,9501.0,1,1050/9501,1050,9501
hotspot3d,hotspotOpt1,1470,810,1470/405;1470/810,0,1470,810,2,11907.5,0.0,5000.2945,0.0,322369.5,0.0,64.4701105,0.0,0.4199283192924672,0.0,27.07308306033282,0.0,1470.0,810.0,2,1470/405;1470/810,1470,405;810
hotspot3d,hotspotOpt1,1470,5001,1470/5001,0,1470,5001,1,76881.0,0.0,5000.014,0.0,747862.0,0.0,149.571991,0.0,0.0650357565588376,0.0,9.727526957245614,0.0,1470.0,5001.0,1,1470/5001,1470,5001
hotspot3d,hotspotOpt1,1470,9251,1470/9251,0,1470,9251,1,125510.0,0.0,5000.029,0.0,1078625.0,0.0,215.723736,0.0,0.0398376942076328,0.0,8.593936738108518,0.0,1470.0,9251.0,1,1470/9251,1470,9251
hotspot3d,hotspotOpt1,1470,9501,1470/9501,0,1470,9501,1,127986.0,0.0,5000.006,0.0,1100352.0,0.0,220.070142,0.0,0.0390668198084165,0.0,8.597440345037738,0.0,1470.0,9501.0,1,1470/9501,1470,9501
hotspot3d,hotspotOpt1,1890,810,1890/405;1890/810,0,1890,810,2,11942.0,0.0,5000.1404999999995,0.0,482869.5,0.0,96.5711655,0.0,0.41870210407076747,0.0,40.43453444519705,0.0,1890.0,810.0,2,1890/405;1890/810,1890,405;810
hotspot3d,hotspotOpt1,1890,5001,1890/5001,0,1890,5001,1,77197.0,0.0,5000.027,0.0,1053615.0,0.0,210.721848,0.0,0.064769706076661,0.0,13.648393072269648,0.0,1890.0,5001.0,1,1890/5001,1890,5001
hotspot3d,hotspotOpt1,1890,9251,1890/9251,0,1890,9251,1,130569.0,0.0,5000.028,0.0,1547779.0,0.0,309.554047,0.0,0.038294143326517,0.0,11.854107789751012,0.0,1890.0,9251.0,1,1890/9251,1890,9251
hotspot3d,hotspotOpt1,1890,9501,1890/9501,0,1890,9501,1,128460.0,0.0,5000.029,0.0,1603166.0,0.0,320.631353,0.0,0.0389228475790129,0.0,12.47988478903939,0.0,1890.0,9501.0,1,1890/9501,1890,9501
hotspot3d,hotspotOpt1,1920,9501,2100/9501,0,1920,9501,1,130610.0,0.0,5000.02,0.0,1722094.0,0.0,344.417455,0.0,0.0382820610979251,0.0,13.185008804838834,0.0,1920.0,9501.0,1,2100/9501,2100,9501
hotspot3d,hotspotOpt1,1935,810,2100/405,0,1935,810,1,11943.0,0.0,5000.245,0.0,571904.0,0.0,114.375193,0.0,0.4186757933517541,0.0,47.886125764045886,0.0,1935.0,810.0,1,2100/405,2100,405
hotspot3d,hotspotOpt1,1950,5001,2100/5001,0,1950,5001,1,78094.0,0.0,5000.05,0.0,1213423.0,0.0,242.682183,0.0,0.0640260455348682,0.0,15.53797987041258,0.0,1950.0,5001.0,1,2100/5001,2100,5001
hotspot3d,hotspotOpt1,1950,9251,2100/9251,0,1950,9251,1,130870.0,0.0,5000.042,0.0,1720201.0,0.0,344.037344,0.0,0.0382061740658668,0.0,13.144349354321085,0.0,1950.0,9251.0,1,2100/9251,2100,9251
hotspot3d,hotspotOpt1,1965,810,2100/810,0,1965,810,1,11944.0,0.0,5000.035,0.0,566220.0,0.0,113.243204,0.0,0.418623158070998,0.0,47.406229068988615,0.0,1965.0,810.0,1,2100/810,2100,810
jacobi1d,kernel1,210,405,210/405,0,210,405,1,385764.0,0.0,5000.014,0.0,169084.0,0.0,33.816708,0.0,0.0129613286880061,0.0,0.4383094327101544,0.0,210.0,405.0,1,210/405,210,405
jacobi1d,kernel1,210,810,210/810,0,210,810,1,433424.0,0.0,5000.013,0.0,181948.0,0.0,36.389508,0.0,0.011536077836022,0.0,0.4197921665620732,0.0,210.0,810.0,1,210/810,210,810
jacobi1d,kernel1,210,5001,210/5001,0,210,5001,1,451086.0,0.0,5000.011,0.0,349246.0,0.0,69.84905,0.0,0.0110843852391783,0.0,0.7742337381341917,0.0,210.0,5001.0,1,210/5001,210,5001
jacobi1d,kernel1,210,9251,210/9251,0,210,9251,1,473483.0,0.0,5000.01,0.0,447974.0,0.0,89.594625,0.0,0.0105600623464834,0.0,0.9461247816711476,0.0,210.0,9251.0,1,210/9251,210,9251
jacobi1d,kernel1,210,9501,210/9501,0,210,9501,1,470022.0,0.0,5000.015,0.0,449149.0,0.0,89.829528,0.0,0.0106378318461689,0.0,0.955591440400662,0.0,210.0,9501.0,1,210/9501,210,9501
jacobi1d,kernel1,630,810,630/405;630/810,0,630,810,2,529109.0,0.0,5000.0105,0.0,188522.0,0.0,37.7043225,0.0,0.00957461254128655,0.0,0.3607117983342718,0.0,630.0,810.0,2,630/405;630/810,630,405;810
jacobi1d,kernel1,630,5001,630/5001,0,630,5001,1,652456.0,0.0,5000.012,0.0,350307.0,0.0,70.061236,0.0,0.0076633704035214,0.0,0.5369051706168692,0.0,630.0,5001.0,1,630/5001,630,5001
jacobi1d,kernel1,630,9251,630/9251,0,630,9251,1,661976.0,0.0,5000.015,0.0,464839.0,0.0,92.967528,0.0,0.0075531665800572,0.0,0.7021991733839293,0.0,630.0,9251.0,1,630/9251,630,9251
jacobi1d,kernel1,630,9501,630/9501,0,630,9501,1,713546.0,0.0,5000.009,0.0,467837.0,0.0,93.567236,0.0,0.0070072693281161,0.0,0.655650791960154,0.0,630.0,9501.0,1,630/9501,630,9501
jacobi1d,kernel1,1050,810,1050/405;1050/810,0,1050,810,2,652285.0,0.0,5000.0105,0.0,201650.5,0.0,40.330017,0.0,0.0076873888832083,0.0,0.31000918589850396,0.0,1050.0,810.0,2,1050/405;1050/810,1050,405;810
jacobi1d,kernel1,1050,5001,1050/5001,0,1050,5001,1,673597.0,0.0,5000.014,0.0,362819.0,0.0,72.563602,0.0,0.0074228566932453,0.0,0.5386291803556132,0.0,1050.0,5001.0,1,1050/5001,1050,5001
jacobi1d,kernel1,1050,9251,1050/9251,0,1050,9251,1,740039.0,0.0,5000.011,0.0,483999.0,0.0,96.799592,0.0,0.006756415540262,0.0,0.6540182341741448,0.0,1050.0,9251.0,1,1050/9251,1050,9251
jacobi1d,kernel1,1050,9501,1050/9501,0,1050,9501,1,789627.0,0.0,5000.01,0.0,485290.0,0.0,97.05781,0.0,0.0063321163030139,0.0,0.6145813149752984,0.0,1050.0,9501.0,1,1050/9501,1050,9501
jacobi1d,kernel1,1470,810,1470/405;1470/810,0,1470,810,2,785602.0,0.0,5000.009,0.0,222867.0,0.0,44.573321500000006,0.0,0.0063646639599609,0.0,0.28368731538195213,0.0,1470.0,810.0,2,1470/405;1470/810,1470,405;810
jacobi1d,kernel1,1470,5001,1470/5001,0,1470,5001,1,746169.0,0.0,5000.012,0.0,390155.0,0.0,78.030817,0.0,0.0067009109196442,0.0,0.5228775250646971,0.0,1470.0,5001.0,1,1470/5001,1470,5001
jacobi1d,kernel1,1470,9251,1470/9251,0,1470,9251,1,762404.0,0.0,5000.011,0.0,506328.0,0.0,101.265382,0.0,0.0065582171657021,0.0,0.6641203351503927,0.0,1470.0,9251.0,1,1470/9251,1470,9251
jacobi1d,kernel1,1470,9501,1470/9501,0,1470,9501,1,767165.0,0.0,5000.01,0.0,506588.0,0.0,101.317402,0.0,0.0065175157886504,0.0,0.6603377369926938,0.0,1470.0,9501.0,1,1470/9501,1470,9501
jacobi1d,kernel1,1890,810,1890/405;1890/810,0,1890,810,2,822693.5,0.0,5000.008,0.0,360773.5,0.0,72.15458699999999,0.0,0.0060854938259699495,0.0,0.4389627094049448,0.0,1890.0,810.0,2,1890/405;1890/810,1890,405;810
jacobi1d,kernel1,1890,5001,1890/5001,0,1890,5001,1,828371.0,0.0,5000.009,0.0,517605.0,0.0,103.520818,0.0,0.0060359536970753,0.0,0.6248468379506285,0.0,1890.0,5001.0,1,1890/5001,1890,5001
jacobi1d,kernel1,1890,9251,1890/9251,0,1890,9251,1,833773.0,0.0,5000.01,0.0,650922.0,0.0,130.184146,0.0,0.0059968480629619,0.0,0.7806945055788566,0.0,1890.0,9251.0,1,1890/9251,1890,9251
jacobi1d,kernel1,1890,9501,1890/9501,0,1890,9501,1,891169.0,0.0,5000.005,0.0,658470.0,0.0,131.693859,0.0,0.0056106136995339,0.0,0.7388834216630067,0.0,1890.0,9501.0,1,1890/9501,1890,9501
jacobi1d,kernel1,1950,810,2100/405;2100/810,0,1950,810,2,840093.0,0.0,5000.0045,0.0,421488.5,0.0,84.2976225,0.0,0.00596072927630985,0.0,0.502211309295916,0.0,1950.0,810.0,2,2100/405;2100/810,2100,405;810
jacobi1d,kernel1,1950,5001,2100/5001,0,1950,5001,1,831903.0,0.0,5000.01,0.0,597125.0,0.0,119.424767,0.0,0.0060103281271975,0.0,0.717782001026562,0.0,1950.0,5001.0,1,2100/5001,2100,5001
jacobi1d,kernel1,1950,9251,2100/9251,0,1950,9251,1,835419.0,0.0,5000.008,0.0,711250.0,0.0,142.249778,0.0,0.0059850302662496,0.0,0.8513691931833008,0.0,1950.0,9251.0,1,2100/9251,2100,9251
jacobi1d,kernel1,1950,9501,2100/9501,0,1950,9501,1,839606.0,0.0,5000.007,0.0,709529.0,0.0,141.905606,0.0,0.0059551825499103,0.0,0.8450737607877981,0.0,1950.0,9501.0,1,2100/9501,2100,9501
jacobi1d,kernel2,210,405,210/405,0,210,405,1,387326.0,0.0,5000.015,0.0,152772.0,0.0,30.55431,0.0,0.0129090611009847,0.0,0.3944274332216272,0.0,210.0,405.0,1,210/405,210,405
jacobi1d,kernel2,210,810,210/810,0,210,810,1,443046.0,0.0,5000.012,0.0,175865.0,0.0,35.172918,0.0,0.0112855369419879,0.0,0.396945238191971,0.0,210.0,810.0,1,210/810,210,810
jacobi1d,kernel2,210,5001,210/5001,0,210,5001,1,458790.0,0.0,5000.009,0.0,336864.0,0.0,67.372682,0.0,0.010898251923538,0.0,0.7342444255541751,0.0,210.0,5001.0,1,210/5001,210,5001
jacobi1d,kernel2,210,9251,210/9251,0,210,9251,1,481138.0,0.0,5000.012,0.0,442138.0,0.0,88.427393,0.0,0.0103920538390233,0.0,0.9189421745943992,0.0,210.0,9251.0,1,210/9251,210,9251
jacobi1d,kernel2,210,9501,210/9501,0,210,9501,1,506914.0,0.0,5000.006,0.0,452595.0,0.0,90.518894,0.0,0.0098636178917922,0.0,0.892843756534639,0.0,210.0,9501.0,1,210/9501,210,9501
jacobi1d,kernel2,630,810,630/405;630/810,0,630,810,2,546077.5,0.0,5000.0095,0.0,187786.5,0.0,37.5572305,0.0,0.009223581118831651,0.0,0.3462758639109431,0.0,630.0,810.0,2,630/405;630/810,630,405;810
jacobi1d,kernel2,630,5001,630/5001,0,630,5001,1,656456.0,0.0,5000.011,0.0,350260.0,0.0,70.051849,0.0,0.0076166734708799,0.0,0.5335620361456062,0.0,630.0,5001.0,1,630/5001,630,5001
jacobi1d,kernel2,630,9251,630/9251,0,630,9251,1,664476.0,0.0,5000.011,0.0,463468.0,0.0,92.693392,0.0,0.0075247428048567,0.0,0.6974939651695471,0.0,630.0,9251.0,1,630/9251,630,9251
jacobi1d,kernel2,630,9501,630/9501,0,630,9501,1,679006.0,0.0,5000.008,0.0,464819.0,0.0,92.963655,0.0,0.0073637169627367,0.0,0.6845580156876375,0.0,630.0,9501.0,1,630/9501,630,9501
jacobi1d,kernel2,1050,810,1050/405;1050/810,0,1050,810,2,646266.5,0.0,5000.007,0.0,200988.5,0.0,40.197643,0.0,0.0077449378708234,0.0,0.31128895344761476,0.0,1050.0,810.0,2,1050/405;1050/810,1050,405;810
jacobi1d,kernel2,1050,5001,1050/5001,0,1050,5001,1,666941.0,0.0,5000.005,0.0,361560.0,0.0,72.311929,0.0,0.0074969225163845,0.0,0.5421169188878776,0.0,1050.0,5001.0,1,1050/5001,1050,5001
jacobi1d,kernel2,1050,9251,1050/9251,0,1050,9251,1,738625.0,0.0,5000.007,0.0,481357.0,0.0,96.271268,0.0,0.0067693443899136,0.0,0.6516933491284481,0.0,1050.0,9251.0,1,1050/9251,1050,9251
jacobi1d,kernel2,1050,9501,1050/9501,0,1050,9501,1,748611.0,0.0,5000.009,0.0,486251.0,0.0,97.250029,0.0,0.0066790482640516,0.0,0.6495376103209811,0.0,1050.0,9501.0,1,1050/9501,1050,9501
jacobi1d,kernel2,1470,810,1470/405;1470/810,0,1470,810,2,780669.0,0.0,5000.0075,0.0,221167.0,0.0,44.233335499999995,0.0,0.006404788314668701,0.0,0.28330767685210667,0.0,1470.0,810.0,2,1470/405;1470/810,1470,405;810
jacobi1d,kernel2,1470,5001,1470/5001,0,1470,5001,1,758282.0,0.0,5000.011,0.0,389483.0,0.0,77.896433,0.0,0.0065938674530056,0.0,0.5136387254346009,0.0,1470.0,5001.0,1,1470/5001,1470,5001
jacobi1d,kernel2,1470,9251,1470/9251,0,1470,9251,1,775415.0,0.0,5000.012,0.0,506199.0,0.0,101.239563,0.0,0.006448175493123,0.0,0.6528104305436444,0.0,1470.0,9251.0,1,1470/9251,1470,9251
jacobi1d,kernel2,1470,9501,1470/9501,0,1470,9501,1,766052.0,0.0,5000.012,0.0,506483.0,0.0,101.296363,0.0,0.0065269877240709,0.0,0.6611600779059384,0.0,1470.0,9501.0,1,1470/9501,1470,9501
jacobi1d,kernel2,1890,810,1890/405;1890/810,0,1890,810,2,853840.0,0.0,5000.007,0.0,363020.0,0.0,72.60390100000001,0.0,0.0058559617722317,0.0,0.42516980419981926,0.0,1890.0,810.0,2,1890/405;1890/810,1890,405;810
jacobi1d,kernel2,1890,5001,1890/5001,0,1890,5001,1,824237.0,0.0,5000.008,0.0,513226.0,0.0,102.64504,0.0,0.0060662260975908,0.0,0.622667994763642,0.0,1890.0,5001.0,1,1890/5001,1890,5001
jacobi1d,kernel2,1890,9251,1890/9251,0,1890,9251,1,824038.0,0.0,5000.014,0.0,646123.0,0.0,129.224247,0.0,0.0060676983343001,0.0,0.7840936947082537,0.0,1890.0,9251.0,1,1890/9251,1890,9251
jacobi1d,kernel2,1890,9501,1890/9501,0,1890,9501,1,895475.0,0.0,5000.005,0.0,656299.0,0.0,131.259672,0.0,0.0055836343839861,0.0,0.7329059996091459,0.0,1890.0,9501.0,1,1890/9501,1890,9501
jacobi1d,kernel2,1950,810,2100/405;2100/810,0,1950,810,2,829662.0,0.0,5000.0095,0.0,416268.5,0.0,83.2535455,0.0,0.0060303885591157,0.0,0.5020353232822647,0.0,1950.0,810.0,2,2100/405;2100/810,2100,405;810
jacobi1d,kernel2,1950,9251,2100/9251,0,1950,9251,1,830207.0,0.0,5000.01,0.0,710980.0,0.0,142.195722,0.0,0.0060226064102085,0.0,0.8563888283283566,0.0,1950.0,9251.0,1,2100/9251,2100,9251
jacobi1d,kernel2,1950,9501,2100/9501,0,1950,9501,1,832047.0,0.0,5000.009,0.0,707984.0,0.0,141.596551,0.0,0.0060092867350041,0.0,0.8508942403494033,0.0,1950.0,9501.0,1,2100/9501,2100,9501
jacobi1d,kernel2,1965,5001,2100/5001,0,1965,5001,1,902493.0,0.0,5000.007,0.0,601567.0,0.0,120.313236,0.0,0.0055402169324305,0.0,0.66656140269232,0.0,1965.0,5001.0,1,2100/5001,2100,5001
jacobi2d,kernel1,210,405,210/405,0,210,405,1,14703.0,0.0,5000.172,0.0,208844.0,0.0,41.76736,0.0,0.3400783513568659,0.0,14.204176018499624,0.0,210.0,405.0,1,210/405,210,405
jacobi2d,kernel1,210,810,210/810,0,210,810,1,34488.0,0.0,5000.108,0.0,255378.0,0.0,51.074493,0.0,0.1449810948735792,0.0,7.404836464857341,0.0,210.0,810.0,1,210/810,210,810
jacobi2d,kernel1,210,5001,210/5001,0,210,5001,1,123969.0,0.0,5000.006,0.0,533899.0,0.0,106.779664,0.0,0.0403327122103106,0.0,4.306713775217999,0.0,210.0,5001.0,1,210/5001,210,5001
jacobi2d,kernel1,210,9251,210/9251,0,210,9251,1,125780.0,0.0,5000.025,0.0,688648.0,0.0,137.728914,0.0,0.0397521466051836,0.0,5.475019875973922,0.0,210.0,9251.0,1,210/9251,210,9251
jacobi2d,kernel1,210,9501,210/9501,0,210,9501,1,127748.0,0.0,5000.04,0.0,694395.0,0.0,138.877888,0.0,0.0391398691173247,0.0,5.435662397845759,0.0,210.0,9501.0,1,210/9501,210,9501
jacobi2d,kernel1,630,810,630/405;630/810,0,630,810,2,35100.5,0.0,5000.076,0.0,269965.0,0.0,53.9921795,0.0,0.14245506644213873,0.0,7.690157741638189,0.0,630.0,810.0,2,630/405;630/810,630,405;810
jacobi2d,kernel1,630,5001,630/5001,0,630,5001,1,181385.0,0.0,5000.032,0.0,619191.0,0.0,123.837402,0.0,0.0275658516415359,0.0,3.413683601179811,0.0,630.0,5001.0,1,630/5001,630,5001
jacobi2d,kernel1,630,9251,630/9251,0,630,9251,1,247489.0,0.0,5000.018,0.0,863747.0,0.0,172.748776,0.0,0.0202029908399969,0.0,3.490041981663832,0.0,630.0,9251.0,1,630/9251,630,9251
jacobi2d,kernel1,630,9501,630/9501,0,630,9501,1,247724.0,0.0,5000.008,0.0,866250.0,0.0,173.249729,0.0,0.0201837851802812,0.0,3.496835187547432,0.0,630.0,9501.0,1,630/9501,630,9501
jacobi2d,kernel1,1050,810,1050/405;1050/810,0,1050,810,2,35410.5,0.0,5000.126,0.0,290597.5,0.0,58.118032,0.0,0.1412052400723261,0.0,8.206731322060689,0.0,1050.0,810.0,2,1050/405;1050/810,1050,405;810
jacobi2d,kernel1,1050,5001,1050/5001,0,1050,5001,1,193333.0,0.0,5000.019,0.0,655804.0,0.0,131.160313,0.0,0.0258622118313997,0.0,3.392095503612937,0.0,1050.0,5001.0,1,1050/5001,1050,5001
jacobi2d,kernel1,1050,9251,1050/9251,0,1050,9251,1,281192.0,0.0,5000.015,0.0,915972.0,0.0,183.193863,0.0,0.0177814980511536,0.0,3.2574610941989817,0.0,1050.0,9251.0,1,1050/9251,1050,9251
jacobi2d,kernel1,1050,9501,1050/9501,0,1050,9501,1,288860.0,0.0,5000.017,0.0,924975.0,0.0,184.994386,0.0,0.0173094821020563,0.0,3.202156754136952,0.0,1050.0,9501.0,1,1050/9501,1050,9501
jacobi2d,kernel1,1470,810,1470/405;1470/810,0,1470,810,2,35781.0,0.0,5000.0244999999995,0.0,327838.5,0.0,65.56738200000001,0.0,0.13974015795986539,0.0,9.162218691165805,0.0,1470.0,810.0,2,1470/405;1470/810,1470,405;810
jacobi2d,kernel1,1470,5001,1470/5001,0,1470,5001,1,197522.0,0.0,5000.012,0.0,706000.0,0.0,141.199669,0.0,0.0253136967021395,0.0,3.574285396057148,0.0,1470.0,5001.0,1,1470/5001,1470,5001
jacobi2d,kernel1,1470,9251,1470/9251,0,1470,9251,1,299889.0,0.0,5000.005,0.0,977277.0,0.0,195.45519,0.0,0.0166728522886801,0.0,3.258795754429139,0.0,1470.0,9251.0,1,1470/9251,1470,9251
jacobi2d,kernel1,1470,9501,1470/9501,0,1470,9501,1,290519.0,0.0,5000.015,0.0,969541.0,0.0,193.907613,0.0,0.0172106299415873,0.0,3.3372722610225147,0.0,1470.0,9501.0,1,1470/9501,1470,9501
jacobi2d,kernel1,1890,810,1890/405;1890/810,0,1890,810,2,35909.0,0.0,5000.058,0.0,501625.0,0.0,100.3238245,0.0,0.13924247653733507,0.0,13.969320181420716,0.0,1890.0,810.0,2,1890/405;1890/810,1890,405;810
jacobi2d,kernel1,1890,5001,1890/5001,0,1890,5001,1,204013.0,0.0,5000.01,0.0,1020559.0,0.0,204.111381,0.0,0.0245082911383098,0.0,5.002421414321637,0.0,1890.0,5001.0,1,1890/5001,1890,5001
jacobi2d,kernel1,1890,9251,1890/9251,0,1890,9251,1,311165.0,0.0,5000.01,0.0,1434643.0,0.0,286.928012,0.0,0.0160686773898092,0.0,4.610553886201855,0.0,1890.0,9251.0,1,1890/9251,1890,9251
jacobi2d,kernel1,1890,9501,1890/9501,0,1890,9501,1,301122.0,0.0,5000.021,0.0,1431295.0,0.0,286.257826,0.0,0.0166046353305304,0.0,4.753206341615691,0.0,1890.0,9501.0,1,1890/9501,1890,9501
jacobi2d,kernel1,1920,9501,2100/9501,0,1920,9501,1,312816.0,0.0,5000.018,0.0,1634617.0,0.0,326.922219,0.0,0.0159838946856938,0.0,5.225490384123575,0.0,1920.0,9501.0,1,2100/9501,2100,9501
jacobi2d,kernel1,1935,810,2100/405,0,1935,810,1,36047.0,0.0,5000.127,0.0,602766.0,0.0,120.550127,0.0,0.1387113213304852,0.0,16.72166893222737,0.0,1935.0,810.0,1,2100/405,2100,405
jacobi2d,kernel1,1950,9251,2100/9251,0,1950,9251,1,313261.0,0.0,5000.009,0.0,1593790.0,0.0,318.75744,0.0,0.015961160182723,0.0,5.087738339595417,0.0,1950.0,9251.0,1,2100/9251,2100,9251
jacobi2d,kernel1,1965,810,2100/810,0,1965,810,1,36041.0,0.0,5000.012,0.0,586104.0,0.0,117.220525,0.0,0.1387312227740628,0.0,16.262145889403733,0.0,1965.0,810.0,1,2100/810,2100,810
jacobi2d,kernel1,1965,5001,2100/5001,0,1965,5001,1,204223.0,0.0,5000.021,0.0,1176025.0,0.0,235.203989,0.0,0.0244831434265484,0.0,5.758533563800356,0.0,1965.0,5001.0,1,2100/5001,2100,5001
jacobi2d,kernel2,210,405,210/405,0,210,405,1,15033.0,0.0,5000.279,0.0,202763.0,0.0,40.550335,0.0,0.3326201689616178,0.0,13.4878600412426,0.0,210.0,405.0,1,210/405,210,405
jacobi2d,kernel2,210,810,210/810,0,210,810,1,34449.0,0.0,5000.077,0.0,245346.0,0.0,49.068448,0.0,0.1451443292983831,0.0,7.122006444308979,0.0,210.0,810.0,1,210/810,210,810
jacobi2d,kernel2,210,5001,210/5001,0,210,5001,1,145550.0,0.0,5000.021,0.0,519945.0,0.0,103.988553,0.0,0.0343526004809343,0.0,3.572277567846101,0.0,210.0,5001.0,1,210/5001,210,5001
jacobi2d,kernel2,210,9251,210/9251,0,210,9251,1,157904.0,0.0,5000.029,0.0,683082.0,0.0,136.6156,0.0,0.0316649926537643,0.0,4.325932211976897,0.0,210.0,9251.0,1,210/9251,210,9251
jacobi2d,kernel2,210,9501,210/9501,0,210,9501,1,155189.0,0.0,5000.019,0.0,682332.0,0.0,136.465894,0.0,0.0322189008241563,0.0,4.396780699662991,0.0,210.0,9501.0,1,210/9501,210,9501
jacobi2d,kernel2,630,810,630/405;630/810,0,630,810,2,35079.0,0.0,5000.055,0.0,255199.5,0.0,51.039334499999995,0.0,0.14254593513678648,0.0,7.274322330362784,0.0,630.0,810.0,2,630/405;630/810,630,405;810
jacobi2d,kernel2,630,5001,630/5001,0,630,5001,1,189027.0,0.0,5000.009,0.0,586319.0,0.0,117.263594,0.0,0.0264512953176001,0.0,3.101773820671121,0.0,630.0,5001.0,1,630/5001,630,5001
jacobi2d,kernel2,630,9251,630/9251,0,630,9251,1,271138.0,0.0,5000.007,0.0,819530.0,0.0,163.90576,0.0,0.0184408198039374,0.0,3.022556779204685,0.0,630.0,9251.0,1,630/9251,630,9251
jacobi2d,kernel2,630,9501,630/9501,0,630,9501,1,264090.0,0.0,5000.013,0.0,813800.0,0.0,162.759587,0.0,0.0189329887538339,0.0,3.0815252376083917,0.0,630.0,9501.0,1,630/9501,630,9501
jacobi2d,kernel2,1050,810,1050/405;1050/810,0,1050,810,2,35659.5,0.0,5000.1404999999995,0.0,281497.0,0.0,56.297822499999995,0.0,0.14021908087123325,0.0,7.894049574704213,0.0,1050.0,810.0,2,1050/405;1050/810,1050,405;810
jacobi2d,kernel2,1050,5001,1050/5001,0,1050,5001,1,191614.0,0.0,5000.019,0.0,605521.0,0.0,121.103751,0.0,0.0260942258916363,0.0,3.1601083428141994,0.0,1050.0,5001.0,1,1050/5001,1050,5001
jacobi2d,kernel2,1050,9251,1050/9251,0,1050,9251,1,286104.0,0.0,5000.021,0.0,851218.0,0.0,170.242885,0.0,0.017476235914213,0.0,2.975204820624668,0.0,1050.0,9251.0,1,1050/9251,1050,9251
jacobi2d,kernel2,1050,9501,1050/9501,0,1050,9501,1,294395.0,0.0,5000.013,0.0,877118.0,0.0,175.423137,0.0,0.0169840282613495,0.0,2.979391633689431,0.0,1050.0,9501.0,1,1050/9501,1050,9501
jacobi2d,kernel2,1470,810,1470/405;1470/810,0,1470,810,2,35815.5,0.0,5000.032,0.0,317225.5,0.0,63.4446955,0.0,0.13960529163889923,0.0,8.85723862435086,0.0,1470.0,810.0,2,1470/405;1470/810,1470,405;810
jacobi2d,kernel2,1470,5001,1470/5001,0,1470,5001,1,201133.0,0.0,5000.012,0.0,653962.0,0.0,130.792093,0.0,0.024859232448181,0.0,3.251390870717386,0.0,1470.0,5001.0,1,1470/5001,1470,5001
jacobi2d,kernel2,1470,9251,1470/9251,0,1470,9251,1,305224.0,0.0,5000.009,0.0,908537.0,0.0,181.707081,0.0,0.0163814411710743,0.0,2.976623725526171,0.0,1470.0,9251.0,1,1470/9251,1470,9251
jacobi2d,kernel2,1470,9501,1470/9501,0,1470,9501,1,295126.0,0.0,5000.016,0.0,894239.0,0.0,178.847241,0.0,0.0169419705481726,0.0,3.0300244641271865,0.0,1470.0,9501.0,1,1470/9501,1470,9501
jacobi2d,kernel2,1890,810,1890/405;1890/810,0,1890,810,2,36154.5,0.0,5000.1255,0.0,489432.0,0.0,97.8839485,0.0,0.13829885411233075,0.0,13.53722925019586,0.0,1890.0,810.0,2,1890/405;1890/810,1890,405;810
jacobi2d,kernel2,1890,5001,1890/5001,0,1890,5001,1,220187.0,0.0,5000.026,0.0,937599.0,0.0,187.518829,0.0,0.0227080890334125,0.0,4.258194171318016,0.0,1890.0,5001.0,1,1890/5001,1890,5001
jacobi2d,kernel2,1890,9251,1890/9251,0,1890,9251,1,318018.0,0.0,5000.015,0.0,1255855.0,0.0,251.170264,0.0,0.0157224276613273,0.0,3.949006031105157,0.0,1890.0,9251.0,1,1890/9251,1890,9251
jacobi2d,kernel2,1890,9501,1890/9501,0,1890,9501,1,317714.0,0.0,5000.007,0.0,1279631.0,0.0,255.925825,0.0,0.0157374462566962,0.0,4.027619179513651,0.0,1890.0,9501.0,1,1890/9501,1890,9501
jacobi2d,kernel2,1935,810,2100/405,0,1935,810,1,36031.0,0.0,5000.031,0.0,572354.0,0.0,114.470096,0.0,0.1387702533929116,0.0,15.885043434820016,0.0,1935.0,810.0,1,2100/405,2100,405
jacobi2d,kernel2,1935,9501,2100/9501,0,1935,9501,1,307387.0,0.0,5000.006,0.0,1403766.0,0.0,280.752844,0.0,0.0162661595968599,0.0,4.566770878404096,0.0,1935.0,9501.0,1,2100/9501,2100,9501
jacobi2d,kernel2,1950,5001,2100/5001,0,1950,5001,1,221937.0,0.0,5000.021,0.0,1074581.0,0.0,214.915277,0.0,0.0225290104849574,0.0,4.841828987505464,0.0,1950.0,5001.0,1,2100/5001,2100,5001
jacobi2d,kernel2,1950,9251,2100/9251,0,1950,9251,1,308810.0,0.0,5000.013,0.0,1395934.0,0.0,279.186064,0.0,0.016191227615686,0.0,4.5203652731453,0.0,1950.0,9251.0,1,2100/9251,2100,9251
jacobi2d,kernel2,1965,810,2100/810,0,1965,810,1,36185.0,0.0,5000.074,0.0,562800.0,0.0,112.55834,0.0,0.1381808484178527,0.0,15.55340610750311,0.0,1965.0,810.0,1,2100/810,2100,810
kmeans,kmeansPoint,210,405,210/405,0,210,405,1,90.0,0.0,5054.029,0.0,214347.0,0.0,42.411116,0.0,56.15587777777778,0.0,2381.633333333333,0.0,210.0,405.0,1,210/405,210,405
kmeans,kmeansPoint,210,810,210/810,0,210,810,1,172.0,0.0,5026.117,0.0,260593.0,0.0,51.847781,0.0,29.22161046511628,0.0,1515.0755813953488,0.0,210.0,810.0,1,210/810,210,810
kmeans,kmeansPoint,210,5001,210/5001,0,210,5001,1,659.0,0.0,5003.217,0.0,561732.0,0.0,112.274167,0.0,7.592135053110773,0.0,852.4006069802731,0.0,210.0,5001.0,1,210/5001,210,5001
kmeans,kmeansPoint,210,9251,210/9251,0,210,9251,1,678.0,0.0,5006.871,0.0,689728.0,0.0,137.756306,0.0,7.384765486725664,0.0,1017.2979351032448,0.0,210.0,9251.0,1,210/9251,210,9251
kmeans,kmeansPoint,210,9501,210/9501,0,210,9501,1,669.0,0.0,5000.452,0.0,692053.0,0.0,138.398085,0.0,7.474517189835576,0.0,1034.4588938714498,0.0,210.0,9501.0,1,210/9501,210,9501
kmeans,kmeansPoint,630,810,630/405;630/810,0,630,810,2,205.0,0.0,5013.1455000000005,0.0,268771.0,0.0,53.6136155,0.0,24.45484815819532,0.0,1311.1554111936036,0.0,630.0,810.0,2,630/405;630/810,630,405;810
kmeans,kmeansPoint,630,5001,630/5001,0,630,5001,1,1116.0,0.0,5004.285,0.0,711068.0,0.0,142.091823,0.0,4.484126344086022,0.0,637.15770609319,0.0,630.0,5001.0,1,630/5001,630,5001
kmeans,kmeansPoint,630,9251,630/9251,0,630,9251,1,1612.0,0.0,5000.743,0.0,1043453.0,0.0,208.659607,0.0,3.102197890818859,0.0,647.3033498759305,0.0,630.0,9251.0,1,630/9251,630,9251
kmeans,kmeansPoint,630,9501,630/9501,0,630,9501,1,1584.0,0.0,5000.319,0.0,1052763.0,0.0,210.539174,0.0,3.156767045454546,0.0,664.623106060606,0.0,630.0,9501.0,1,630/9501,630,9501
kmeans,kmeansPoint,1050,810,1050/405;1050/810,0,1050,810,2,228.0,0.0,5014.521,0.0,296930.5,0.0,59.2135895,0.0,21.994068156897445,0.0,1302.3975819017755,0.0,1050.0,810.0,2,1050/405;1050/810,1050,405;810
kmeans,kmeansPoint,1050,5001,1050/5001,0,1050,5001,1,1142.0,0.0,5000.018,0.0,729364.0,0.0,145.872287,0.0,4.378299474605955,0.0,638.6725043782837,0.0,1050.0,5001.0,1,1050/5001,1050,5001
kmeans,kmeansPoint,1050,9251,1050/9251,0,1050,9251,1,2022.0,0.0,5000.742,0.0,1148979.0,0.0,229.761717,0.0,2.473166172106825,0.0,568.2388724035608,0.0,1050.0,9251.0,1,1050/9251,1050,9251
kmeans,kmeansPoint,1050,9501,1050/9501,0,1050,9501,1,2021.0,0.0,5000.093,0.0,1161016.0,0.0,232.198869,0.0,2.474068777832756,0.0,574.4760019792182,0.0,1050.0,9501.0,1,1050/9501,1050,9501
kmeans,kmeansPoint,1470,810,1470/405;1470/810,0,1470,810,2,246.0,0.0,5009.657499999999,0.0,334333.0,0.0,66.7371425,0.0,20.36446138211382,0.0,1359.0772357723577,0.0,1470.0,810.0,2,1470/405;1470/810,1470,405;810
kmeans,kmeansPoint,1470,5001,1470/5001,0,1470,5001,1,1186.0,0.0,5004.145,0.0,785540.0,0.0,156.97788,0.0,4.219346543001687,0.0,662.3440134907252,0.0,1470.0,5001.0,1,1470/5001,1470,5001
kmeans,kmeansPoint,1470,9251,1470/9251,0,1470,9251,1,2067.0,0.0,5001.9,0.0,1209430.0,0.0,241.794123,0.0,2.4198838896952104,0.0,585.1136913401065,0.0,1470.0,9251.0,1,1470/9251,1470,9251
kmeans,kmeansPoint,1470,9501,1470/9501,0,1470,9501,1,2062.0,0.0,5001.746,0.0,1211845.0,0.0,242.28439,0.0,2.4256770126091176,0.0,587.703685741998,0.0,1470.0,9501.0,1,1470/9501,1470,9501
kmeans,kmeansPoint,1890,810,1890/405;1890/810,0,1890,810,2,258.0,0.0,5014.777,0.0,512549.0,0.0,102.20790550000001,0.0,19.437120155038762,0.0,1986.624031007752,0.0,1890.0,810.0,2,1890/405;1890/810,1890,405;810
kmeans,kmeansPoint,1890,5001,1890/5001,0,1890,5001,1,1230.0,0.0,5003.333,0.0,1142184.0,0.0,228.284603,0.0,4.067750406504064,0.0,928.6048780487804,0.0,1890.0,5001.0,1,1890/5001,1890,5001
kmeans,kmeansPoint,1890,9251,1890/9251,0,1890,9251,1,2111.0,0.0,5001.094,0.0,1678177.0,0.0,335.561963,0.0,2.369063950734249,0.0,794.9677877783041,0.0,1890.0,9251.0,1,1890/9251,1890,9251
kmeans,kmeansPoint,1890,9501,1890/9501,0,1890,9501,1,2102.0,0.0,5001.261,0.0,1678101.0,0.0,335.535562,0.0,2.3792868696479545,0.0,798.3353948620362,0.0,1890.0,9501.0,1,1890/9501,1890,9501
kmeans,kmeansPoint,1935,810,2100/405;2100/810,0,1935,810,2,255.5,0.0,5013.2335,0.0,610265.0,0.0,121.73567,0.0,19.62209729158369,0.0,2388.1985278347993,0.0,1935.0,810.0,2,2100/405;2100/810,2100,405;810
kmeans,kmeansPoint,1935,5001,2100/5001,0,1935,5001,1,1236.0,0.0,5001.948,0.0,1303008.0,0.0,260.500122,0.0,4.046883495145631,0.0,1054.2135922330096,0.0,1935.0,5001.0,1,2100/5001,2100,5001
kmeans,kmeansPoint,1935,9501,2100/9501,0,1935,9501,1,2108.0,0.0,5002.245,0.0,1676291.0,0.0,335.107729,0.0,2.372981499051233,0.0,795.2044592030361,0.0,1935.0,9501.0,1,2100/9501,2100,9501
kmeans,kmeansPoint,1950,9251,2100/9251,0,1950,9251,1,2113.0,0.0,5000.574,0.0,1672683.0,0.0,334.498218,0.0,2.366575485092285,0.0,791.6152389966871,0.0,1950.0,9251.0,1,2100/9251,2100,9251
lavamd,kernel_gpu_cuda,210,405,210/405,0,210,405,1,1099.0,0.0,5001.004,0.0,240921.0,0.0,48.174527,0.0,4.550504094631483,0.0,219.21838034576888,0.0,210.0,405.0,1,210/405,210,405
lavamd,kernel_gpu_cuda,210,810,210/810,0,210,810,1,1102.0,0.0,5004.344,0.0,256749.0,0.0,51.305224,0.0,4.541147005444646,0.0,232.98457350272236,0.0,210.0,810.0,1,210/810,210,810
lavamd,kernel_gpu_cuda,210,5001,210/5001,0,210,5001,1,1122.0,0.0,5000.666,0.0,416744.0,0.0,83.337699,0.0,4.456921568627451,0.0,371.4295900178253,0.0,210.0,5001.0,1,210/5001,210,5001
lavamd,kernel_gpu_cuda,210,9251,210/9251,0,210,9251,1,1105.0,0.0,5000.227,0.0,523224.0,0.0,104.640058,0.0,4.525092307692308,0.0,473.5058823529412,0.0,210.0,9251.0,1,210/9251,210,9251
lavamd,kernel_gpu_cuda,210,9501,210/9501,0,210,9501,1,1105.0,0.0,5000.955,0.0,521985.0,0.0,104.377062,0.0,4.525751131221719,0.0,472.38461538461536,0.0,210.0,9501.0,1,210/9501,210,9501
lavamd,kernel_gpu_cuda,630,810,630/405;630/810,0,630,810,2,2850.5,0.0,5000.2215,0.0,394841.5,0.0,78.9647625,0.0,1.7547728159770748,0.0,138.53069872186944,0.0,630.0,810.0,2,630/405;630/810,630,405;810
lavamd,kernel_gpu_cuda,630,5001,630/5001,0,630,5001,1,2896.0,0.0,5000.257,0.0,569343.0,0.0,113.86274,0.0,1.726608080110497,0.0,196.59633977900552,0.0,630.0,5001.0,1,630/5001,630,5001
lavamd,kernel_gpu_cuda,630,9251,630/9251,0,630,9251,1,2884.0,0.0,5000.447,0.0,676975.0,0.0,135.382903,0.0,1.733858183079057,0.0,234.73474341192787,0.0,630.0,9251.0,1,630/9251,630,9251
lavamd,kernel_gpu_cuda,630,9501,630/9501,0,630,9501,1,2884.0,0.0,5000.041,0.0,681772.0,0.0,136.353295,0.0,1.7337174063800278,0.0,236.3980582524272,0.0,630.0,9501.0,1,630/9501,630,9501
lavamd,kernel_gpu_cuda,1050,810,1050/405;1050/810,0,1050,810,2,4654.0,0.0,5000.735000000001,0.0,556707.5,0.0,111.3251925,0.0,1.0745027588547806,0.0,119.61980694849497,0.0,1050.0,810.0,2,1050/405;1050/810,1050,405;810
lavamd,kernel_gpu_cuda,1050,5001,1050/5001,0,1050,5001,1,4654.0,0.0,5000.125,0.0,716247.0,0.0,143.245805,0.0,1.0743715083798884,0.0,153.89922647185216,0.0,1050.0,5001.0,1,1050/5001,1050,5001
lavamd,kernel_gpu_cuda,1050,9251,1050/9251,0,1050,9251,1,4826.0,0.0,5000.806,0.0,850727.0,0.0,170.117972,0.0,1.0362217157065892,0.0,176.2799419809366,0.0,1050.0,9251.0,1,1050/9251,1050,9251
lavamd,kernel_gpu_cuda,1050,9501,1050/9501,0,1050,9501,1,4798.0,0.0,5000.375,0.0,860984.0,0.0,172.183886,0.0,1.0421790329303875,0.0,179.44643601500624,0.0,1050.0,9501.0,1,1050/9501,1050,9501
lavamd,kernel_gpu_cuda,1470,810,1470/405;1470/810,0,1470,810,2,6496.0,0.0,5000.226500000001,0.0,799170.5,0.0,159.826866,0.0,0.7697397494942354,0.0,123.02547153251919,0.0,1470.0,810.0,2,1470/405;1470/810,1470,405;810
lavamd,kernel_gpu_cuda,1470,5001,1470/5001,0,1470,5001,1,6496.0,0.0,5000.296,0.0,945521.0,0.0,189.09301,0.0,0.76975,0.0,145.55434113300493,0.0,1470.0,5001.0,1,1470/5001,1470,5001
lavamd,kernel_gpu_cuda,1470,9251,1470/9251,0,1470,9251,1,6501.0,0.0,5000.354,0.0,1059523.0,0.0,211.889619,0.0,0.7691668974004,0.0,162.97846485156128,0.0,1470.0,9251.0,1,1470/9251,1470,9251
lavamd,kernel_gpu_cuda,1470,9501,1470/9501,0,1470,9501,1,6502.0,0.0,5000.022,0.0,1063455.0,0.0,212.690045,0.0,0.768997539218702,0.0,163.55813595816673,0.0,1470.0,9501.0,1,1470/9501,1470,9501
lavamd,kernel_gpu_cuda,1890,810,1890/405;1890/810,0,1890,810,2,8118.0,0.0,5000.244000000001,0.0,1656453.0,0.0,331.2744475,0.0,0.6159494450830492,0.0,204.0472928204059,0.0,1890.0,810.0,2,1890/405;1890/810,1890,405;810
lavamd,kernel_gpu_cuda,1890,5001,1890/5001,0,1890,5001,1,7980.0,0.0,5000.439,0.0,1740039.0,0.0,347.977216,0.0,0.6266214285714287,0.0,218.05,0.0,1890.0,5001.0,1,1890/5001,1890,5001
lavamd,kernel_gpu_cuda,1890,9251,1890/9251,0,1890,9251,1,7789.0,0.0,5000.457,0.0,1698599.0,0.0,339.68875,0.0,0.6419896007189627,0.0,218.0766465528309,0.0,1890.0,9251.0,1,1890/9251,1890,9251
lavamd,kernel_gpu_cuda,1890,9501,1890/9501,0,1890,9501,1,7793.0,0.0,5000.295,0.0,1704639.0,0.0,340.907692,0.0,0.6416392916720134,0.0,218.73976645707685,0.0,1890.0,9501.0,1,1890/9501,1890,9501
lavamd,kernel_gpu_cuda,1920,810,2100/405;2100/810,0,1920,810,2,8071.5,0.0,5000.315500000001,0.0,1659875.5,0.0,331.954114,0.0,0.6195026816561382,0.0,205.6463897140814,0.0,1920.0,810.0,2,2100/405;2100/810,2100,405;810
lavamd,kernel_gpu_cuda,1920,5001,2100/5001,0,1920,5001,1,7971.0,0.0,5000.599,0.0,1736687.0,0.0,347.295819,0.0,0.6273490151800276,0.0,217.87567431940784,0.0,1920.0,5001.0,1,2100/5001,2100,5001
lavamd,kernel_gpu_cuda,1920,9251,2100/9251,0,1920,9251,1,7788.0,0.0,5000.314,0.0,1702084.0,0.0,340.395426,0.0,0.6420536723163842,0.0,218.5521314843349,0.0,1920.0,9251.0,1,2100/9251,2100,9251
lavamd,kernel_gpu_cuda,1920,9501,2100/9501,0,1920,9501,1,7782.0,0.0,5000.579,0.0,1701631.0,0.0,340.286788,0.0,0.642582755075816,0.0,218.66242611153945,0.0,1920.0,9501.0,1,2100/9501,2100,9501
mvt,kernel1,210,405,210/405,0,210,405,1,1265.0,0.0,5001.844,0.0,210115.0,0.0,42.00751,0.0,3.954026877470356,0.0,166.098814229249,0.0,210.0,405.0,1,210/405,210,405
mvt,kernel1,210,810,210/810,0,210,810,1,1620.0,0.0,5000.163,0.0,222747.0,0.0,44.547947,0.0,3.08652037037037,0.0,137.49814814814815,0.0,210.0,810.0,1,210/810,210,810
mvt,kernel1,210,5001,210/5001,0,210,5001,1,2048.0,0.0,5000.213,0.0,398526.0,0.0,79.701799,0.0,2.44151025390625,0.0,194.5927734375,0.0,210.0,5001.0,1,210/5001,210,5001
mvt,kernel1,210,9251,210/9251,0,210,9251,1,2097.0,0.0,5001.583,0.0,524705.0,0.0,104.907796,0.0,2.385113495469718,0.0,250.21697663328564,0.0,210.0,9251.0,1,210/9251,210,9251
mvt,kernel1,210,9501,210/9501,0,210,9501,1,2091.0,0.0,5001.982,0.0,525411.0,0.0,105.040563,0.0,2.3921482544237205,0.0,251.2725968436155,0.0,210.0,9501.0,1,210/9501,210,9501
mvt,kernel1,630,810,630/405;630/810,0,630,810,2,2698.0,0.0,5000.766,0.0,264137.0,0.0,52.819231,0.0,1.8538940341314671,0.0,97.89228755910362,0.0,630.0,810.0,2,630/405;630/810,630,405;810
mvt,kernel1,630,5001,630/5001,0,630,5001,1,4625.0,0.0,5000.936,0.0,445595.0,0.0,89.102328,0.0,1.0812834594594594,0.0,96.34486486486486,0.0,630.0,5001.0,1,630/5001,630,5001
mvt,kernel1,630,9251,630/9251,0,630,9251,1,4964.0,0.0,5000.273,0.0,603550.0,0.0,120.703411,0.0,1.0073072119258664,0.0,121.58541498791296,0.0,630.0,9251.0,1,630/9251,630,9251
mvt,kernel1,630,9501,630/9501,0,630,9501,1,4959.0,0.0,5000.161,0.0,606616.0,0.0,121.319302,0.0,1.0083002621496269,0.0,122.32627545876184,0.0,630.0,9501.0,1,630/9501,630,9501
mvt,kernel1,1050,810,1050/405;1050/810,0,1050,810,2,2842.0,0.0,5001.209,0.0,292553.0,0.0,58.4964585,0.0,1.7597500463973896,0.0,102.93915386265853,0.0,1050.0,810.0,2,1050/405;1050/810,1050,405;810
mvt,kernel1,1050,5001,1050/5001,0,1050,5001,1,6771.0,0.0,5000.189,0.0,505096.0,0.0,101.015382,0.0,0.7384712745532418,0.0,74.59695761335105,0.0,1050.0,5001.0,1,1050/5001,1050,5001
mvt,kernel1,1050,9251,1050/9251,0,1050,9251,1,7362.0,0.0,5000.133,0.0,669561.0,0.0,133.908643,0.0,0.679181336593317,0.0,90.9482477587612,0.0,1050.0,9251.0,1,1050/9251,1050,9251
mvt,kernel1,1050,9501,1050/9501,0,1050,9501,1,7373.0,0.0,5000.121,0.0,671339.0,0.0,134.264561,0.0,0.6781664180116642,0.0,91.0537094805371,0.0,1050.0,9501.0,1,1050/9501,1050,9501
mvt,kernel1,1470,810,1470/405;1470/810,0,1470,810,2,2857.0,0.0,5000.879999999999,0.0,326434.5,0.0,65.27544449999999,0.0,1.7503955197759886,0.0,114.25778788939448,0.0,1470.0,810.0,2,1470/405;1470/810,1470,405;810
mvt,kernel1,1470,5001,1470/5001,0,1470,5001,1,8589.0,0.0,5000.185,0.0,578877.0,0.0,115.771115,0.0,0.5821614856211433,0.0,67.39748515543137,0.0,1470.0,5001.0,1,1470/5001,1470,5001
mvt,kernel1,1470,9251,1470/9251,0,1470,9251,1,9310.0,0.0,5000.193,0.0,738957.0,0.0,147.785699,0.0,0.5370776584317938,0.0,79.37239527389903,0.0,1470.0,9251.0,1,1470/9251,1470,9251
mvt,kernel1,1470,9501,1470/9501,0,1470,9501,1,9293.0,0.0,5000.324,0.0,743482.0,0.0,148.686759,0.0,0.5380742494350587,0.0,80.00451953082965,0.0,1470.0,9501.0,1,1470/9501,1470,9501
mvt,kernel1,1890,810,1890/405;1890/810,0,1890,810,2,2871.0,0.0,5001.5255,0.0,503424.5,0.0,100.6541975,0.0,1.7420848136537792,0.0,175.3481365377917,0.0,1890.0,810.0,2,1890/405;1890/810,1890,405;810
mvt,kernel1,1890,5001,1890/5001,0,1890,5001,1,10039.0,0.0,5000.146,0.0,858793.0,0.0,171.753585,0.0,0.498072118736926,0.0,85.54567187966929,0.0,1890.0,5001.0,1,1890/5001,1890,5001
mvt,kernel1,1890,9251,1890/9251,0,1890,9251,1,10825.0,0.0,5000.259,0.0,1025328.0,0.0,205.054987,0.0,0.4619176905311778,0.0,94.71852193995382,0.0,1890.0,9251.0,1,1890/9251,1890,9251
mvt,kernel1,1890,9501,1890/9501,0,1890,9501,1,10792.0,0.0,5000.341,0.0,1037422.0,0.0,207.470238,0.0,0.4633377501853225,0.0,96.1287991104522,0.0,1890.0,9501.0,1,1890/9501,1890,9501
mvt,kernel1,1950,810,2100/405,0,1950,810,1,2873.0,0.0,5000.212,0.0,586827.0,0.0,117.360414,0.0,1.7404148973198748,0.0,204.255830142708,0.0,1950.0,810.0,1,2100/405,2100,405
mvt,kernel1,1950,5001,2100/5001,0,1950,5001,1,10239.0,0.0,5000.308,0.0,989601.0,0.0,197.908024,0.0,0.4883590194354917,0.0,96.65016114854966,0.0,1950.0,5001.0,1,2100/5001,2100,5001
mvt,kernel1,1950,9501,2100/9501,0,1950,9501,1,10871.0,0.0,5000.227,0.0,1181771.0,0.0,236.343468,0.0,0.459960169257658,0.0,108.70858246711434,0.0,1950.0,9501.0,1,2100/9501,2100,9501
mvt,kernel1,1965,810,2100/810,0,1965,810,1,2874.0,0.0,5001.085,0.0,576137.0,0.0,115.202402,0.0,1.7401130828114126,0.0,200.4652052887961,0.0,1965.0,810.0,1,2100/810,2100,810
mvt,kernel1,1965,9251,2100/9251,0,1965,9251,1,10894.0,0.0,5000.306,0.0,1166814.0,0.0,233.348535,0.0,0.4589963282540847,0.0,107.10611345694878,0.0,1965.0,9251.0,1,2100/9251,2100,9251
mvt,kernel2,210,405,210/405,0,210,405,1,398.0,0.0,5004.213,0.0,174039.0,0.0,34.778493,0.0,12.573399497487436,0.0,437.28391959799,0.0,210.0,405.0,1,210/405,210,405
mvt,kernel2,210,810,210/810,0,210,810,1,645.0,0.0,5001.477,0.0,196711.0,0.0,39.330581,0.0,7.754227906976744,0.0,304.97829457364344,0.0,210.0,810.0,1,210/810,210,810
mvt,kernel2,210,5001,210/5001,0,210,5001,1,1215.0,0.0,5002.578,0.0,362329.0,0.0,72.428454,0.0,4.117348148148149,0.0,298.21316872427985,0.0,210.0,5001.0,1,210/5001,210,5001
mvt,kernel2,210,9251,210/9251,0,210,9251,1,1356.0,0.0,5000.219,0.0,491995.0,0.0,98.394695,0.0,3.687477138643068,0.0,362.8281710914454,0.0,210.0,9251.0,1,210/9251,210,9251
mvt,kernel2,210,9501,210/9501,0,210,9501,1,1356.0,0.0,5000.417,0.0,493030.0,0.0,98.597767,0.0,3.687623156342183,0.0,363.5914454277286,0.0,210.0,9501.0,1,210/9501,210,9501
mvt,kernel2,630,810,630/405;630/810,0,630,810,2,799.5,0.0,5006.075,0.0,204874.5,0.0,40.925176,0.0,6.267885743481324,0.0,256.5155297157622,0.0,630.0,810.0,2,630/405;630/810,630,405;810
mvt,kernel2,630,5001,630/5001,0,630,5001,1,2062.0,0.0,5000.088,0.0,392958.0,0.0,78.590211,0.0,2.424872938894277,0.0,190.5712900096993,0.0,630.0,5001.0,1,630/5001,630,5001
mvt,kernel2,630,9251,630/9251,0,630,9251,1,2530.0,0.0,5001.507,0.0,522380.0,0.0,104.444524,0.0,1.97688023715415,0.0,206.47430830039525,0.0,630.0,9251.0,1,630/9251,630,9251
mvt,kernel2,630,9501,630/9501,0,630,9501,1,2524.0,0.0,5001.444,0.0,524320.0,0.0,104.833717,0.0,1.981554675118859,0.0,207.7337559429477,0.0,630.0,9501.0,1,630/9501,630,9501
mvt,kernel2,1050,810,1050/405;1050/810,0,1050,810,2,882.5,0.0,5003.21,0.0,222470.0,0.0,44.465451,0.0,5.669376920894089,0.0,252.0919268519422,0.0,1050.0,810.0,2,1050/405;1050/810,1050,405;810
mvt,kernel2,1050,5001,1050/5001,0,1050,5001,1,2502.0,0.0,5000.812,0.0,419844.0,0.0,83.955157,0.0,1.9987258193445243,0.0,167.80335731414868,0.0,1050.0,5001.0,1,1050/5001,1050,5001
mvt,kernel2,1050,9251,1050/9251,0,1050,9251,1,3229.0,0.0,5001.43,0.0,549715.0,0.0,109.911561,0.0,1.5489098792195728,0.0,170.24310932177144,0.0,1050.0,9251.0,1,1050/9251,1050,9251
mvt,kernel2,1050,9501,1050/9501,0,1050,9501,1,3230.0,0.0,5001.16,0.0,549764.0,0.0,109.927304,0.0,1.548346749226006,0.0,170.20557275541796,0.0,1050.0,9501.0,1,1050/9501,1050,9501
mvt,kernel2,1470,810,1470/405;1470/810,0,1470,810,2,936.0,0.0,5004.287,0.0,258608.0,0.0,51.677307,0.0,5.346460470085471,0.0,276.29059829059827,0.0,1470.0,810.0,2,1470/405;1470/810,1470,405;810
mvt,kernel2,1470,5001,1470/5001,0,1470,5001,1,2914.0,0.0,5000.89,0.0,441334.0,0.0,88.251089,0.0,1.7161599176389843,0.0,151.45298558682225,0.0,1470.0,5001.0,1,1470/5001,1470,5001
mvt,kernel2,1470,9251,1470/9251,0,1470,9251,1,3662.0,0.0,5001.026,0.0,586960.0,0.0,117.367907,0.0,1.3656542872747133,0.0,160.28399781540142,0.0,1470.0,9251.0,1,1470/9251,1470,9251
mvt,kernel2,1470,9501,1470/9501,0,1470,9501,1,3661.0,0.0,5000.527,0.0,589020.0,0.0,117.791588,0.0,1.3658910133843212,0.0,160.89046708549577,0.0,1470.0,9501.0,1,1470/9501,1470,9501
mvt,kernel2,1890,810,1890/405;1890/810,0,1890,810,2,969.0,0.0,5002.856,0.0,418648.5,0.0,83.6816825,0.0,5.16290608875129,0.0,432.0417956656347,0.0,1890.0,810.0,2,1890/405;1890/810,1890,405;810
mvt,kernel2,1890,5001,1890/5001,0,1890,5001,1,3279.0,0.0,5000.949,0.0,636882.0,0.0,127.352235,0.0,1.5251445562671544,0.0,194.2305580969808,0.0,1890.0,5001.0,1,1890/5001,1890,5001
mvt,kernel2,1890,9251,1890/9251,0,1890,9251,1,4141.0,0.0,5000.962,0.0,799265.0,0.0,159.822253,0.0,1.2076701279884088,0.0,193.0125573532963,0.0,1890.0,9251.0,1,1890/9251,1890,9251
mvt,kernel2,1890,9501,1890/9501,0,1890,9501,1,4139.0,0.0,5000.404,0.0,783961.0,0.0,156.779538,0.0,1.2081188692920997,0.0,189.40831118627688,0.0,1890.0,9501.0,1,1890/9501,1890,9501
mvt,kernel2,1950,810,2100/810,0,1950,810,1,972.0,0.0,5000.973,0.0,479070.0,0.0,95.795355,0.0,5.145033950617284,0.0,492.8703703703704,0.0,1950.0,810.0,1,2100/810,2100,810
mvt,kernel2,1950,5001,2100/5001,0,1950,5001,1,3323.0,0.0,5000.252,0.0,740955.0,0.0,148.183518,0.0,1.5047402949142343,0.0,222.9777309659946,0.0,1950.0,5001.0,1,2100/5001,2100,5001
mvt,kernel2,1950,9251,2100/9251,0,1950,9251,1,4232.0,0.0,5000.491,0.0,882859.0,0.0,176.554455,0.0,1.1815905009451797,0.0,208.61507561436676,0.0,1950.0,9251.0,1,2100/9251,2100,9251
mvt,kernel2,1965,810,2100/405,0,1965,810,1,974.0,0.0,5004.436,0.0,493380.0,0.0,98.588541,0.0,5.138024640657084,0.0,506.5503080082136,0.0,1965.0,810.0,1,2100/405,2100,405
mvt,kernel2,1965,9501,2100/9501,0,1965,9501,1,4232.0,0.0,5000.742,0.0,891741.0,0.0,178.321748,0.0,1.1816498109640832,0.0,210.71384688090737,0.0,1965.0,9501.0,1,2100/9501,2100,9501
myocyte,solver_2,210,405,210/405,0,210,405,1,2.0,0.0,6778.956,0.0,220573.0,0.0,32.537903,0.0,3389.478,0.0,110286.5,0.0,210.0,405.0,1,210/405,210,405
myocyte,solver_2,210,810,210/810,0,210,810,1,2.0,0.0,6547.917,0.0,230994.0,0.0,35.277478,0.0,3273.9585,0.0,115497.0,0.0,210.0,810.0,1,210/810,210,810
myocyte,solver_2,210,5001,210/5001,0,210,5001,1,2.0,0.0,6540.278,0.0,437289.0,0.0,66.860921,0.0,3270.139,0.0,218644.5,0.0,210.0,5001.0,1,210/5001,210,5001
myocyte,solver_2,210,9251,210/9251,0,210,9251,1,2.0,0.0,6510.57,0.0,572313.0,0.0,87.905202,0.0,3255.285,0.0,286156.5,0.0,210.0,9251.0,1,210/9251,210,9251
myocyte,solver_2,210,9501,210/9501,0,210,9501,1,2.0,0.0,6511.418,0.0,573715.0,0.0,88.109066,0.0,3255.709,0.0,286857.5,0.0,210.0,9501.0,1,210/9501,210,9501
myocyte,solver_2,630,810,630/405;630/810,0,630,810,2,4.0,0.0,5328.389999999999,0.0,197407.5,0.0,37.054486,0.0,1332.0974999999999,0.0,49351.875,0.0,630.0,810.0,2,630/405;630/810,630,405;810
myocyte,solver_2,630,5001,630/5001,0,630,5001,1,4.0,0.0,5190.837,0.0,360473.0,0.0,69.444094,0.0,1297.70925,0.0,90118.25,0.0,630.0,5001.0,1,630/5001,630,5001
myocyte,solver_2,630,9251,630/9251,0,630,9251,1,4.0,0.0,5123.439,0.0,467772.0,0.0,91.300386,0.0,1280.85975,0.0,116943.0,0.0,630.0,9251.0,1,630/9251,630,9251
myocyte,solver_2,630,9501,630/9501,0,630,9501,1,4.0,0.0,5121.788,0.0,470246.0,0.0,91.812866,0.0,1280.447,0.0,117561.5,0.0,630.0,9501.0,1,630/9501,630,9501
myocyte,solver_2,1050,810,1050/405;1050/810,0,1050,810,2,7.0,0.0,5709.6805,0.0,230369.5,0.0,40.3455445,0.0,815.6686428571429,0.0,32909.92857142857,0.0,1050.0,810.0,2,1050/405;1050/810,1050,405;810
myocyte,solver_2,1050,5001,1050/5001,0,1050,5001,1,7.0,0.0,5650.723,0.0,402391.0,0.0,71.210538,0.0,807.2461428571429,0.0,57484.42857142857,0.0,1050.0,5001.0,1,1050/5001,1050,5001
myocyte,solver_2,1050,9251,1050/9251,0,1050,9251,1,7.0,0.0,5518.921,0.0,532347.0,0.0,96.458531,0.0,788.4172857142858,0.0,76049.57142857143,0.0,1050.0,9251.0,1,1050/9251,1050,9251
myocyte,solver_2,1050,9501,1050/9501,0,1050,9501,1,7.0,0.0,5522.919,0.0,534349.0,0.0,96.751185,0.0,788.9884285714286,0.0,76335.57142857143,0.0,1050.0,9501.0,1,1050/9501,1050,9501
myocyte,solver_2,1470,810,1470/405;1470/810,0,1470,810,2,9.0,0.0,5264.192999999999,0.0,227650.5,0.0,43.2450925,0.0,584.9103333333333,0.0,25294.5,0.0,1470.0,810.0,2,1470/405;1470/810,1470,405;810
myocyte,solver_2,1470,5001,1470/5001,0,1470,5001,1,9.0,0.0,5254.107,0.0,395738.0,0.0,75.319746,0.0,583.7896666666667,0.0,43970.88888888889,0.0,1470.0,5001.0,1,1470/5001,1470,5001
myocyte,solver_2,1470,9251,1470/9251,0,1470,9251,1,9.0,0.0,5212.229,0.0,519920.0,0.0,99.750021,0.0,579.1365555555556,0.0,57768.88888888889,0.0,1470.0,9251.0,1,1470/9251,1470,9251
myocyte,solver_2,1470,9501,1470/9501,0,1470,9501,1,9.0,0.0,5208.78,0.0,524071.0,0.0,100.613008,0.0,578.7533333333333,0.0,58230.11111111111,0.0,1470.0,9501.0,1,1470/9501,1470,9501
myocyte,solver_2,1890,810,1890/405;1890/810,0,1890,810,2,11.0,0.0,5015.039000000001,0.0,353206.0,0.0,70.42940949999999,0.0,455.91263636363635,0.0,32109.636363636364,0.0,1890.0,810.0,2,1890/405;1890/810,1890,405;810
myocyte,solver_2,1890,5001,1890/5001,0,1890,5001,1,11.0,0.0,5000.369,0.0,507378.0,0.0,101.468109,0.0,454.579,0.0,46125.27272727273,0.0,1890.0,5001.0,1,1890/5001,1890,5001
myocyte,solver_2,1890,9251,1890/9251,0,1890,9251,1,12.0,0.0,5454.486,0.0,705002.0,0.0,129.251768,0.0,454.5405,0.0,58750.16666666666,0.0,1890.0,9251.0,1,1890/9251,1890,9251
myocyte,solver_2,1890,9501,1890/9501,0,1890,9501,1,12.0,0.0,5451.476,0.0,712051.0,0.0,130.616184,0.0,454.2896666666666,0.0,59337.583333333336,0.0,1890.0,9501.0,1,1890/9501,1890,9501
myocyte,solver_2,1950,810,2100/405,0,1950,810,1,12.0,0.0,5301.06,0.0,437127.0,0.0,82.460307,0.0,441.75500000000005,0.0,36427.25,0.0,1950.0,810.0,1,2100/405,2100,405
myocyte,solver_2,1950,9501,2100/9501,0,1950,9501,1,12.0,0.0,5280.634,0.0,755576.0,0.0,143.08434,0.0,440.05283333333335,0.0,62964.66666666666,0.0,1950.0,9501.0,1,2100/9501,2100,9501
myocyte,solver_2,1965,810,2100/810,0,1965,810,1,12.0,0.0,5277.18,0.0,435661.0,0.0,82.55565,0.0,439.765,0.0,36305.083333333336,0.0,1965.0,810.0,1,2100/810,2100,810
myocyte,solver_2,1965,5001,2100/5001,0,1965,5001,1,12.0,0.0,5259.951,0.0,631387.0,0.0,120.036666,0.0,438.32925,0.0,52615.583333333336,0.0,1965.0,5001.0,1,2100/5001,2100,5001
myocyte,solver_2,1965,9251,2100/9251,0,1965,9251,1,12.0,0.0,5280.805,0.0,752510.0,0.0,142.499116,0.0,440.06708333333336,0.0,62709.16666666666,0.0,1965.0,9251.0,1,2100/9251,2100,9251
nn,euclid,210,405,210/405,0,210,405,1,1090.0,0.0,5003.563,0.0,209276.0,0.0,41.825395,0.0,4.590424770642202,0.0,191.99633027522933,0.0,210.0,405.0,1,210/405,210,405
nn,euclid,210,810,210/810,0,210,810,1,2556.0,0.0,5000.704,0.0,253932.0,0.0,50.779249,0.0,1.95645696400626,0.0,99.34741784037558,0.0,210.0,810.0,1,210/810,210,810
nn,euclid,210,5001,210/5001,0,210,5001,1,17534.0,0.0,5000.036,0.0,658523.0,0.0,131.703648,0.0,0.2851623132200296,0.0,37.5569179879092,0.0,210.0,5001.0,1,210/5001,210,5001
nn,euclid,210,9251,210/9251,0,210,9251,1,20101.0,0.0,5000.1,0.0,864257.0,0.0,172.847957,0.0,0.2487488184667429,0.0,42.99572160589025,0.0,210.0,9251.0,1,210/9251,210,9251
nn,euclid,210,9501,210/9501,0,210,9501,1,20090.0,0.0,5000.076,0.0,867347.0,0.0,173.466757,0.0,0.2488838227974116,0.0,43.17307117969139,0.0,210.0,9501.0,1,210/9501,210,9501
nn,euclid,630,810,630/405;630/810,0,630,810,2,2557.5,0.0,5001.558,0.0,263590.0,0.0,52.701589,0.0,1.9556452983579993,0.0,103.06403612707925,0.0,630.0,810.0,2,630/405;630/810,630,405;810
nn,euclid,630,5001,630/5001,0,630,5001,1,18195.0,0.0,5000.223,0.0,690406.0,0.0,138.075051,0.0,0.2748130255564716,0.0,37.94482000549601,0.0,630.0,5001.0,1,630/5001,630,5001
nn,euclid,630,9251,630/9251,0,630,9251,1,32922.0,0.0,5000.051,0.0,1080532.0,0.0,216.104205,0.0,0.1518756758398639,0.0,32.82097077941802,0.0,630.0,9251.0,1,630/9251,630,9251
nn,euclid,630,9501,630/9501,0,630,9501,1,33043.0,0.0,5000.137,0.0,1095539.0,0.0,219.101809,0.0,0.1513221257149774,0.0,33.15494961111279,0.0,630.0,9501.0,1,630/9501,630,9501
nn,euclid,1050,810,1050/405;1050/810,0,1050,810,2,2559.5,0.0,5000.7155,0.0,288262.0,0.0,57.6441055,0.0,1.9537861189978996,0.0,112.62419379213071,0.0,1050.0,810.0,2,1050/405;1050/810,1050,405;810
nn,euclid,1050,5001,1050/5001,0,1050,5001,1,18230.0,0.0,5000.161,0.0,709191.0,0.0,141.833629,0.0,0.2742820076796489,0.0,38.90241360394953,0.0,1050.0,5001.0,1,1050/5001,1050,5001
nn,euclid,1050,9251,1050/9251,0,1050,9251,1,32993.0,0.0,5000.09,0.0,1105472.0,0.0,221.090406,0.0,0.1515500257630406,0.0,33.506258903403754,0.0,1050.0,9251.0,1,1050/9251,1050,9251
nn,euclid,1050,9501,1050/9501,0,1050,9501,1,32979.0,0.0,5000.112,0.0,1120823.0,0.0,224.159565,0.0,0.1516150277449286,0.0,33.98596076290973,0.0,1050.0,9501.0,1,1050/9501,1050,9501
nn,euclid,1470,810,1470/405;1470/810,0,1470,810,2,2562.5,0.0,5001.457,0.0,319962.5,0.0,63.973895,0.0,1.951788183292352,0.0,124.86294329043923,0.0,1470.0,810.0,2,1470/405;1470/810,1470,405;810
nn,euclid,1470,5001,1470/5001,0,1470,5001,1,18287.0,0.0,5000.212,0.0,757431.0,0.0,151.47978,0.0,0.2734298682123913,0.0,41.41909553234538,0.0,1470.0,5001.0,1,1470/5001,1470,5001
nn,euclid,1470,9251,1470/9251,0,1470,9251,1,33161.0,0.0,5000.029,0.0,1153569.0,0.0,230.712471,0.0,0.1507804046922589,0.0,34.786918367962365,0.0,1470.0,9251.0,1,1470/9251,1470,9251
nn,euclid,1470,9501,1470/9501,0,1470,9501,1,33026.0,0.0,5000.125,0.0,1156682.0,0.0,231.330594,0.0,0.1513996548174165,0.0,35.02337552231575,0.0,1470.0,9501.0,1,1470/9501,1470,9501
nn,euclid,1890,810,1890/405;1890/810,0,1890,810,2,2564.5,0.0,5001.3415,0.0,484743.5,0.0,96.922688,0.0,1.9502209792660714,0.0,189.02105605276844,0.0,1890.0,810.0,2,1890/405;1890/810,1890,405;810
nn,euclid,1890,5001,1890/5001,0,1890,5001,1,18319.0,0.0,5000.077,0.0,1063960.0,0.0,212.788738,0.0,0.2729448659861346,0.0,58.0795894972433,0.0,1890.0,5001.0,1,1890/5001,1890,5001
nn,euclid,1890,9251,1890/9251,0,1890,9251,1,33242.0,0.0,5000.145,0.0,1631437.0,0.0,326.277937,0.0,0.1504164911858492,0.0,49.07758257625895,0.0,1890.0,9251.0,1,1890/9251,1890,9251
nn,euclid,1890,9501,1890/9501,0,1890,9501,1,33095.0,0.0,5000.025,0.0,1696488.0,0.0,339.29591,0.0,0.1510809789998489,0.0,51.26115727451277,0.0,1890.0,9501.0,1,1890/9501,1890,9501
nn,euclid,1920,810,2100/405,0,1920,810,1,2564.0,0.0,5001.818,0.0,567488.0,0.0,113.45635,0.0,1.9507870514820596,0.0,221.3291731669267,0.0,1920.0,810.0,1,2100/405,2100,405
nn,euclid,1935,5001,2100/5001,0,1935,5001,1,18366.0,0.0,5000.121,0.0,1205947.0,0.0,241.183559,0.0,0.2722487749101601,0.0,65.66192965261897,0.0,1935.0,5001.0,1,2100/5001,2100,5001
nn,euclid,1935,9501,2100/9501,0,1935,9501,1,33253.0,0.0,5000.144,0.0,1692751.0,0.0,338.540447,0.0,0.1503667037560521,0.0,50.90521155985926,0.0,1935.0,9501.0,1,2100/9501,2100,9501
nn,euclid,1950,9251,2100/9251,0,1950,9251,1,33246.0,0.0,5000.072,0.0,1696876.0,0.0,339.370295,0.0,0.1503961980388618,0.0,51.04000481260904,0.0,1950.0,9251.0,1,2100/9251,2100,9251
nn,euclid,1965,810,2100/810,0,1965,810,1,2565.0,0.0,5000.884,0.0,544626.0,0.0,108.905939,0.0,1.9496623781676412,0.0,212.3298245614035,0.0,1965.0,810.0,1,2100/810,2100,810
nw,shared_1,210,405,210/405,0,210,405,1,139021.0,0.0,5000.024,0.0,178421.0,0.0,35.684029,0.0,0.0359659619769675,0.0,1.283410420008488,0.0,210.0,405.0,1,210/405,210,405
nw,shared_1,210,810,210/810,0,210,810,1,145929.0,0.0,5000.017,0.0,189670.0,0.0,37.93387,0.0,0.0342633540968553,0.0,1.2997416551884822,0.0,210.0,810.0,1,210/810,210,810
nw,shared_1,210,5001,210/5001,0,210,5001,1,151328.0,0.0,5000.021,0.0,351530.0,0.0,70.305712,0.0,0.0330409507824064,0.0,2.3229673292450834,0.0,210.0,5001.0,1,210/5001,210,5001
nw,shared_1,210,9251,210/9251,0,210,9251,1,154218.0,0.0,5000.03,0.0,460619.0,0.0,92.123251,0.0,0.0324218314334254,0.0,2.986804393780233,0.0,210.0,9251.0,1,210/9251,210,9251
nw,shared_1,210,9501,210/9501,0,210,9501,1,154043.0,0.0,5000.023,0.0,463073.0,0.0,92.614175,0.0,0.0324586186973767,0.0,3.006128159020533,0.0,210.0,9501.0,1,210/9501,210,9501
nw,shared_1,630,810,630/405;630/810,0,630,810,2,276566.5,0.0,5000.01,0.0,203523.5,0.0,40.704617,0.0,0.018172641007835548,0.0,0.739140588144131,0.0,630.0,810.0,2,630/405;630/810,630,405;810
nw,shared_1,630,5001,630/5001,0,630,5001,1,295866.0,0.0,5000.011,0.0,367257.0,0.0,73.451242,0.0,0.016899579539386,0.0,1.2412950457301617,0.0,630.0,5001.0,1,630/5001,630,5001
nw,shared_1,630,9251,630/9251,0,630,9251,1,317537.0,0.0,5000.02,0.0,492397.0,0.0,98.479015,0.0,0.0157462594910199,0.0,1.5506759842160127,0.0,630.0,9251.0,1,630/9251,630,9251
nw,shared_1,630,9501,630/9501,0,630,9501,1,307416.0,0.0,5000.012,0.0,492451.0,0.0,98.489969,0.0,0.0162646446508965,0.0,1.601904260025503,0.0,630.0,9501.0,1,630/9501,630,9501
nw,shared_1,1050,810,1050/405;1050/810,0,1050,810,2,375638.0,0.0,5000.012,0.0,221821.5,0.0,44.364194,0.0,0.01331163182111195,0.0,0.5905658387465065,0.0,1050.0,810.0,2,1050/405;1050/810,1050,405;810
nw,shared_1,1050,5001,1050/5001,0,1050,5001,1,406694.0,0.0,5000.014,0.0,395231.0,0.0,79.045984,0.0,0.0122942900559142,0.0,0.9718141895380802,0.0,1050.0,5001.0,1,1050/5001,1050,5001
nw,shared_1,1050,9251,1050/9251,0,1050,9251,1,430194.0,0.0,5000.007,0.0,517265.0,0.0,103.452859,0.0,0.0116226795352794,0.0,1.2023993826041277,0.0,1050.0,9251.0,1,1050/9251,1050,9251
nw,shared_1,1050,9501,1050/9501,0,1050,9501,1,431493.0,0.0,5000.012,0.0,517185.0,0.0,103.436747,0.0,0.0115877013068578,0.0,1.1985941834514118,0.0,1050.0,9501.0,1,1050/9501,1050,9501
nw,shared_1,1470,810,1470/405;1470/810,0,1470,810,2,460079.5,0.0,5000.0135,0.0,260784.0,0.0,52.15666,0.0,0.0108677163526996,0.0,0.5668238680529372,0.0,1470.0,810.0,2,1470/405;1470/810,1470,405;810
nw,shared_1,1470,5001,1470/5001,0,1470,5001,1,468323.0,0.0,5000.012,0.0,427081.0,0.0,85.416,0.0,0.0106764177714953,0.0,0.9119368470051652,0.0,1470.0,5001.0,1,1470/5001,1470,5001
nw,shared_1,1470,9251,1470/9251,0,1470,9251,1,485606.0,0.0,5000.014,0.0,531008.0,0.0,106.201299,0.0,0.0102964419714748,0.0,1.0934955498902403,0.0,1470.0,9251.0,1,1470/9251,1470,9251
nw,shared_1,1470,9501,1470/9501,0,1470,9501,1,481533.0,0.0,5000.008,0.0,533363.0,0.0,106.672423,0.0,0.0103835209632569,0.0,1.1076354060884717,0.0,1470.0,9501.0,1,1470/9501,1470,9501
nw,shared_1,1890,810,1890/405;1890/810,0,1890,810,2,535068.0,0.0,5000.0115000000005,0.0,436246.5,0.0,87.2491,0.0,0.009344845253416601,0.0,0.8153101038600392,0.0,1890.0,810.0,2,1890/405;1890/810,1890,405;810
nw,shared_1,1890,5001,1890/5001,0,1890,5001,1,549519.0,0.0,5000.011,0.0,607369.0,0.0,121.473539,0.0,0.0090988864807222,0.0,1.1052738849794093,0.0,1890.0,5001.0,1,1890/5001,1890,5001
nw,shared_1,1890,9251,1890/9251,0,1890,9251,1,546117.0,0.0,5000.01,0.0,732282.0,0.0,146.4561,0.0,0.0091555655656205,0.0,1.3408884909277683,0.0,1890.0,9251.0,1,1890/9251,1890,9251
nw,shared_1,1890,9501,1890/9501,0,1890,9501,1,548444.0,0.0,5000.009,0.0,736513.0,0.0,147.302327,0.0,0.0091167174770806,0.0,1.3429137705946277,0.0,1890.0,9501.0,1,1890/9501,1890,9501
nw,shared_1,1950,810,2100/405;2100/810,0,1950,810,2,544426.0,0.0,5000.0085,0.0,500412.5,0.0,100.082328,0.0,0.009184000213597901,0.0,0.9191562526751273,0.0,1950.0,810.0,2,2100/405;2100/810,2100,405;810
nw,shared_1,1950,5001,2100/5001,0,1950,5001,1,586636.0,0.0,5000.011,0.0,686890.0,0.0,137.377691,0.0,0.0085231915531948,0.0,1.1708964332226457,0.0,1950.0,5001.0,1,2100/5001,2100,5001
nw,shared_1,1950,9251,2100/9251,0,1950,9251,1,556820.0,0.0,5000.009,0.0,812996.0,0.0,162.598898,0.0,0.0089795786789267,0.0,1.460069681405122,0.0,1950.0,9251.0,1,2100/9251,2100,9251
nw,shared_1,1950,9501,2100/9501,0,1950,9501,1,561160.0,0.0,5000.01,0.0,821708.0,0.0,164.341263,0.0,0.0089101325825076,0.0,1.464302516216409,0.0,1950.0,9501.0,1,2100/9501,2100,9501
nw,shared_2,210,405,210/405,0,210,405,1,140678.0,0.0,5000.028,0.0,162408.0,0.0,32.481419,0.0,0.0355423591464194,0.0,1.154466227839463,0.0,210.0,405.0,1,210/405,210,405
nw,shared_2,210,810,210/810,0,210,810,1,149745.0,0.0,5000.035,0.0,187147.0,0.0,37.42914,0.0,0.0333903302280543,0.0,1.2497712778389929,0.0,210.0,810.0,1,210/810,210,810
nw,shared_2,210,5001,210/5001,0,210,5001,1,148865.0,0.0,5000.012,0.0,353640.0,0.0,70.727827,0.0,0.033587559197931,0.0,2.375575185570819,0.0,210.0,5001.0,1,210/5001,210,5001
nw,shared_2,210,9251,210/9251,0,210,9251,1,154107.0,0.0,5000.015,0.0,456653.0,0.0,91.330332,0.0,0.0324450868552369,0.0,2.963220359879824,0.0,210.0,9251.0,1,210/9251,210,9251
nw,shared_2,210,9501,210/9501,0,210,9501,1,151974.0,0.0,5000.033,0.0,458685.0,0.0,91.7364,0.0,0.032900581678445,0.0,3.0181807414426154,0.0,210.0,9501.0,1,210/9501,210,9501
nw,shared_2,630,810,630/405;630/810,0,630,810,2,271774.0,0.0,5000.021000000001,0.0,202184.0,0.0,40.43663,0.0,0.0184542249123314,0.0,0.7458535510223684,0.0,630.0,810.0,2,630/405;630/810,630,405;810
nw,shared_2,630,5001,630/5001,0,630,5001,1,293923.0,0.0,5000.022,0.0,366732.0,0.0,73.346071,0.0,0.0170113329001132,0.0,1.2477145374809049,0.0,630.0,5001.0,1,630/5001,630,5001
nw,shared_2,630,9251,630/9251,0,630,9251,1,308537.0,0.0,5000.008,0.0,490696.0,0.0,98.139037,0.0,0.0162055377474986,0.0,1.5903959654757776,0.0,630.0,9251.0,1,630/9251,630,9251
nw,shared_2,630,9501,630/9501,0,630,9501,1,319034.0,0.0,5000.012,0.0,494977.0,0.0,98.995158,0.0,0.0156723484017377,0.0,1.551486675401368,0.0,630.0,9501.0,1,630/9501,630,9501
nw,shared_2,1050,810,1050/405;1050/810,0,1050,810,2,381824.0,0.0,5000.014499999999,0.0,224314.0,0.0,44.8626685,0.0,0.0130983325755006,0.0,0.5876618945732103,0.0,1050.0,810.0,2,1050/405;1050/810,1050,405;810
nw,shared_2,1050,5001,1050/5001,0,1050,5001,1,390919.0,0.0,5000.016,0.0,393807.0,0.0,78.761154,0.0,0.0127904143825191,0.0,1.00738771970664,0.0,1050.0,5001.0,1,1050/5001,1050,5001
nw,shared_2,1050,9251,1050/9251,0,1050,9251,1,413527.0,0.0,5000.008,0.0,524562.0,0.0,104.912236,0.0,0.0120911282697381,0.0,1.2685072558744652,0.0,1050.0,9251.0,1,1050/9251,1050,9251
nw,shared_2,1050,9501,1050/9501,0,1050,9501,1,431326.0,0.0,5000.008,0.0,517301.0,0.0,103.460038,0.0,0.0115921785378113,0.0,1.19932719103416,0.0,1050.0,9501.0,1,1050/9501,1050,9501
nw,shared_2,1470,810,1470/405;1470/810,0,1470,810,2,472736.0,0.0,5000.0115000000005,0.0,265810.5,0.0,53.161978500000004,0.0,0.010582998412436949,0.0,0.5626585669110833,0.0,1470.0,810.0,2,1470/405;1470/810,1470,405;810
nw,shared_2,1470,5001,1470/5001,0,1470,5001,1,495197.0,0.0,5000.011,0.0,430552.0,0.0,86.110215,0.0,0.0100970139156739,0.0,0.8694559942810639,0.0,1470.0,5001.0,1,1470/5001,1470,5001
nw,shared_2,1470,9251,1470/9251,0,1470,9251,1,508428.0,0.0,5000.009,0.0,544614.0,0.0,108.922598,0.0,0.0098342518508028,0.0,1.0711723193844556,0.0,1470.0,9251.0,1,1470/9251,1470,9251
nw,shared_2,1470,9501,1470/9501,0,1470,9501,1,483739.0,0.0,5000.008,0.0,531449.0,0.0,106.289624,0.0,0.0103361688844604,0.0,1.0986275656914162,0.0,1470.0,9501.0,1,1470/9501,1470,9501
nw,shared_2,1890,810,1890/405;1890/810,0,1890,810,2,547690.0,0.0,5000.008,0.0,437303.0,0.0,87.4604595,0.0,0.0091337262032808,0.0,0.7986729411806343,0.0,1890.0,810.0,2,1890/405;1890/810,1890,405;810
nw,shared_2,1890,5001,1890/5001,0,1890,5001,1,548202.0,0.0,5000.009,0.0,605645.0,0.0,121.128787,0.0,0.0091207419892667,0.0,1.1047843678060276,0.0,1890.0,5001.0,1,1890/5001,1890,5001
nw,shared_2,1890,9251,1890/9251,0,1890,9251,1,577749.0,0.0,5000.01,0.0,759314.0,0.0,151.862489,0.0,0.0086542945119766,0.0,1.314262768087872,0.0,1890.0,9251.0,1,1890/9251,1890,9251
nw,shared_2,1890,9501,1890/9501,0,1890,9501,1,533498.0,0.0,5000.005,0.0,730755.0,0.0,146.150843,0.0,0.009372115734267,0.0,1.369742716936146,0.0,1890.0,9501.0,1,1890/9501,1890,9501
nw,shared_2,1950,810,2100/405;2100/810,0,1950,810,2,545412.0,0.0,5000.009,0.0,507889.5,0.0,101.57771650000001,0.0,0.00916739868241505,0.0,0.9312069531782106,0.0,1950.0,810.0,2,2100/405;2100/810,2100,405;810
nw,shared_2,1950,5001,2100/5001,0,1950,5001,1,589611.0,0.0,5000.008,0.0,693100.0,0.0,138.61977,0.0,0.0084801810006936,0.0,1.1755208094828624,0.0,1950.0,5001.0,1,2100/5001,2100,5001
nw,shared_2,1950,9251,2100/9251,0,1950,9251,1,566411.0,0.0,5000.006,0.0,812529.0,0.0,162.50561,0.0,0.0088275227705676,0.0,1.4345219284230002,0.0,1950.0,9251.0,1,2100/9251,2100,9251
nw,shared_2,1950,9501,2100/9501,0,1950,9501,1,559980.0,0.0,5000.016,0.0,817052.0,0.0,163.409873,0.0,0.0089289188899603,0.0,1.459073538340655,0.0,1950.0,9501.0,1,2100/9501,2100,9501
particlefilter,find_index,210,405,210/405,0,210,405,1,22.0,0.0,5114.348,0.0,162157.0,0.0,31.706289,0.0,232.47036363636363,0.0,7370.772727272727,0.0,210.0,405.0,1,210/405,210,405
particlefilter,find_index,210,810,210/810,0,210,810,1,22.0,0.0,5063.749,0.0,182588.0,0.0,36.057873,0.0,230.1704090909091,0.0,8299.454545454546,0.0,210.0,810.0,1,210/810,210,810
particlefilter,find_index,210,5001,210/5001,0,210,5001,1,22.0,0.0,5026.585,0.0,342659.0,0.0,68.169344,0.0,228.48113636363635,0.0,15575.40909090909,0.0,210.0,5001.0,1,210/5001,210,5001
particlefilter,find_index,210,9251,210/9251,0,210,9251,1,22.0,0.0,5046.976,0.0,453115.0,0.0,89.779511,0.0,229.408,0.0,20596.136363636364,0.0,210.0,9251.0,1,210/9251,210,9251
particlefilter,find_index,210,9501,210/9501,0,210,9501,1,22.0,0.0,5064.814,0.0,462671.0,0.0,91.350048,0.0,230.2188181818182,0.0,21030.5,0.0,210.0,9501.0,1,210/9501,210,9501
particlefilter,find_index,630,810,630/405;630/810,0,630,810,2,57.0,0.0,5083.0425,0.0,209939.0,0.0,41.3017355,0.0,89.17618421052632,0.0,3683.1403508771928,0.0,630.0,810.0,2,630/405;630/810,630,405;810
particlefilter,find_index,630,5001,630/5001,0,630,5001,1,57.0,0.0,5084.146,0.0,381060.0,0.0,74.950641,0.0,89.19554385964912,0.0,6685.263157894737,0.0,630.0,5001.0,1,630/5001,630,5001
particlefilter,find_index,630,9251,630/9251,0,630,9251,1,57.0,0.0,5080.365,0.0,500184.0,0.0,98.454348,0.0,89.12921052631579,0.0,8775.157894736842,0.0,630.0,9251.0,1,630/9251,630,9251
particlefilter,find_index,630,9501,630/9501,0,630,9501,1,57.0,0.0,5079.996,0.0,502333.0,0.0,98.884534,0.0,89.12273684210527,0.0,8812.859649122807,0.0,630.0,9501.0,1,630/9501,630,9501
particlefilter,find_index,1050,810,1050/405;1050/810,0,1050,810,2,94.0,0.0,5027.867,0.0,247772.5,0.0,49.279849,0.0,53.48794680851064,0.0,2635.877659574468,0.0,1050.0,810.0,2,1050/405;1050/810,1050,405;810
particlefilter,find_index,1050,5001,1050/5001,0,1050,5001,1,94.0,0.0,5027.166,0.0,407445.0,0.0,81.048646,0.0,53.480489361702126,0.0,4334.521276595745,0.0,1050.0,5001.0,1,1050/5001,1050,5001
particlefilter,find_index,1050,9251,1050/9251,0,1050,9251,1,94.0,0.0,5031.665,0.0,520321.0,0.0,103.409318,0.0,53.52835106382979,0.0,5535.329787234043,0.0,1050.0,9251.0,1,1050/9251,1050,9251
particlefilter,find_index,1050,9501,1050/9501,0,1050,9501,1,94.0,0.0,5030.887,0.0,522066.0,0.0,103.772154,0.0,53.52007446808511,0.0,5553.893617021276,0.0,1050.0,9501.0,1,1050/9501,1050,9501
particlefilter,find_index,1470,810,1470/405;1470/810,0,1470,810,2,131.0,0.0,5005.3009999999995,0.0,300664.0,0.0,60.0691115,0.0,38.208404580152674,0.0,2295.1450381679388,0.0,1470.0,810.0,2,1470/405;1470/810,1470,405;810
particlefilter,find_index,1470,5001,1470/5001,0,1470,5001,1,131.0,0.0,5005.05,0.0,456474.0,0.0,91.202689,0.0,38.20648854961832,0.0,3484.5343511450383,0.0,1470.0,5001.0,1,1470/5001,1470,5001
particlefilter,find_index,1470,9251,1470/9251,0,1470,9251,1,131.0,0.0,5004.686,0.0,572623.0,0.0,114.417378,0.0,38.20370992366412,0.0,4371.167938931298,0.0,1470.0,9251.0,1,1470/9251,1470,9251
particlefilter,find_index,1470,9501,1470/9501,0,1470,9501,1,131.0,0.0,5004.748,0.0,574143.0,0.0,114.719672,0.0,38.20418320610687,0.0,4382.770992366412,0.0,1470.0,9501.0,1,1470/9501,1470,9501
particlefilter,find_index,1890,810,1890/405;1890/810,0,1890,810,2,169.0,0.0,5022.554,0.0,530181.5,0.0,105.560135,0.0,29.71925443786982,0.0,3137.1686390532545,0.0,1890.0,810.0,2,1890/405;1890/810,1890,405;810
particlefilter,find_index,1890,5001,1890/5001,0,1890,5001,1,169.0,0.0,5022.38,0.0,718654.0,0.0,143.090317,0.0,29.718224852071007,0.0,4252.390532544378,0.0,1890.0,5001.0,1,1890/5001,1890,5001
particlefilter,find_index,1890,9251,1890/9251,0,1890,9251,1,169.0,0.0,5022.436,0.0,830991.0,0.0,165.455766,0.0,29.71855621301775,0.0,4917.10650887574,0.0,1890.0,9251.0,1,1890/9251,1890,9251
particlefilter,find_index,1890,9501,1890/9501,0,1890,9501,1,169.0,0.0,5022.601,0.0,836281.0,0.0,166.503568,0.0,29.719532544378698,0.0,4948.408284023669,0.0,1890.0,9501.0,1,1890/9501,1890,9501
particlefilter,find_index,1950,810,2100/810,0,1950,810,1,173.0,0.0,5005.45,0.0,634561.0,0.0,126.774011,0.0,28.93323699421965,0.0,3667.9826589595377,0.0,1950.0,810.0,1,2100/810,2100,810
particlefilter,find_index,1950,5001,2100/5001,0,1950,5001,1,175.0,0.0,5002.366,0.0,811989.0,0.0,162.320983,0.0,28.584948571428573,0.0,4639.937142857143,0.0,1950.0,5001.0,1,2100/5001,2100,5001
particlefilter,find_index,1965,810,2100/405,0,1965,810,1,175.0,0.0,5002.258,0.0,641781.0,0.0,128.298265,0.0,28.584331428571428,0.0,3667.32,0.0,1965.0,810.0,1,2100/405,2100,405
particlefilter,find_index,1965,9251,2100/9251,0,1965,9251,1,174.0,0.0,5002.045,0.0,941118.0,0.0,188.146651,0.0,28.747385057471263,0.0,5408.724137931034,0.0,1965.0,9251.0,1,2100/9251,2100,9251
particlefilter,find_index,1965,9501,2100/9501,0,1965,9501,1,174.0,0.0,5011.688,0.0,935129.0,0.0,186.589647,0.0,28.80280459770115,0.0,5374.30459770115,0.0,1965.0,9501.0,1,2100/9501,2100,9501
particlefilter,likelihood,210,405,210/405,0,210,405,1,89.0,0.0,5005.941,0.0,182950.0,0.0,36.546576,0.0,56.24652808988764,0.0,2055.61797752809,0.0,210.0,405.0,1,210/405,210,405
particlefilter,likelihood,210,810,210/810,0,210,810,1,99.0,0.0,5026.035,0.0,196896.0,0.0,39.175217,0.0,50.7680303030303,0.0,1988.8484848484848,0.0,210.0,810.0,1,210/810,210,810
particlefilter,likelihood,210,5001,210/5001,0,210,5001,1,101.0,0.0,5015.378,0.0,353021.0,0.0,70.387717,0.0,49.65720792079208,0.0,3495.2574257425745,0.0,210.0,5001.0,1,210/5001,210,5001
particlefilter,likelihood,210,9251,210/9251,0,210,9251,1,101.0,0.0,5019.914,0.0,478275.0,0.0,95.275535,0.0,49.70211881188119,0.0,4735.39603960396,0.0,210.0,9251.0,1,210/9251,210,9251
particlefilter,likelihood,210,9501,210/9501,0,210,9501,1,101.0,0.0,5020.724,0.0,480439.0,0.0,95.691177,0.0,49.71013861386139,0.0,4756.821782178218,0.0,210.0,9501.0,1,210/9501,210,9501
particlefilter,likelihood,630,810,630/405;630/810,0,630,810,2,220.5,0.0,5012.5515,0.0,217658.5,0.0,43.421739,0.0,22.732690353763886,0.0,987.0852015631426,0.0,630.0,810.0,2,630/405;630/810,630,405;810
particlefilter,likelihood,630,5001,630/5001,0,630,5001,1,265.0,0.0,5000.911,0.0,386891.0,0.0,77.36411,0.0,18.871362264150942,0.0,1459.966037735849,0.0,630.0,5001.0,1,630/5001,630,5001
particlefilter,likelihood,630,9251,630/9251,0,630,9251,1,265.0,0.0,5000.6,0.0,512513.0,0.0,102.490309,0.0,18.870188679245285,0.0,1934.011320754717,0.0,630.0,9251.0,1,630/9251,630,9251
particlefilter,likelihood,630,9501,630/9501,0,630,9501,1,265.0,0.0,5000.455,0.0,515505.0,0.0,103.091617,0.0,18.86964150943396,0.0,1945.301886792453,0.0,630.0,9501.0,1,630/9501,630,9501
particlefilter,likelihood,1050,810,1050/405;1050/810,0,1050,810,2,300.5,0.0,5007.711,0.0,253353.5,0.0,50.59277,0.0,16.66460695459579,0.0,843.1090586932447,0.0,1050.0,810.0,2,1050/405;1050/810,1050,405;810
particlefilter,likelihood,1050,5001,1050/5001,0,1050,5001,1,442.0,0.0,5010.246,0.0,426036.0,0.0,85.032957,0.0,11.335398190045249,0.0,963.8823529411764,0.0,1050.0,5001.0,1,1050/5001,1050,5001
particlefilter,likelihood,1050,9251,1050/9251,0,1050,9251,1,442.0,0.0,5005.369,0.0,550693.0,0.0,110.020457,0.0,11.324364253393664,0.0,1245.9117647058824,0.0,1050.0,9251.0,1,1050/9251,1050,9251
particlefilter,likelihood,1050,9501,1050/9501,0,1050,9501,1,442.0,0.0,5005.708,0.0,561220.0,0.0,112.115997,0.0,11.325131221719456,0.0,1269.7285067873304,0.0,1050.0,9501.0,1,1050/9501,1050,9501
particlefilter,likelihood,1470,810,1470/405;1470/810,0,1470,810,2,362.0,0.0,5002.6155,0.0,300574.0,0.0,60.083392,0.0,13.819379834254145,0.0,830.3149171270718,0.0,1470.0,810.0,2,1470/405;1470/810,1470,405;810
particlefilter,likelihood,1470,5001,1470/5001,0,1470,5001,1,611.0,0.0,5004.372,0.0,475771.0,0.0,95.071069,0.0,8.19046153846154,0.0,778.6759410801964,0.0,1470.0,5001.0,1,1470/5001,1470,5001
particlefilter,likelihood,1470,9251,1470/9251,0,1470,9251,1,615.0,0.0,5000.024,0.0,603846.0,0.0,120.76861,0.0,8.130120325203253,0.0,981.8634146341464,0.0,1470.0,9251.0,1,1470/9251,1470,9251
particlefilter,likelihood,1470,9501,1470/9501,0,1470,9501,1,616.0,0.0,5007.358,0.0,606277.0,0.0,121.077225,0.0,8.128827922077923,0.0,984.2159090909092,0.0,1470.0,9501.0,1,1470/9501,1470,9501
particlefilter,likelihood,1890,810,1890/405;1890/810,0,1890,810,2,406.0,0.0,5010.03,0.0,502404.5,0.0,100.2797345,0.0,12.339975369458125,0.0,1237.4495073891626,0.0,1890.0,810.0,2,1890/405;1890/810,1890,405;810
particlefilter,likelihood,1890,5001,1890/5001,0,1890,5001,1,774.0,0.0,5003.639,0.0,741095.0,0.0,148.111214,0.0,6.464649870801034,0.0,957.4870801033592,0.0,1890.0,5001.0,1,1890/5001,1890,5001
particlefilter,likelihood,1890,9251,1890/9251,0,1890,9251,1,782.0,0.0,5000.263,0.0,866876.0,0.0,173.366092,0.0,6.39419820971867,0.0,1108.537084398977,0.0,1890.0,9251.0,1,1890/9251,1890,9251
particlefilter,likelihood,1890,9501,1890/9501,0,1890,9501,1,782.0,0.0,5001.132,0.0,855086.0,0.0,170.978496,0.0,6.3953094629156,0.0,1093.460358056266,0.0,1890.0,9501.0,1,1890/9501,1890,9501
particlefilter,likelihood,1950,810,2100/405;2100/810,0,1950,810,2,409.0,0.0,5002.73,0.0,579978.5,0.0,115.9323835,0.0,12.231613691931539,0.0,1418.0403422982886,0.0,1950.0,810.0,2,2100/405;2100/810,2100,405;810
particlefilter,likelihood,1950,5001,2100/5001,0,1950,5001,1,791.0,0.0,5003.422,0.0,838925.0,0.0,167.670251,0.0,6.325438685208596,0.0,1060.5878634639696,0.0,1950.0,5001.0,1,2100/5001,2100,5001
particlefilter,likelihood,1950,9251,2100/9251,0,1950,9251,1,810.0,0.0,5005.56,0.0,985446.0,0.0,196.870278,0.0,6.179703703703704,0.0,1216.6,0.0,1950.0,9251.0,1,2100/9251,2100,9251
particlefilter,likelihood,1965,9501,2100/9501,0,1965,9501,1,804.0,0.0,5004.581,0.0,987686.0,0.0,197.35638,0.0,6.224603233830846,0.0,1228.4651741293533,0.0,1965.0,9501.0,1,2100/9501,2100,9501
particlefilter,normalize_weights,210,405,210/405,0,210,405,1,94.0,0.0,5028.343,0.0,149346.0,0.0,29.700836,0.0,53.49301063829787,0.0,1588.787234042553,0.0,210.0,405.0,1,210/405,210,405
particlefilter,normalize_weights,210,810,210/810,0,210,810,1,97.0,0.0,5047.744,0.0,171810.0,0.0,34.03699,0.0,52.03859793814433,0.0,1771.2371134020618,0.0,210.0,810.0,1,210/810,210,810
particlefilter,normalize_weights,210,5001,210/5001,0,210,5001,1,97.0,0.0,5037.263,0.0,336137.0,0.0,66.730085,0.0,51.93054639175258,0.0,3465.3298969072166,0.0,210.0,5001.0,1,210/5001,210,5001
particlefilter,normalize_weights,210,9251,210/9251,0,210,9251,1,98.0,0.0,5046.811,0.0,441483.0,0.0,87.477625,0.0,51.49807142857143,0.0,4504.928571428572,0.0,210.0,9251.0,1,210/9251,210,9251
particlefilter,normalize_weights,210,9501,210/9501,0,210,9501,1,98.0,0.0,5049.266,0.0,438169.0,0.0,86.778758,0.0,51.52312244897959,0.0,4471.11224489796,0.0,210.0,9501.0,1,210/9501,210,9501
particlefilter,normalize_weights,630,810,630/405;630/810,0,630,810,2,228.5,0.0,5009.724,0.0,181453.5,0.0,36.22073,0.0,21.94910320001534,0.0,794.7727682337602,0.0,630.0,810.0,2,630/405;630/810,630,405;810
particlefilter,normalize_weights,630,5001,630/5001,0,630,5001,1,238.0,0.0,5014.201,0.0,342547.0,0.0,68.315375,0.0,21.06807142857143,0.0,1439.2731092436975,0.0,630.0,5001.0,1,630/5001,630,5001
particlefilter,normalize_weights,630,9251,630/9251,0,630,9251,1,243.0,0.0,5006.061,0.0,453011.0,0.0,90.492513,0.0,20.601074074074077,0.0,1864.2427983539092,0.0,630.0,9251.0,1,630/9251,630,9251
particlefilter,normalize_weights,630,9501,630/9501,0,630,9501,1,243.0,0.0,5006.273,0.0,455011.0,0.0,90.888173,0.0,20.60194650205761,0.0,1872.4732510288063,0.0,630.0,9501.0,1,630/9501,630,9501
particlefilter,normalize_weights,1050,810,1050/405;1050/810,0,1050,810,2,368.5,0.0,5007.6445,0.0,197706.0,0.0,39.4806815,0.0,13.589513465645481,0.0,536.5467633846381,0.0,1050.0,810.0,2,1050/405;1050/810,1050,405;810
particlefilter,normalize_weights,1050,5001,1050/5001,0,1050,5001,1,374.0,0.0,5009.167,0.0,353919.0,0.0,70.654256,0.0,13.393494652406416,0.0,946.307486631016,0.0,1050.0,5001.0,1,1050/5001,1050,5001
particlefilter,normalize_weights,1050,9251,1050/9251,0,1050,9251,1,388.0,0.0,5004.088,0.0,469373.0,0.0,93.797913,0.0,12.897134020618555,0.0,1209.7242268041236,0.0,1050.0,9251.0,1,1050/9251,1050,9251
particlefilter,normalize_weights,1050,9501,1050/9501,0,1050,9501,1,388.0,0.0,5004.3,0.0,470267.0,0.0,93.972587,0.0,12.897680412371134,0.0,1212.028350515464,0.0,1050.0,9501.0,1,1050/9501,1050,9501
particlefilter,normalize_weights,1470,810,1470/405;1470/810,0,1470,810,2,514.0,0.0,5009.309,0.0,210604.5,0.0,42.042627499999995,0.0,9.745737354085604,0.0,409.7363813229572,0.0,1470.0,810.0,2,1470/405;1470/810,1470,405;810
particlefilter,normalize_weights,1470,5001,1470/5001,0,1470,5001,1,514.0,0.0,5008.831,0.0,373462.0,0.0,74.560717,0.0,9.744807392996108,0.0,726.5797665369649,0.0,1470.0,5001.0,1,1470/5001,1470,5001
particlefilter,normalize_weights,1470,9251,1470/9251,0,1470,9251,1,521.0,0.0,5007.413,0.0,490637.0,0.0,97.98214,0.0,9.611157389635316,0.0,941.7216890595008,0.0,1470.0,9251.0,1,1470/9251,1470,9251
particlefilter,normalize_weights,1470,9501,1470/9501,0,1470,9501,1,521.0,0.0,5007.468,0.0,493544.0,0.0,98.561593,0.0,9.611262955854126,0.0,947.3013435700576,0.0,1470.0,9501.0,1,1470/9501,1470,9501
particlefilter,normalize_weights,1890,810,1890/405;1890/810,0,1890,810,2,659.5,0.0,5003.6975,0.0,334890.0,0.0,66.9281175,0.0,7.5871077757851655,0.0,507.79075849542465,0.0,1890.0,810.0,2,1890/405;1890/810,1890,405;810
particlefilter,normalize_weights,1890,5001,1890/5001,0,1890,5001,1,660.0,0.0,5007.386,0.0,478610.0,0.0,95.580804,0.0,7.586948484848485,0.0,725.1666666666666,0.0,1890.0,5001.0,1,1890/5001,1890,5001
particlefilter,normalize_weights,1890,9251,1890/9251,0,1890,9251,1,660.0,0.0,5007.077,0.0,618325.0,0.0,123.49022,0.0,7.586480303030303,0.0,936.8560606060606,0.0,1890.0,9251.0,1,1890/9251,1890,9251
particlefilter,normalize_weights,1890,9501,1890/9501,0,1890,9501,1,659.0,0.0,5000.454,0.0,623932.0,0.0,124.775068,0.0,7.587942336874051,0.0,946.7860394537178,0.0,1890.0,9501.0,1,1890/9501,1890,9501
particlefilter,normalize_weights,1950,9501,2100/9501,0,1950,9501,1,681.0,0.0,5006.673,0.0,691255.0,0.0,138.06674,0.0,7.351942731277533,0.0,1015.058737151248,0.0,1950.0,9501.0,1,2100/9501,2100,9501
particlefilter,normalize_weights,1965,810,2100/405;2100/810,0,1965,810,2,682.0,0.0,5005.494,0.0,389122.5,0.0,77.73909,0.0,7.339434017595307,0.0,570.5608504398826,0.0,1965.0,810.0,2,2100/405;2100/810,2100,405;810
particlefilter,normalize_weights,1965,5001,2100/5001,0,1965,5001,1,682.0,0.0,5004.608,0.0,566608.0,0.0,113.217261,0.0,7.338134897360704,0.0,830.8035190615835,0.0,1965.0,5001.0,1,2100/5001,2100,5001
particlefilter,normalize_weights,1965,9251,2100/9251,0,1965,9251,1,681.0,0.0,5006.086,0.0,697521.0,0.0,139.334604,0.0,7.351080763582966,0.0,1024.259911894273,0.0,1965.0,9251.0,1,2100/9251,2100,9251
particlefilter,sum,210,405,210/405,0,210,405,1,81416.0,0.0,5000.058,0.0,151361.0,0.0,30.271851,0.0,0.0614137024663456,0.0,1.859106318168419,0.0,210.0,405.0,1,210/405,210,405
particlefilter,sum,210,810,210/810,0,210,810,1,84940.0,0.0,5000.012,0.0,176113.0,0.0,35.222517,0.0,0.058865222510007,0.0,2.0733812102660703,0.0,210.0,810.0,1,210/810,210,810
particlefilter,sum,210,5001,210/5001,0,210,5001,1,84953.0,0.0,5000.058,0.0,331122.0,0.0,66.22363,0.0,0.0588567560886607,0.0,3.897708144503431,0.0,210.0,5001.0,1,210/5001,210,5001
particlefilter,sum,210,9251,210/9251,0,210,9251,1,86069.0,0.0,5000.036,0.0,436224.0,0.0,87.24417,0.0,0.0580933437126026,0.0,5.068305661736514,0.0,210.0,9251.0,1,210/9251,210,9251
particlefilter,sum,210,9501,210/9501,0,210,9501,1,86988.0,0.0,5000.03,0.0,437733.0,0.0,87.54607,0.0,0.0574795374074584,0.0,5.032107876948545,0.0,210.0,9501.0,1,210/9501,210,9501
particlefilter,sum,630,810,630/405;630/810,0,630,810,2,174614.5,0.0,5000.0225,0.0,182990.5,0.0,36.597936,0.0,0.0286887920205168,0.0,1.0496519453804898,0.0,630.0,810.0,2,630/405;630/810,630,405;810
particlefilter,sum,630,5001,630/5001,0,630,5001,1,188980.0,0.0,5000.025,0.0,343671.0,0.0,68.733858,0.0,0.0264579585141284,0.0,1.8185575193142127,0.0,630.0,5001.0,1,630/5001,630,5001
particlefilter,sum,630,9251,630/9251,0,630,9251,1,194943.0,0.0,5000.024,0.0,451717.0,0.0,90.342968,0.0,0.025648646014476,0.0,2.3171747639053466,0.0,630.0,9251.0,1,630/9251,630,9251
particlefilter,sum,630,9501,630/9501,0,630,9501,1,191383.0,0.0,5000.014,0.0,455582.0,0.0,91.116151,0.0,0.0261256955946975,0.0,2.3804726647612378,0.0,630.0,9501.0,1,630/9501,630,9501
particlefilter,sum,1050,810,1050/405;1050/810,0,1050,810,2,258859.5,0.0,5000.014999999999,0.0,195360.5,0.0,39.0719835,0.0,0.01931654574965925,0.0,0.7547145100816183,0.0,1050.0,810.0,2,1050/405;1050/810,1050,405;810
particlefilter,sum,1050,5001,1050/5001,0,1050,5001,1,271155.0,0.0,5000.026,0.0,355061.0,0.0,71.011832,0.0,0.0184397337316295,0.0,1.309439250613118,0.0,1050.0,5001.0,1,1050/5001,1050,5001
particlefilter,sum,1050,9251,1050/9251,0,1050,9251,1,275623.0,0.0,5000.013,0.0,467434.0,0.0,93.486563,0.0,0.0181407683683872,0.0,1.6959179749150106,0.0,1050.0,9251.0,1,1050/9251,1050,9251
particlefilter,sum,1050,9501,1050/9501,0,1050,9501,1,283613.0,0.0,5000.013,0.0,471462.0,0.0,94.292161,0.0,0.0176297031518301,0.0,1.6623426993826094,0.0,1050.0,9501.0,1,1050/9501,1050,9501
particlefilter,sum,1470,810,1470/405;1470/810,0,1470,810,2,334118.0,0.0,5000.015,0.0,211871.5,0.0,42.374176,0.0,0.0149688078563542,0.0,0.6342179507808969,0.0,1470.0,810.0,2,1470/405;1470/810,1470,405;810
particlefilter,sum,1470,5001,1470/5001,0,1470,5001,1,345152.0,0.0,5000.02,0.0,374594.0,0.0,74.9185,0.0,0.0144864291674392,0.0,1.085301548303356,0.0,1470.0,5001.0,1,1470/5001,1470,5001
particlefilter,sum,1470,9251,1470/9251,0,1470,9251,1,340892.0,0.0,5000.016,0.0,491968.0,0.0,98.393283,0.0,0.0146674489281062,0.0,1.4431784846813651,0.0,1470.0,9251.0,1,1470/9251,1470,9251
particlefilter,sum,1470,9501,1470/9501,0,1470,9501,1,338703.0,0.0,5000.017,0.0,493747.0,0.0,98.749062,0.0,0.0147622459795159,0.0,1.457757976752494,0.0,1470.0,9501.0,1,1470/9501,1470,9501
particlefilter,sum,1890,810,1890/405;1890/810,0,1890,810,2,407748.0,0.0,5000.0105,0.0,335392.5,0.0,67.078359,0.0,0.0122625015960409,0.0,0.8225484434741195,0.0,1890.0,810.0,2,1890/405;1890/810,1890,405;810
particlefilter,sum,1890,5001,1890/5001,0,1890,5001,1,416837.0,0.0,5000.006,0.0,482839.0,0.0,96.567687,0.0,0.0119951107987054,0.0,1.1583400705791471,0.0,1890.0,5001.0,1,1890/5001,1890,5001
particlefilter,sum,1890,9251,1890/9251,0,1890,9251,1,415746.0,0.0,5000.007,0.0,622858.0,0.0,124.57143,0.0,0.012026590754932,0.0,1.4981695554497216,0.0,1890.0,9251.0,1,1890/9251,1890,9251
particlefilter,sum,1890,9501,1890/9501,0,1890,9501,1,401183.0,0.0,5000.01,0.0,625549.0,0.0,125.109556,0.0,0.0124631651889536,0.0,1.5592609856349846,0.0,1890.0,9501.0,1,1890/9501,1890,9501
particlefilter,sum,1950,9501,2100/9501,0,1950,9501,1,425412.0,0.0,5000.011,0.0,695692.0,0.0,139.138101,0.0,0.0117533379406316,0.0,1.635337037977302,0.0,1950.0,9501.0,1,2100/9501,2100,9501
particlefilter,sum,1965,810,2100/405;2100/810,0,1965,810,2,410806.5,0.0,5000.0115000000005,0.0,391860.5,0.0,78.371924,0.0,0.01217401484898695,0.0,0.9540283705662864,0.0,1965.0,810.0,2,2100/405;2100/810,2100,405;810
particlefilter,sum,1965,5001,2100/5001,0,1965,5001,1,411655.0,0.0,5000.016,0.0,570856.0,0.0,114.170843,0.0,0.0121461320766175,0.0,1.3867340369969998,0.0,1965.0,5001.0,1,2100/5001,2100,5001
particlefilter,sum,1965,9251,2100/9251,0,1965,9251,1,422913.0,0.0,5000.007,0.0,691635.0,0.0,138.326811,0.0,0.0118227791531591,0.0,1.635407282348852,0.0,1965.0,9251.0,1,2100/9251,2100,9251
pathfinder,dynproc,210,405,210/405,0,210,405,1,15196.0,0.0,5000.174,0.0,225380.0,0.0,45.074433,0.0,0.32904540668597,0.0,14.831534614372202,0.0,210.0,405.0,1,210/405,210,405
pathfinder,dynproc,210,810,210/810,0,210,810,1,31695.0,0.0,5000.055,0.0,269567.0,0.0,53.91281,0.0,0.1577553241836251,0.0,8.505032339485723,0.0,210.0,810.0,1,210/810,210,810
pathfinder,dynproc,210,5001,210/5001,0,210,5001,1,58170.0,0.0,5000.052,0.0,447706.0,0.0,89.540264,0.0,0.0859558535327488,0.0,7.696510228640193,0.0,210.0,5001.0,1,210/5001,210,5001
pathfinder,dynproc,210,9251,210/9251,0,210,9251,1,59250.0,0.0,5000.013,0.0,584584.0,0.0,116.916503,0.0,0.0843884050632911,0.0,9.866396624472571,0.0,210.0,9251.0,1,210/9251,210,9251
pathfinder,dynproc,210,9501,210/9501,0,210,9501,1,58734.0,0.0,5000.094,0.0,584698.0,0.0,116.937407,0.0,0.0851311676371437,0.0,9.955017536690844,0.0,210.0,9501.0,1,210/9501,210,9501
pathfinder,dynproc,630,810,630/405;630/810,0,630,810,2,32579.0,0.0,5000.052,0.0,279028.5,0.0,55.805115,0.0,0.15348752634966384,0.0,8.564214692837833,0.0,630.0,810.0,2,630/405;630/810,630,405;810
pathfinder,dynproc,630,5001,630/5001,0,630,5001,1,128965.0,0.0,5000.016,0.0,567679.0,0.0,113.535434,0.0,0.038770333036095,0.0,4.401806691738068,0.0,630.0,5001.0,1,630/5001,630,5001
pathfinder,dynproc,630,9251,630/9251,0,630,9251,1,134430.0,0.0,5000.005,0.0,720849.0,0.0,144.169659,0.0,0.0371941158967492,0.0,5.362262887748271,0.0,630.0,9251.0,1,630/9251,630,9251
pathfinder,dynproc,630,9501,630/9501,0,630,9501,1,134386.0,0.0,5000.005,0.0,726391.0,0.0,145.278044,0.0,0.0372062938103671,0.0,5.405257988183293,0.0,630.0,9501.0,1,630/9501,630,9501
pathfinder,dynproc,1050,810,1050/405;1050/810,0,1050,810,2,33014.5,0.0,5000.085999999999,0.0,299796.0,0.0,59.9581675,0.0,0.15145128840847905,0.0,9.080727126949666,0.0,1050.0,810.0,2,1050/405;1050/810,1050,405;810
pathfinder,dynproc,1050,5001,1050/5001,0,1050,5001,1,163538.0,0.0,5000.034,0.0,638080.0,0.0,127.615128,0.0,0.0305741417896757,0.0,3.901723146913867,0.0,1050.0,5001.0,1,1050/5001,1050,5001
pathfinder,dynproc,1050,9251,1050/9251,0,1050,9251,1,194395.0,0.0,5000.008,0.0,824465.0,0.0,164.892742,0.0,0.0257208673062578,0.0,4.241184186836081,0.0,1050.0,9251.0,1,1050/9251,1050,9251
pathfinder,dynproc,1050,9501,1050/9501,0,1050,9501,1,194120.0,0.0,5000.016,0.0,844577.0,0.0,168.914856,0.0,0.0257573459715639,0.0,4.350798475169998,0.0,1050.0,9501.0,1,1050/9501,1050,9501
pathfinder,dynproc,1470,810,1470/405;1470/810,0,1470,810,2,33273.5,0.0,5000.1314999999995,0.0,330773.5,0.0,66.1529615,0.0,0.15027396622096795,0.0,9.941168687277312,0.0,1470.0,810.0,2,1470/405;1470/810,1470,405;810
pathfinder,dynproc,1470,5001,1470/5001,0,1470,5001,1,176670.0,0.0,5000.007,0.0,696542.0,0.0,139.30821,0.0,0.0283013924265579,0.0,3.9426161770532633,0.0,1470.0,5001.0,1,1470/5001,1470,5001
pathfinder,dynproc,1470,9251,1470/9251,0,1470,9251,1,226835.0,0.0,5000.009,0.0,901990.0,0.0,180.397683,0.0,0.02204249344237,0.0,3.97641457447043,0.0,1470.0,9251.0,1,1470/9251,1470,9251
pathfinder,dynproc,1470,9501,1470/9501,0,1470,9501,1,227220.0,0.0,5000.021,0.0,906156.0,0.0,181.230439,0.0,0.0220051976058445,0.0,3.988011618695537,0.0,1470.0,9501.0,1,1470/9501,1470,9501
pathfinder,dynproc,1890,810,1890/405;1890/810,0,1890,810,2,33407.0,0.0,5000.062,0.0,497797.0,0.0,99.5581595,0.0,0.1496711402733859,0.0,14.900824701100106,0.0,1890.0,810.0,2,1890/405;1890/810,1890,405;810
pathfinder,dynproc,1890,5001,1890/5001,0,1890,5001,1,180781.0,0.0,5000.027,0.0,1009487.0,0.0,201.896316,0.0,0.027657923122452,0.0,5.58403261404683,0.0,1890.0,5001.0,1,1890/5001,1890,5001
pathfinder,dynproc,1890,9251,1890/9251,0,1890,9251,1,260763.0,0.0,5000.012,0.0,1377675.0,0.0,275.534354,0.0,0.0191745454684905,0.0,5.283245705870848,0.0,1890.0,9251.0,1,1890/9251,1890,9251
pathfinder,dynproc,1890,9501,1890/9501,0,1890,9501,1,253140.0,0.0,5000.015,0.0,1361390.0,0.0,272.277202,0.0,0.0197519751915935,0.0,5.378012167180216,0.0,1890.0,9501.0,1,1890/9501,1890,9501
pathfinder,dynproc,1935,810,2100/810,0,1935,810,1,33544.0,0.0,5000.097,0.0,571225.0,0.0,114.242791,0.0,0.1490608454567135,0.0,17.029125924159313,0.0,1935.0,810.0,1,2100/810,2100,810
pathfinder,dynproc,1935,5001,2100/5001,0,1935,5001,1,181486.0,0.0,5000.008,0.0,1152885.0,0.0,230.57664,0.0,0.0275503785415954,0.0,6.352473469027914,0.0,1935.0,5001.0,1,2100/5001,2100,5001
pathfinder,dynproc,1935,9501,2100/9501,0,1935,9501,1,254788.0,0.0,5000.009,0.0,1537432.0,0.0,307.485829,0.0,0.0196241934471011,0.0,6.034161734461591,0.0,1935.0,9501.0,1,2100/9501,2100,9501
pathfinder,dynproc,1950,810,2100/405,0,1950,810,1,33420.0,0.0,5000.149,0.0,595183.0,0.0,119.033055,0.0,0.1496154697785757,0.0,17.809186116098143,0.0,1950.0,810.0,1,2100/405,2100,405
pathfinder,dynproc,1965,9251,2100/9251,0,1965,9251,1,256338.0,0.0,5000.018,0.0,1506630.0,0.0,301.324911,0.0,0.0195055668687436,0.0,5.877513283243218,0.0,1965.0,9251.0,1,2100/9251,2100,9251
pre_euler3d,compute_flux,210,405,210/405,0,210,405,1,7822.0,0.0,5000.382,0.0,223453.0,0.0,44.687183,0.0,0.6392715418051649,0.0,28.56724622858604,0.0,210.0,405.0,1,210/405,210,405
pre_euler3d,compute_flux,210,810,210/810,0,210,810,1,13328.0,0.0,5000.182,0.0,281344.0,0.0,56.266756,0.0,0.3751637154861945,0.0,21.10924369747899,0.0,210.0,810.0,1,210/810,210,810
pre_euler3d,compute_flux,210,5001,210/5001,0,210,5001,1,17396.0,0.0,5000.253,0.0,441343.0,0.0,88.264126,0.0,0.2874369395263279,0.0,25.370372499425155,0.0,210.0,5001.0,1,210/5001,210,5001
pre_euler3d,compute_flux,210,9251,210/9251,0,210,9251,1,17548.0,0.0,5000.13,0.0,581830.0,0.0,116.362966,0.0,0.2849401641212674,0.0,33.15648506952359,0.0,210.0,9251.0,1,210/9251,210,9251
pre_euler3d,compute_flux,210,9501,210/9501,0,210,9501,1,17499.0,0.0,5000.056,0.0,584212.0,0.0,116.841099,0.0,0.2857338133607634,0.0,33.385450597176984,0.0,210.0,9501.0,1,210/9501,210,9501
pre_euler3d,compute_flux,630,810,630/405;630/810,0,630,810,2,17701.5,0.0,5000.15,0.0,318960.5,0.0,63.7901955,0.0,0.2824994705306788,0.0,18.016606927173378,0.0,630.0,810.0,2,630/405;630/810,630,405;810
pre_euler3d,compute_flux,630,5001,630/5001,0,630,5001,1,40858.0,0.0,5000.078,0.0,595414.0,0.0,119.080939,0.0,0.1223769641196338,0.0,14.572764207743894,0.0,630.0,5001.0,1,630/5001,630,5001
pre_euler3d,compute_flux,630,9251,630/9251,0,630,9251,1,42996.0,0.0,5000.102,0.0,753596.0,0.0,150.716124,0.0,0.1162922597450925,0.0,17.527118801749,0.0,630.0,9251.0,1,630/9251,630,9251
pre_euler3d,compute_flux,630,9501,630/9501,0,630,9501,1,42827.0,0.0,5000.09,0.0,758448.0,0.0,151.686874,0.0,0.1167508814532888,0.0,17.70957573493357,0.0,630.0,9501.0,1,630/9501,630,9501
pre_euler3d,compute_flux,1050,810,1050/405;1050/810,0,1050,810,2,18581.5,0.0,5000.1525,0.0,347697.5,0.0,69.5373755,0.0,0.26909313727298945,0.0,18.712061559333016,0.0,1050.0,810.0,2,1050/405;1050/810,1050,405;810
pre_euler3d,compute_flux,1050,5001,1050/5001,0,1050,5001,1,60712.0,0.0,5000.064,0.0,712535.0,0.0,142.505177,0.0,0.0823570957965476,0.0,11.736312425879564,0.0,1050.0,5001.0,1,1050/5001,1050,5001
pre_euler3d,compute_flux,1050,9251,1050/9251,0,1050,9251,1,67374.0,0.0,5000.08,0.0,906659.0,0.0,181.328914,0.0,0.0742137916703773,0.0,13.457105114732686,0.0,1050.0,9251.0,1,1050/9251,1050,9251
pre_euler3d,compute_flux,1050,9501,1050/9501,0,1050,9501,1,66893.0,0.0,5000.055,0.0,907598.0,0.0,181.517615,0.0,0.0747470587355926,0.0,13.567906955884771,0.0,1050.0,9501.0,1,1050/9501,1050,9501
pre_euler3d,compute_flux,1470,810,1470/405;1470/810,0,1470,810,2,18877.0,0.0,5000.0825,0.0,391902.5,0.0,78.37920249999999,0.0,0.2648772962828202,0.0,20.76105123308288,0.0,1470.0,810.0,2,1470/405;1470/810,1470,405;810
pre_euler3d,compute_flux,1470,5001,1470/5001,0,1470,5001,1,73143.0,0.0,5000.016,0.0,842371.0,0.0,168.473674,0.0,0.0683594602354292,0.0,11.51676852193648,0.0,1470.0,5001.0,1,1470/5001,1470,5001
pre_euler3d,compute_flux,1470,9251,1470/9251,0,1470,9251,1,85009.0,0.0,5000.007,0.0,1073140.0,0.0,214.627707,0.0,0.0588173840416897,0.0,12.623839828724018,0.0,1470.0,9251.0,1,1470/9251,1470,9251
pre_euler3d,compute_flux,1470,9501,1470/9501,0,1470,9501,1,83792.0,0.0,5000.06,0.0,1044011.0,0.0,208.799692,0.0,0.0596722837502386,0.0,12.459554611418753,0.0,1470.0,9501.0,1,1470/9501,1470,9501
pre_euler3d,compute_flux,1890,810,1890/405;1890/810,0,1890,810,2,19032.5,0.0,5000.15,0.0,638387.0,0.0,127.6735425,0.0,0.26271640813120156,0.0,33.541970184447734,0.0,1890.0,810.0,2,1890/405;1890/810,1890,405;810
pre_euler3d,compute_flux,1890,5001,1890/5001,0,1890,5001,1,86629.0,0.0,5000.061,0.0,1457787.0,0.0,291.553869,0.0,0.0577180967112629,0.0,16.827932909302888,0.0,1890.0,5001.0,1,1890/5001,1890,5001
pre_euler3d,compute_flux,1890,9251,1890/9251,0,1890,9251,1,98075.0,0.0,5000.04,0.0,1705103.0,0.0,341.017902,0.0,0.0509817996431302,0.0,17.385704817741523,0.0,1890.0,9251.0,1,1890/9251,1890,9251
pre_euler3d,compute_flux,1890,9501,1890/9501,0,1890,9501,1,96596.0,0.0,5000.034,0.0,1693592.0,0.0,338.716085,0.0,0.0517623297030932,0.0,17.532734274711167,0.0,1890.0,9501.0,1,1890/9501,1890,9501
pre_euler3d,compute_flux,1920,810,2100/405,0,1920,810,1,19057.0,0.0,5000.014,0.0,769127.0,0.0,153.824979,0.0,0.2623715170278637,0.0,40.35929054940442,0.0,1920.0,810.0,1,2100/405,2100,405
pre_euler3d,compute_flux,1935,9251,2100/9251,0,1935,9251,1,97600.0,0.0,5000.022,0.0,1690612.0,0.0,338.120914,0.0,0.0512297336065573,0.0,17.32184426229508,0.0,1935.0,9251.0,1,2100/9251,2100,9251
pre_euler3d,compute_flux,1935,9501,2100/9501,0,1935,9501,1,97404.0,0.0,5000.017,0.0,1688247.0,0.0,337.648246,0.0,0.0513327686747977,0.0,17.33241961315757,0.0,1935.0,9501.0,1,2100/9501,2100,9501
pre_euler3d,compute_flux,1950,810,2100/810,0,1950,810,1,19092.0,0.0,5000.083,0.0,744853.0,0.0,148.968112,0.0,0.2618941441441441,0.0,39.013880159229,0.0,1950.0,810.0,1,2100/810,2100,810
pre_euler3d,compute_flux,1965,5001,2100/5001,0,1965,5001,1,86808.0,0.0,5000.032,0.0,1688633.0,0.0,337.724423,0.0,0.057598746659294,0.0,19.45250437747673,0.0,1965.0,5001.0,1,2100/5001,2100,5001
pre_euler3d,compute_flux_contributions,210,405,210/405,0,210,405,1,39556.0,0.0,5000.066,0.0,188079.0,0.0,37.615304,0.0,0.1264047426433411,0.0,4.754752755587016,0.0,210.0,405.0,1,210/405,210,405
pre_euler3d,compute_flux_contributions,210,810,210/810,0,210,810,1,83069.0,0.0,5000.053,0.0,227190.0,0.0,45.437521,0.0,0.0601915636398656,0.0,2.7349552781422672,0.0,210.0,810.0,1,210/810,210,810
pre_euler3d,compute_flux_contributions,210,5001,210/5001,0,210,5001,1,145196.0,0.0,5000.007,0.0,438154.0,0.0,87.63068,0.0,0.0344362585746163,0.0,3.017672663158765,0.0,210.0,5001.0,1,210/5001,210,5001
pre_euler3d,compute_flux_contributions,210,9251,210/9251,0,210,9251,1,146142.0,0.0,5000.019,0.0,587677.0,0.0,117.534964,0.0,0.034213429404278,0.0,4.021273829563028,0.0,210.0,9251.0,1,210/9251,210,9251
pre_euler3d,compute_flux_contributions,210,9501,210/9501,0,210,9501,1,146546.0,0.0,5000.011,0.0,586583.0,0.0,117.316348,0.0,0.0341190547677862,0.0,4.002722694580541,0.0,210.0,9501.0,1,210/9501,210,9501
pre_euler3d,compute_flux_contributions,630,810,630/405;630/810,0,630,810,2,86207.5,0.0,5000.03,0.0,241930.5,0.0,48.385804,0.0,0.05802647397553315,0.0,2.80618084247612,0.0,630.0,810.0,2,630/405;630/810,630,405;810
pre_euler3d,compute_flux_contributions,630,5001,630/5001,0,630,5001,1,252924.0,0.0,5000.022,0.0,510410.0,0.0,102.081551,0.0,0.0197688712814916,0.0,2.018037038794262,0.0,630.0,5001.0,1,630/5001,630,5001
pre_euler3d,compute_flux_contributions,630,9251,630/9251,0,630,9251,1,284151.0,0.0,5000.01,0.0,669853.0,0.0,133.970338,0.0,0.017596313227826,0.0,2.3573839261519405,0.0,630.0,9251.0,1,630/9251,630,9251
pre_euler3d,compute_flux_contributions,630,9501,630/9501,0,630,9501,1,290923.0,0.0,5000.011,0.0,681954.0,0.0,136.390507,0.0,0.0171867160726377,0.0,2.34410479748937,0.0,630.0,9501.0,1,630/9501,630,9501
pre_euler3d,compute_flux_contributions,1050,810,1050/405;1050/810,0,1050,810,2,87538.5,0.0,5000.022,0.0,265928.5,0.0,53.1854635,0.0,0.0571184111951758,0.0,3.0378429316232385,0.0,1050.0,810.0,2,1050/405;1050/810,1050,405;810
pre_euler3d,compute_flux_contributions,1050,5001,1050/5001,0,1050,5001,1,316458.0,0.0,5000.016,0.0,545843.0,0.0,109.168248,0.0,0.0157999355364692,0.0,1.724851323082368,0.0,1050.0,5001.0,1,1050/5001,1050,5001
pre_euler3d,compute_flux_contributions,1050,9251,1050/9251,0,1050,9251,1,367811.0,0.0,5000.015,0.0,737888.0,0.0,147.577153,0.0,0.0135939789728964,0.0,2.0061607727881983,0.0,1050.0,9251.0,1,1050/9251,1050,9251
pre_euler3d,compute_flux_contributions,1050,9501,1050/9501,0,1050,9501,1,361503.0,0.0,5000.012,0.0,723273.0,0.0,144.654261,0.0,0.013831177058005,0.0,2.000738583082298,0.0,1050.0,9501.0,1,1050/9501,1050,9501
pre_euler3d,compute_flux_contributions,1470,810,1470/405;1470/810,0,1470,810,2,90510.0,0.0,5000.0305,0.0,306084.0,0.0,61.216423500000005,0.0,0.05524357283944975,0.0,3.3818410962203,0.0,1470.0,810.0,2,1470/405;1470/810,1470,405;810
pre_euler3d,compute_flux_contributions,1470,5001,1470/5001,0,1470,5001,1,346926.0,0.0,5000.012,0.0,583047.0,0.0,116.609127,0.0,0.0144123300069755,0.0,1.680609121253524,0.0,1470.0,5001.0,1,1470/5001,1470,5001
pre_euler3d,compute_flux_contributions,1470,9251,1470/9251,0,1470,9251,1,406584.0,0.0,5000.008,0.0,759401.0,0.0,151.879963,0.0,0.012297601479645,0.0,1.8677591838340908,0.0,1470.0,9251.0,1,1470/9251,1470,9251
pre_euler3d,compute_flux_contributions,1470,9501,1470/9501,0,1470,9501,1,420116.0,0.0,5000.011,0.0,776584.0,0.0,155.316466,0.0,0.0119015010140056,0.0,1.8484989859943444,0.0,1470.0,9501.0,1,1470/9501,1470,9501
pre_euler3d,compute_flux_contributions,1890,810,1890/405;1890/810,0,1890,810,2,91725.0,0.0,5000.0315,0.0,480524.0,0.0,96.104196,0.0,0.0545111359805137,0.0,5.238782828238652,0.0,1890.0,810.0,2,1890/405;1890/810,1890,405;810
pre_euler3d,compute_flux_contributions,1890,5001,1890/5001,0,1890,5001,1,373603.0,0.0,5000.016,0.0,872682.0,0.0,174.535838,0.0,0.0133832330040176,0.0,2.335853834150154,0.0,1890.0,5001.0,1,1890/5001,1890,5001
pre_euler3d,compute_flux_contributions,1890,9251,1890/9251,0,1890,9251,1,470523.0,0.0,5000.008,0.0,1061967.0,0.0,212.393068,0.0,0.0106264900971897,0.0,2.256992750620055,0.0,1890.0,9251.0,1,1890/9251,1890,9251
pre_euler3d,compute_flux_contributions,1890,9501,1890/9501,0,1890,9501,1,444867.0,0.0,5000.01,0.0,1065981.0,0.0,213.195784,0.0,0.0112393367006318,0.0,2.396179082737088,0.0,1890.0,9501.0,1,1890/9501,1890,9501
pre_euler3d,compute_flux_contributions,1950,810,2100/405;2100/810,0,1950,810,2,92341.5,0.0,5000.0255,0.0,570236.5,0.0,114.0467335,0.0,0.054147755098148606,0.0,6.17577152026711,0.0,1950.0,810.0,2,2100/405;2100/810,2100,405;810
pre_euler3d,compute_flux_contributions,1950,5001,2100/5001,0,1950,5001,1,375866.0,0.0,5000.016,0.0,979811.0,0.0,195.961568,0.0,0.0133026557336923,0.0,2.606809341627069,0.0,1950.0,5001.0,1,2100/5001,2100,5001
pre_euler3d,compute_flux_contributions,1950,9501,2100/9501,0,1950,9501,1,450018.0,0.0,5000.012,0.0,1182901.0,0.0,236.579646,0.0,0.0111106933500437,0.0,2.6285637463390352,0.0,1950.0,9501.0,1,2100/9501,2100,9501
pre_euler3d,compute_flux_contributions,1965,9251,2100/9251,0,1965,9251,1,457031.0,0.0,5000.01,0.0,1181370.0,0.0,236.273539,0.0,0.010940198804895,0.0,2.584879362669053,0.0,1965.0,9251.0,1,2100/9251,2100,9251
pre_euler3d,compute_step_factor,210,405,210/405,0,210,405,1,192343.0,0.0,5000.01,0.0,197958.0,0.0,39.591523,0.0,0.0259952792667266,0.0,1.0291926402312537,0.0,210.0,405.0,1,210/405,210,405
pre_euler3d,compute_step_factor,210,810,210/810,0,210,810,1,210059.0,0.0,5000.026,0.0,208098.0,0.0,41.619385,0.0,0.0238029601207279,0.0,0.990664527585107,0.0,210.0,810.0,1,210/810,210,810
pre_euler3d,compute_step_factor,210,5001,210/5001,0,210,5001,1,213361.0,0.0,5000.026,0.0,370948.0,0.0,74.189216,0.0,0.0234345827025557,0.0,1.7385932761844949,0.0,210.0,5001.0,1,210/5001,210,5001
pre_euler3d,compute_step_factor,210,9251,210/9251,0,210,9251,1,215067.0,0.0,5000.017,0.0,493196.0,0.0,98.638863,0.0,0.0232486480957097,0.0,2.2932202522934717,0.0,210.0,9251.0,1,210/9251,210,9251
pre_euler3d,compute_step_factor,210,9501,210/9501,0,210,9501,1,214496.0,0.0,5000.015,0.0,493705.0,0.0,98.740711,0.0,0.0233105279352528,0.0,2.301697933761002,0.0,210.0,9501.0,1,210/9501,210,9501
pre_euler3d,compute_step_factor,630,810,630/405;630/810,0,630,810,2,356044.5,0.0,5000.012500000001,0.0,238320.5,0.0,47.6639835,0.0,0.01414551039648445,0.0,0.6719801812545869,0.0,630.0,810.0,2,630/405;630/810,630,405;810
pre_euler3d,compute_step_factor,630,5001,630/5001,0,630,5001,1,382901.0,0.0,5000.012,0.0,418803.0,0.0,83.760404,0.0,0.0130582369855393,0.0,1.0937631398194312,0.0,630.0,5001.0,1,630/5001,630,5001
pre_euler3d,compute_step_factor,630,9251,630/9251,0,630,9251,1,417417.0,0.0,5000.016,0.0,532544.0,0.0,106.508457,0.0,0.0119784675755898,0.0,1.275808124728988,0.0,630.0,9251.0,1,630/9251,630,9251
pre_euler3d,compute_step_factor,630,9501,630/9501,0,630,9501,1,405317.0,0.0,5000.004,0.0,533106.0,0.0,106.621106,0.0,0.0123360332776567,0.0,1.3152816190784005,0.0,630.0,9501.0,1,630/9501,630,9501
pre_euler3d,compute_step_factor,1050,810,1050/405;1050/810,0,1050,810,2,449964.0,0.0,5000.01,0.0,280246.5,0.0,56.0491905,0.0,0.011112046284482799,0.0,0.6228256667828882,0.0,1050.0,810.0,2,1050/405;1050/810,1050,405;810
pre_euler3d,compute_step_factor,1050,5001,1050/5001,0,1050,5001,1,469502.0,0.0,5000.015,0.0,438477.0,0.0,87.695143,0.0,0.0106496138461604,0.0,0.9339193443265418,0.0,1050.0,5001.0,1,1050/5001,1050,5001
pre_euler3d,compute_step_factor,1050,9251,1050/9251,0,1050,9251,1,515883.0,0.0,5000.012,0.0,584100.0,0.0,116.819726,0.0,0.0096921433735944,0.0,1.132233471542966,0.0,1050.0,9251.0,1,1050/9251,1050,9251
pre_euler3d,compute_step_factor,1050,9501,1050/9501,0,1050,9501,1,516256.0,0.0,5000.01,0.0,576124.0,0.0,115.224575,0.0,0.0096851368313394,0.0,1.1159657224322816,0.0,1050.0,9501.0,1,1050/9501,1050,9501
pre_euler3d,compute_step_factor,1470,810,1470/405;1470/810,0,1470,810,2,568831.5,0.0,5000.012000000001,0.0,337580.5,0.0,67.515942,0.0,0.008789998327606002,0.0,0.5934662734510904,0.0,1470.0,810.0,2,1470/405;1470/810,1470,405;810
pre_euler3d,compute_step_factor,1470,5001,1470/5001,0,1470,5001,1,581053.0,0.0,5000.009,0.0,485063.0,0.0,97.01242,0.0,0.0086050824967774,0.0,0.8347999235870049,0.0,1470.0,5001.0,1,1470/5001,1470,5001
pre_euler3d,compute_step_factor,1470,9251,1470/9251,0,1470,9251,1,590051.0,0.0,5000.011,0.0,619837.0,0.0,123.967122,0.0,0.0084738624288408,0.0,1.05048038220425,0.0,1470.0,9251.0,1,1470/9251,1470,9251
pre_euler3d,compute_step_factor,1470,9501,1470/9501,0,1470,9501,1,568255.0,0.0,5000.004,0.0,617922.0,0.0,123.584291,0.0,0.0087988737450616,0.0,1.0874026625370652,0.0,1470.0,9501.0,1,1470/9501,1470,9501
pre_euler3d,compute_step_factor,1890,810,1890/405;1890/810,0,1890,810,2,612811.0,0.0,5000.005,0.0,565485.0,0.0,113.09688399999999,0.0,0.008159134760476,0.0,0.9227729907173063,0.0,1890.0,810.0,2,1890/405;1890/810,1890,405;810
pre_euler3d,compute_step_factor,1890,5001,1890/5001,0,1890,5001,1,676095.0,0.0,5000.012,0.0,790626.0,0.0,158.124829,0.0,0.0073954281572855,0.0,1.1694007498946155,0.0,1890.0,5001.0,1,1890/5001,1890,5001
pre_euler3d,compute_step_factor,1890,9251,1890/9251,0,1890,9251,1,633875.0,0.0,5000.006,0.0,884865.0,0.0,176.972793,0.0,0.007888,0.0,1.3959613488463811,0.0,1890.0,9251.0,1,1890/9251,1890,9251
pre_euler3d,compute_step_factor,1890,9501,1890/9501,0,1890,9501,1,636058.0,0.0,5000.005,0.0,877209.0,0.0,175.441629,0.0,0.0078609262048429,0.0,1.3791336639111529,0.0,1890.0,9501.0,1,1890/9501,1890,9501
pre_euler3d,compute_step_factor,1935,810,2100/810,0,1935,810,1,653786.0,0.0,5000.003,0.0,700000.0,0.0,139.999904,0.0,0.0076477670063292,0.0,1.0706867384740573,0.0,1935.0,810.0,1,2100/810,2100,810
pre_euler3d,compute_step_factor,1935,5001,2100/5001,0,1935,5001,1,685717.0,0.0,5000.007,0.0,910583.0,0.0,182.116351,0.0,0.0072916480122266,0.0,1.3279282852838707,0.0,1935.0,5001.0,1,2100/5001,2100,5001
pre_euler3d,compute_step_factor,1935,9251,2100/9251,0,1935,9251,1,682652.0,0.0,5000.008,0.0,1039418.0,0.0,207.883275,0.0,0.0073243878286447,0.0,1.5226176734265775,0.0,1935.0,9251.0,1,2100/9251,2100,9251
pre_euler3d,compute_step_factor,1965,810,2100/405,0,1965,810,1,666740.0,0.0,5000.005,0.0,725204.0,0.0,145.040644,0.0,0.0074991825899151,0.0,1.087686354501005,0.0,1965.0,810.0,1,2100/405,2100,405
pre_euler3d,compute_step_factor,1965,9501,2100/9501,0,1965,9501,1,635724.0,0.0,5000.004,0.0,1017571.0,0.0,203.514021,0.0,0.0078650546463559,0.0,1.6006490237901982,0.0,1965.0,9501.0,1,2100/9501,2100,9501
pre_euler3d,time_step,210,405,210/405,0,210,405,1,81366.0,0.0,5000.01,0.0,195345.0,0.0,39.068924,0.0,0.0614508517071012,0.0,2.400818523707691,0.0,210.0,405.0,1,210/405,210,405
pre_euler3d,time_step,210,810,210/810,0,210,810,1,158034.0,0.0,5000.007,0.0,230574.0,0.0,46.114737,0.0,0.0316388055734841,0.0,1.4590151486389005,0.0,210.0,810.0,1,210/810,210,810
pre_euler3d,time_step,210,5001,210/5001,0,210,5001,1,209761.0,0.0,5000.02,0.0,419976.0,0.0,83.994864,0.0,0.023836747536482,0.0,2.0021643680188403,0.0,210.0,5001.0,1,210/5001,210,5001
pre_euler3d,time_step,210,9251,210/9251,0,210,9251,1,215891.0,0.0,5000.025,0.0,537146.0,0.0,107.428665,0.0,0.0231599510864278,0.0,2.488042577041192,0.0,210.0,9251.0,1,210/9251,210,9251
pre_euler3d,time_step,210,9501,210/9501,0,210,9501,1,217012.0,0.0,5000.019,0.0,541253.0,0.0,108.250198,0.0,0.0230402880946675,0.0,2.4941155327815974,0.0,210.0,9501.0,1,210/9501,210,9501
pre_euler3d,time_step,630,810,630/405;630/810,0,630,810,2,164988.5,0.0,5000.0275,0.0,244345.0,0.0,48.86873,0.0,0.0304507764924192,0.0,1.484248588406606,0.0,630.0,810.0,2,630/405;630/810,630,405;810
pre_euler3d,time_step,630,5001,630/5001,0,630,5001,1,378573.0,0.0,5000.014,0.0,460782.0,0.0,92.156148,0.0,0.0132075293272367,0.0,1.2171549476587078,0.0,630.0,5001.0,1,630/5001,630,5001
pre_euler3d,time_step,630,9251,630/9251,0,630,9251,1,405721.0,0.0,5000.011,0.0,616972.0,0.0,123.394135,0.0,0.0123237668249856,0.0,1.5206804676119796,0.0,630.0,9251.0,1,630/9251,630,9251
pre_euler3d,time_step,630,9501,630/9501,0,630,9501,1,389495.0,0.0,5000.005,0.0,615380.0,0.0,123.07588,0.0,0.0128371481020295,0.0,1.5799432598621292,0.0,630.0,9501.0,1,630/9501,630,9501
pre_euler3d,time_step,1050,810,1050/405;1050/810,0,1050,810,2,171138.0,0.0,5000.022,0.0,272068.0,0.0,54.413360999999995,0.0,0.02921913910827505,0.0,1.5899692741354867,0.0,1050.0,810.0,2,1050/405;1050/810,1050,405;810
pre_euler3d,time_step,1050,5001,1050/5001,0,1050,5001,1,421261.0,0.0,5000.012,0.0,490389.0,0.0,98.07757,0.0,0.011869154752042,0.0,1.164097792105132,0.0,1050.0,5001.0,1,1050/5001,1050,5001
pre_euler3d,time_step,1050,9251,1050/9251,0,1050,9251,1,489997.0,0.0,5000.013,0.0,661719.0,0.0,132.343464,0.0,0.0102041706377794,0.0,1.3504552068686135,0.0,1050.0,9251.0,1,1050/9251,1050,9251
pre_euler3d,time_step,1050,9501,1050/9501,0,1050,9501,1,512283.0,0.0,5000.012,0.0,671119.0,0.0,134.223485,0.0,0.0097602536098211,0.0,1.3100551843414676,0.0,1050.0,9501.0,1,1050/9501,1050,9501
pre_euler3d,time_step,1470,810,1470/405;1470/810,0,1470,810,2,179293.5,0.0,5000.015,0.0,311357.0,0.0,62.271215,0.0,0.027887327615314997,0.0,1.7365719946909963,0.0,1470.0,810.0,2,1470/405;1470/810,1470,405;810
pre_euler3d,time_step,1470,5001,1470/5001,0,1470,5001,1,495675.0,0.0,5000.008,0.0,563642.0,0.0,112.728224,0.0,0.0100872708932264,0.0,1.137120088767842,0.0,1470.0,5001.0,1,1470/5001,1470,5001
pre_euler3d,time_step,1470,9251,1470/9251,0,1470,9251,1,557241.0,0.0,5000.011,0.0,714833.0,0.0,142.966293,0.0,0.0089727981250482,0.0,1.28280761824776,0.0,1470.0,9251.0,1,1470/9251,1470,9251
pre_euler3d,time_step,1470,9501,1470/9501,0,1470,9501,1,534121.0,0.0,5000.01,0.0,711927.0,0.0,142.385108,0.0,0.009361193437442,0.0,1.3328946062783529,0.0,1470.0,9501.0,1,1470/9501,1470,9501
pre_euler3d,time_step,1890,810,1890/405;1890/810,0,1890,810,2,180207.5,0.0,5000.0025000000005,0.0,490135.5,0.0,98.02704750000001,0.0,0.02774708387251875,0.0,2.7199750246422454,0.0,1890.0,810.0,2,1890/405;1890/810,1890,405;810
pre_euler3d,time_step,1890,5001,1890/5001,0,1890,5001,1,534819.0,0.0,5000.007,0.0,886254.0,0.0,177.250558,0.0,0.0093489703993313,0.0,1.657110162503576,0.0,1890.0,5001.0,1,1890/5001,1890,5001
pre_euler3d,time_step,1890,9251,1890/9251,0,1890,9251,1,617684.0,0.0,5000.007,0.0,1031063.0,0.0,206.212318,0.0,0.0080947652845144,0.0,1.6692402587730943,0.0,1890.0,9251.0,1,1890/9251,1890,9251
pre_euler3d,time_step,1890,9501,1890/9501,0,1890,9501,1,611998.0,0.0,5000.01,0.0,1033908.0,0.0,206.781176,0.0,0.0081699776796656,0.0,1.689397677770189,0.0,1890.0,9501.0,1,1890/9501,1890,9501
pre_euler3d,time_step,1935,810,2100/810,0,1935,810,1,180077.0,0.0,5000.007,0.0,574374.0,0.0,114.874643,0.0,0.0277659390149769,0.0,3.1896022257145558,0.0,1935.0,810.0,1,2100/810,2100,810
pre_euler3d,time_step,1935,9251,2100/9251,0,1935,9251,1,617025.0,0.0,5000.006,0.0,1176049.0,0.0,235.209524,0.0,0.0081034091001175,0.0,1.905998946558081,0.0,1935.0,9251.0,1,2100/9251,2100,9251
pre_euler3d,time_step,1950,810,2100/405,0,1950,810,1,184598.0,0.0,5000.017,0.0,580801.0,0.0,116.159803,0.0,0.0270859760127411,0.0,3.1463016934094625,0.0,1950.0,810.0,1,2100/405,2100,405
pre_euler3d,time_step,1950,5001,2100/5001,0,1950,5001,1,514841.0,0.0,5000.003,0.0,952184.0,0.0,190.43667,0.0,0.0097117420718241,0.0,1.8494719729003712,0.0,1950.0,5001.0,1,2100/5001,2100,5001
pre_euler3d,time_step,1950,9501,2100/9501,0,1950,9501,1,583192.0,0.0,5000.008,0.0,1166325.0,0.0,233.264636,0.0,0.0085735195270168,0.0,1.999898832631449,0.0,1950.0,9501.0,1,2100/9501,2100,9501
srad_v1,compress,210,405,210/405,0,210,405,1,3960.0,0.0,5000.008,0.0,198266.0,0.0,39.653134,0.0,1.2626282828282829,0.0,50.06717171717172,0.0,210.0,405.0,1,210/405,210,405
srad_v1,compress,210,810,210/810,0,210,810,1,8927.0,0.0,5000.493,0.0,237713.0,0.0,47.537916,0.0,0.5601538030693403,0.0,26.628542623501737,0.0,210.0,810.0,1,210/810,210,810
srad_v1,compress,210,5001,210/5001,0,210,5001,1,41417.0,0.0,5000.123,0.0,530350.0,0.0,106.0674,0.0,0.1207263442547746,0.0,12.80512832894705,0.0,210.0,5001.0,1,210/5001,210,5001
srad_v1,compress,210,9251,210/9251,0,210,9251,1,41441.0,0.0,5000.123,0.0,683629.0,0.0,136.722435,0.0,0.120656427209768,0.0,16.496440722955526,0.0,210.0,9251.0,1,210/9251,210,9251
srad_v1,compress,210,9501,210/9501,0,210,9501,1,40872.0,0.0,5000.011,0.0,681606.0,0.0,136.320907,0.0,0.1223334067332159,0.0,16.67660011743981,0.0,210.0,9501.0,1,210/9501,210,9501
srad_v1,compress,630,810,630/405;630/810,0,630,810,2,8971.5,0.0,5000.477000000001,0.0,246479.5,0.0,49.2912015,0.0,0.5573750395495694,0.0,27.473382602453484,0.0,630.0,810.0,2,630/405;630/810,630,405;810
srad_v1,compress,630,5001,630/5001,0,630,5001,1,59500.0,0.0,5000.023,0.0,614535.0,0.0,122.906436,0.0,0.084034,0.0,10.328319327731093,0.0,630.0,5001.0,1,630/5001,630,5001
srad_v1,compress,630,9251,630/9251,0,630,9251,1,88080.0,0.0,5000.016,0.0,873357.0,0.0,174.670837,0.0,0.056766757493188,0.0,9.91549727520436,0.0,630.0,9251.0,1,630/9251,630,9251
srad_v1,compress,630,9501,630/9501,0,630,9501,1,88344.0,0.0,5000.011,0.0,875956.0,0.0,175.190824,0.0,0.0565970637507923,0.0,9.915285701349273,0.0,630.0,9501.0,1,630/9501,630,9501
srad_v1,compress,1050,810,1050/405;1050/810,0,1050,810,2,9002.5,0.0,5000.128000000001,0.0,268062.5,0.0,53.611126999999996,0.0,0.5554157037507175,0.0,29.776630299699267,0.0,1050.0,810.0,2,1050/405;1050/810,1050,405;810
srad_v1,compress,1050,5001,1050/5001,0,1050,5001,1,60793.0,0.0,5000.041,0.0,641101.0,0.0,128.219161,0.0,0.0822469856726925,0.0,10.545638478114256,0.0,1050.0,5001.0,1,1050/5001,1050,5001
srad_v1,compress,1050,9251,1050/9251,0,1050,9251,1,101160.0,0.0,5000.039,0.0,934949.0,0.0,186.988357,0.0,0.049427036378015,0.0,9.24227955713721,0.0,1050.0,9251.0,1,1050/9251,1050,9251
srad_v1,compress,1050,9501,1050/9501,0,1050,9501,1,102041.0,0.0,5000.049,0.0,945301.0,0.0,189.058354,0.0,0.0490003919992944,0.0,9.263933124920376,0.0,1050.0,9501.0,1,1050/9501,1050,9501
srad_v1,compress,1470,810,1470/405;1470/810,0,1470,810,2,9030.5,0.0,5000.3395,0.0,300924.0,0.0,60.1807295,0.0,0.5537168710089935,0.0,33.32322638877454,0.0,1470.0,810.0,2,1470/405;1470/810,1470,405;810
srad_v1,compress,1470,5001,1470/5001,0,1470,5001,1,60521.0,0.0,5000.031,0.0,678995.0,0.0,135.798165,0.0,0.0826164637068125,0.0,11.219163596107135,0.0,1470.0,5001.0,1,1470/5001,1470,5001
srad_v1,compress,1470,9251,1470/9251,0,1470,9251,1,105904.0,0.0,5000.036,0.0,990011.0,0.0,198.000769,0.0,0.0472129098051065,0.0,9.3481927028252,0.0,1470.0,9251.0,1,1470/9251,1470,9251
srad_v1,compress,1470,9501,1470/9501,0,1470,9501,1,104980.0,0.0,5000.017,0.0,997419.0,0.0,199.483138,0.0,0.0476282815774433,0.0,9.501038293008191,0.0,1470.0,9501.0,1,1470/9501,1470,9501
srad_v1,compress,1890,810,1890/405;1890/810,0,1890,810,2,9043.5,0.0,5000.162,0.0,455698.5,0.0,91.13674,0.0,0.5529013288423317,0.0,50.389577469779496,0.0,1890.0,810.0,2,1890/405;1890/810,1890,405;810
srad_v1,compress,1890,5001,1890/5001,0,1890,5001,1,60334.0,0.0,5000.036,0.0,949417.0,0.0,189.882028,0.0,0.0828726091424404,0.0,15.736019491497332,0.0,1890.0,5001.0,1,1890/5001,1890,5001
srad_v1,compress,1890,9251,1890/9251,0,1890,9251,1,106569.0,0.0,5000.048,0.0,1390720.0,0.0,278.141311,0.0,0.046918409668853,0.0,13.049948859424411,0.0,1890.0,9251.0,1,1890/9251,1890,9251
srad_v1,compress,1890,9501,1890/9501,0,1890,9501,1,108032.0,0.0,5000.015,0.0,1453963.0,0.0,290.79172,0.0,0.0462827217861374,0.0,13.458632627369669,0.0,1890.0,9501.0,1,1890/9501,1890,9501
srad_v1,compress,1935,810,2100/405,0,1935,810,1,9041.0,0.0,5000.346,0.0,537497.0,0.0,107.491968,0.0,0.5530744386682889,0.0,59.45105629908196,0.0,1935.0,810.0,1,2100/405,2100,405
srad_v1,compress,1935,9501,2100/9501,0,1935,9501,1,106751.0,0.0,5000.045,0.0,1588213.0,0.0,317.639715,0.0,0.0468383902726906,0.0,14.87773416642467,0.0,1935.0,9501.0,1,2100/9501,2100,9501
srad_v1,compress,1950,5001,2100/5001,0,1950,5001,1,60848.0,0.0,5000.004,0.0,1080278.0,0.0,216.055431,0.0,0.0821720352353405,0.0,17.753714173021297,0.0,1950.0,5001.0,1,2100/5001,2100,5001
srad_v1,compress,1950,9251,2100/9251,0,1950,9251,1,108163.0,0.0,5000.009,0.0,1583946.0,0.0,316.788612,0.0,0.0462266116879154,0.0,14.644064976008432,0.0,1950.0,9251.0,1,2100/9251,2100,9251
srad_v1,compress,1965,810,2100/810,0,1965,810,1,9042.0,0.0,5000.392,0.0,526812.0,0.0,105.354149,0.0,0.5530183587701836,0.0,58.262773722627735,0.0,1965.0,810.0,1,2100/810,2100,810
srad_v1,extract,210,405,210/405,0,210,405,1,3958.0,0.0,5000.278,0.0,203976.0,0.0,40.792933,0.0,1.26333451237999,0.0,51.53511874684184,0.0,210.0,405.0,1,210/405,210,405
srad_v1,extract,210,810,210/810,0,210,810,1,8938.0,0.0,5000.346,0.0,241440.0,0.0,48.284662,0.0,0.5594479749384649,0.0,27.01275453121504,0.0,210.0,810.0,1,210/810,210,810
srad_v1,extract,210,5001,210/5001,0,210,5001,1,42912.0,0.0,5000.103,0.0,532345.0,0.0,106.466817,0.0,0.1165199244966442,0.0,12.405504287844892,0.0,210.0,5001.0,1,210/5001,210,5001
srad_v1,extract,210,9251,210/9251,0,210,9251,1,45269.0,0.0,5000.027,0.0,690569.0,0.0,138.113045,0.0,0.1104514568468488,0.0,15.254788044798868,0.0,210.0,9251.0,1,210/9251,210,9251
srad_v1,extract,210,9501,210/9501,0,210,9501,1,45001.0,0.0,5000.01,0.0,692205.0,0.0,138.440716,0.0,0.1111088642474611,0.0,15.381991511299749,0.0,210.0,9501.0,1,210/9501,210,9501
srad_v1,extract,630,810,630/405;630/810,0,630,810,2,8972.5,0.0,5000.348,0.0,246442.5,0.0,49.2850435,0.0,0.5572978112491638,0.0,27.466060504625972,0.0,630.0,810.0,2,630/405;630/810,630,405;810
srad_v1,extract,630,5001,630/5001,0,630,5001,1,59558.0,0.0,5000.067,0.0,620068.0,0.0,124.011929,0.0,0.0839529030524866,0.0,10.411162228415998,0.0,630.0,5001.0,1,630/5001,630,5001
srad_v1,extract,630,9251,630/9251,0,630,9251,1,90100.0,0.0,5000.01,0.0,871943.0,0.0,174.388242,0.0,0.0554940066592674,0.0,9.677502774694783,0.0,630.0,9251.0,1,630/9251,630,9251
srad_v1,extract,630,9501,630/9501,0,630,9501,1,89411.0,0.0,5000.031,0.0,869287.0,0.0,173.85633,0.0,0.0559218776213217,0.0,9.722371967654986,0.0,630.0,9501.0,1,630/9501,630,9501
srad_v1,extract,1050,810,1050/405;1050/810,0,1050,810,2,9002.5,0.0,5000.261,0.0,271624.0,0.0,54.3219885,0.0,0.5554304186442822,0.0,30.171896229336134,0.0,1050.0,810.0,2,1050/405;1050/810,1050,405;810
srad_v1,extract,1050,5001,1050/5001,0,1050,5001,1,60957.0,0.0,5000.083,0.0,630087.0,0.0,126.015296,0.0,0.0820263956559542,0.0,10.336581524681332,0.0,1050.0,5001.0,1,1050/5001,1050,5001
srad_v1,extract,1050,9251,1050/9251,0,1050,9251,1,101229.0,0.0,5000.021,0.0,921448.0,0.0,184.288844,0.0,0.0493931679657015,0.0,9.102608936174416,0.0,1050.0,9251.0,1,1050/9251,1050,9251
srad_v1,extract,1050,9501,1050/9501,0,1050,9501,1,102280.0,0.0,5000.041,0.0,932795.0,0.0,186.55747,0.0,0.0488858134532655,0.0,9.120013687915526,0.0,1050.0,9501.0,1,1050/9501,1050,9501
srad_v1,extract,1470,810,1470/405;1470/810,0,1470,810,2,9029.0,0.0,5000.3945,0.0,303503.0,0.0,60.695814999999996,0.0,0.5538150474095498,0.0,33.61404293247181,0.0,1470.0,810.0,2,1470/405;1470/810,1470,405;810
srad_v1,extract,1470,5001,1470/5001,0,1470,5001,1,60568.0,0.0,5000.066,0.0,671640.0,0.0,134.326229,0.0,0.0825529322414476,0.0,11.089023907013605,0.0,1470.0,5001.0,1,1470/5001,1470,5001
srad_v1,extract,1470,9251,1470/9251,0,1470,9251,1,105936.0,0.0,5000.049,0.0,976992.0,0.0,195.396473,0.0,0.0471987709560489,0.0,9.222473946533755,0.0,1470.0,9251.0,1,1470/9251,1470,9251
srad_v1,extract,1470,9501,1470/9501,0,1470,9501,1,105170.0,0.0,5000.036,0.0,978734.0,0.0,195.745385,0.0,0.0475424170390795,0.0,9.30620899496054,0.0,1470.0,9501.0,1,1470/9501,1470,9501
srad_v1,extract,1890,810,1890/405;1890/810,0,1890,810,2,9043.5,0.0,5000.325,0.0,454684.0,0.0,90.930886,0.0,0.5529193628009835,0.0,50.27761462413244,0.0,1890.0,810.0,2,1890/405;1890/810,1890,405;810
srad_v1,extract,1890,5001,1890/5001,0,1890,5001,1,60445.0,0.0,5000.004,0.0,930020.0,0.0,186.003855,0.0,0.0827198941186202,0.0,15.386218876664737,0.0,1890.0,5001.0,1,1890/5001,1890,5001
srad_v1,extract,1890,9251,1890/9251,0,1890,9251,1,106758.0,0.0,5000.002,0.0,1357691.0,0.0,271.538067,0.0,0.0468349163528728,0.0,12.71746379662414,0.0,1890.0,9251.0,1,1890/9251,1890,9251
srad_v1,extract,1890,9501,1890/9501,0,1890,9501,1,106867.0,0.0,5000.039,0.0,1399082.0,0.0,279.814241,0.0,0.0467874928649629,0.0,13.09180570241515,0.0,1890.0,9501.0,1,1890/9501,1890,9501
srad_v1,extract,1935,810,2100/405,0,1935,810,1,9042.0,0.0,5000.399,0.0,532044.0,0.0,106.400311,0.0,0.5530191329351913,0.0,58.84140676841407,0.0,1935.0,810.0,1,2100/405,2100,405
srad_v1,extract,1935,9501,2100/9501,0,1935,9501,1,106831.0,0.0,5000.038,0.0,1548125.0,0.0,309.622672,0.0,0.0468032499929795,0.0,14.491346144845595,0.0,1935.0,9501.0,1,2100/9501,2100,9501
srad_v1,extract,1950,5001,2100/5001,0,1950,5001,1,60847.0,0.0,5000.032,0.0,1056122.0,0.0,211.223059,0.0,0.082173845875721,0.0,17.35701020592634,0.0,1950.0,5001.0,1,2100/5001,2100,5001
srad_v1,extract,1950,9251,2100/9251,0,1950,9251,1,106701.0,0.0,5000.045,0.0,1522977.0,0.0,304.592634,0.0,0.0468603387034798,0.0,14.273315151685551,0.0,1950.0,9251.0,1,2100/9251,2100,9251
srad_v1,extract,1965,810,2100/810,0,1965,810,1,9049.0,0.0,5000.405,0.0,521913.0,0.0,104.37415,0.0,0.5525919991159244,0.0,57.67631782517405,0.0,1965.0,810.0,1,2100/810,2100,810
srad_v1,prepare,210,405,210/405,0,210,405,1,2556.0,0.0,5000.209,0.0,199459.0,0.0,39.890129,0.0,1.9562633020344289,0.0,78.03560250391236,0.0,210.0,405.0,1,210/405,210,405
srad_v1,prepare,210,810,210/810,0,210,810,1,5770.0,0.0,5000.607,0.0,242017.0,0.0,48.397525,0.0,0.8666563258232236,0.0,41.94402079722703,0.0,210.0,810.0,1,210/810,210,810
srad_v1,prepare,210,5001,210/5001,0,210,5001,1,32998.0,0.0,5000.154,0.0,591761.0,0.0,118.348548,0.0,0.1515290017576823,0.0,17.93323837808352,0.0,210.0,5001.0,1,210/5001,210,5001
srad_v1,prepare,210,9251,210/9251,0,210,9251,1,34162.0,0.0,5000.087,0.0,753654.0,0.0,150.728165,0.0,0.1463640009367133,0.0,22.061179087875416,0.0,210.0,9251.0,1,210/9251,210,9251
srad_v1,prepare,210,9501,210/9501,0,210,9501,1,34141.0,0.0,5000.097,0.0,756031.0,0.0,151.203276,0.0,0.1464543217831932,0.0,22.144371869599603,0.0,210.0,9501.0,1,210/9501,210,9501
srad_v1,prepare,630,810,630/405;630/810,0,630,810,2,5782.5,0.0,5000.638999999999,0.0,249581.0,0.0,49.909847,0.0,0.8647895437407797,0.0,43.160871729816165,0.0,630.0,810.0,2,630/405;630/810,630,405;810
srad_v1,prepare,630,5001,630/5001,0,630,5001,1,41108.0,0.0,5000.102,0.0,657383.0,0.0,131.473917,0.0,0.1216333073854237,0.0,15.991607472997956,0.0,630.0,5001.0,1,630/5001,630,5001
srad_v1,prepare,630,9251,630/9251,0,630,9251,1,71835.0,0.0,5000.033,0.0,1002643.0,0.0,200.527268,0.0,0.0696044128906522,0.0,13.95758335073432,0.0,630.0,9251.0,1,630/9251,630,9251
srad_v1,prepare,630,9501,630/9501,0,630,9501,1,71827.0,0.0,5000.017,0.0,1009297.0,0.0,201.85873,0.0,0.0696119425842649,0.0,14.05177718685174,0.0,630.0,9501.0,1,630/9501,630,9501
srad_v1,prepare,1050,810,1050/405;1050/810,0,1050,810,2,5790.5,0.0,5000.376,0.0,274701.5,0.0,54.9361495,0.0,0.8635482945842228,0.0,47.44011195325198,0.0,1050.0,810.0,2,1050/405;1050/810,1050,405;810
srad_v1,prepare,1050,5001,1050/5001,0,1050,5001,1,41473.0,0.0,5000.052,0.0,679747.0,0.0,135.947993,0.0,0.120561618402334,0.0,16.390109227690303,0.0,1050.0,5001.0,1,1050/5001,1050,5001
srad_v1,prepare,1050,9251,1050/9251,0,1050,9251,1,72546.0,0.0,5000.071,0.0,1028990.0,0.0,205.795066,0.0,0.0689227662448653,0.0,14.183966035343092,0.0,1050.0,9251.0,1,1050/9251,1050,9251
srad_v1,prepare,1050,9501,1050/9501,0,1050,9501,1,72576.0,0.0,5000.026,0.0,1035672.0,0.0,207.133328,0.0,0.0688936563051146,0.0,14.270171957671955,0.0,1050.0,9501.0,1,1050/9501,1050,9501
srad_v1,prepare,1470,810,1470/405;1470/810,0,1470,810,2,5806.0,0.0,5000.3825,0.0,310667.5,0.0,62.12874,0.0,0.8612439717533587,0.0,53.508008956252155,0.0,1470.0,810.0,2,1470/405;1470/810,1470,405;810
srad_v1,prepare,1470,5001,1470/5001,0,1470,5001,1,41778.0,0.0,5000.015,0.0,717288.0,0.0,143.45718,0.0,0.1196805735075877,0.0,17.169036334913113,0.0,1470.0,5001.0,1,1470/5001,1470,5001
srad_v1,prepare,1470,9251,1470/9251,0,1470,9251,1,73308.0,0.0,5000.012,0.0,1072706.0,0.0,214.540697,0.0,0.0682055437332896,0.0,14.632864080318656,0.0,1470.0,9251.0,1,1470/9251,1470,9251
srad_v1,prepare,1470,9501,1470/9501,0,1470,9501,1,72740.0,0.0,5000.004,0.0,1080485.0,0.0,216.096831,0.0,0.068738025845477,0.0,14.854069287874625,0.0,1470.0,9501.0,1,1470/9501,1470,9501
srad_v1,prepare,1890,810,1890/405;1890/810,0,1890,810,2,5813.5,0.0,5000.388,0.0,469510.0,0.0,93.89472900000001,0.0,0.8601339783268085,0.0,80.76221390170471,0.0,1890.0,810.0,2,1890/405;1890/810,1890,405;810
srad_v1,prepare,1890,5001,1890/5001,0,1890,5001,1,41993.0,0.0,5000.059,0.0,1019947.0,0.0,203.98699,0.0,0.1190688686209606,0.0,24.288500464363107,0.0,1890.0,5001.0,1,1890/5001,1890,5001
srad_v1,prepare,1890,9251,1890/9251,0,1890,9251,1,73938.0,0.0,5000.009,0.0,1498145.0,0.0,299.628473,0.0,0.0676243474262219,0.0,20.26217912304904,0.0,1890.0,9251.0,1,1890/9251,1890,9251
srad_v1,prepare,1890,9501,1890/9501,0,1890,9501,1,73956.0,0.0,5000.012,0.0,1532322.0,0.0,306.463682,0.0,0.0676079290388879,0.0,20.71937368164855,0.0,1890.0,9501.0,1,1890/9501,1890,9501
srad_v1,prepare,1935,810,2100/405;2100/810,0,1935,810,2,5814.5,0.0,5000.385,0.0,559060.5,0.0,111.80328499999999,0.0,0.8599855203901372,0.0,96.14797317850318,0.0,1935.0,810.0,2,2100/405;2100/810,2100,405;810
srad_v1,prepare,1935,9501,2100/9501,0,1935,9501,1,73856.0,0.0,5000.018,0.0,1683993.0,0.0,336.797383,0.0,0.0676995504766031,0.0,22.801031737435007,0.0,1935.0,9501.0,1,2100/9501,2100,9501
srad_v1,prepare,1950,5001,2100/5001,0,1950,5001,1,41998.0,0.0,5000.039,0.0,1149906.0,0.0,229.979426,0.0,0.1190542168674698,0.0,27.38001809609981,0.0,1950.0,5001.0,1,2100/5001,2100,5001
srad_v1,prepare,1965,9251,2100/9251,0,1965,9251,1,73336.0,0.0,5000.04,0.0,1655822.0,0.0,331.16178,0.0,0.0681798843678411,0.0,22.578569870186534,0.0,1965.0,9251.0,1,2100/9251,2100,9251
srad_v1,reduce,210,405,210/405,0,210,405,1,3965.0,0.0,5000.219,0.0,211865.0,0.0,42.371146,0.0,1.2610892812105927,0.0,53.43379571248424,0.0,210.0,405.0,1,210/405,210,405
srad_v1,reduce,210,810,210/810,0,210,810,1,5672.0,0.0,5000.7,0.0,248520.0,0.0,49.69704,0.0,0.8816466854724965,0.0,43.81523272214386,0.0,210.0,810.0,1,210/810,210,810
srad_v1,reduce,210,5001,210/5001,0,210,5001,1,5800.0,0.0,5000.451,0.0,407445.0,0.0,81.481648,0.0,0.862146724137931,0.0,70.24913793103448,0.0,210.0,5001.0,1,210/5001,210,5001
srad_v1,reduce,210,9251,210/9251,0,210,9251,1,5810.0,0.0,5000.059,0.0,525414.0,0.0,105.081569,0.0,0.8605953528399312,0.0,90.43270223752153,0.0,210.0,9251.0,1,210/9251,210,9251
srad_v1,reduce,210,9501,210/9501,0,210,9501,1,5808.0,0.0,5000.132,0.0,526782.0,0.0,105.353622,0.0,0.8609042699724517,0.0,90.69938016528926,0.0,210.0,9501.0,1,210/9501,210,9501
srad_v1,reduce,630,810,630/405;630/810,0,630,810,2,8730.0,0.0,5000.3189999999995,0.0,295349.0,0.0,59.066007,0.0,0.5727800381503645,0.0,33.830736493394305,0.0,630.0,810.0,2,630/405;630/810,630,405;810
srad_v1,reduce,630,5001,630/5001,0,630,5001,1,14762.0,0.0,5000.269,0.0,483537.0,0.0,96.702206,0.0,0.3387257146728086,0.0,32.75552093212302,0.0,630.0,5001.0,1,630/5001,630,5001
srad_v1,reduce,630,9251,630/9251,0,630,9251,1,14828.0,0.0,5000.119,0.0,622768.0,0.0,124.550644,0.0,0.3372079174534664,0.0,41.99946048017264,0.0,630.0,9251.0,1,630/9251,630,9251
srad_v1,reduce,630,9501,630/9501,0,630,9501,1,14823.0,0.0,5000.125,0.0,625709.0,0.0,125.138684,0.0,0.3373220670579505,0.0,42.21203535046887,0.0,630.0,9501.0,1,630/9501,630,9501
srad_v1,reduce,1050,810,1050/405;1050/810,0,1050,810,2,8808.0,0.0,5000.1134999999995,0.0,315457.5,0.0,63.0900755,0.0,0.5676787655375977,0.0,35.814810351132024,0.0,1050.0,810.0,2,1050/405;1050/810,1050,405;810
srad_v1,reduce,1050,5001,1050/5001,0,1050,5001,1,24192.0,0.0,5000.163,0.0,592003.0,0.0,118.39675,0.0,0.2066866319444444,0.0,24.471023478835978,0.0,1050.0,5001.0,1,1050/5001,1050,5001
srad_v1,reduce,1050,9251,1050/9251,0,1050,9251,1,24317.0,0.0,5000.066,0.0,728434.0,0.0,145.684865,0.0,0.2056201834107825,0.0,29.955751120615208,0.0,1050.0,9251.0,1,1050/9251,1050,9251
srad_v1,reduce,1050,9501,1050/9501,0,1050,9501,1,24331.0,0.0,5000.019,0.0,731852.0,0.0,146.369857,0.0,0.2054999383502527,0.0,30.078993876125107,0.0,1050.0,9501.0,1,1050/9501,1050,9501
srad_v1,reduce,1470,810,1470/405;1470/810,0,1470,810,2,8852.0,0.0,5000.2945,0.0,341338.5,0.0,68.263699,0.0,0.5648773761913971,0.0,38.56062673729285,0.0,1470.0,810.0,2,1470/405;1470/810,1470,405;810
srad_v1,reduce,1470,5001,1470/5001,0,1470,5001,1,33286.0,0.0,5000.034,0.0,719081.0,0.0,143.815231,0.0,0.1502143243405636,0.0,21.603106411103767,0.0,1470.0,5001.0,1,1470/5001,1470,5001
srad_v1,reduce,1470,9251,1470/9251,0,1470,9251,1,33657.0,0.0,5000.087,0.0,855135.0,0.0,171.02401,0.0,0.148560091511424,0.0,25.40734468312684,0.0,1470.0,9251.0,1,1470/9251,1470,9251
srad_v1,reduce,1470,9501,1470/9501,0,1470,9501,1,33673.0,0.0,5000.033,0.0,855953.0,0.0,171.189463,0.0,0.1484878983161583,0.0,25.41956463635554,0.0,1470.0,9501.0,1,1470/9501,1470,9501
srad_v1,reduce,1890,810,1890/405;1890/810,0,1890,810,2,8875.0,0.0,5000.1345,0.0,528748.0,0.0,105.7467675,0.0,0.5633954978527687,0.0,59.57732839923451,0.0,1890.0,810.0,2,1890/405;1890/810,1890,405;810
srad_v1,reduce,1890,5001,1890/5001,0,1890,5001,1,42420.0,0.0,5000.009,0.0,1188608.0,0.0,237.721182,0.0,0.1178691419141914,0.0,28.01999057048562,0.0,1890.0,5001.0,1,1890/5001,1890,5001
srad_v1,reduce,1890,9251,1890/9251,0,1890,9251,1,42804.0,0.0,5000.013,0.0,1356812.0,0.0,271.361711,0.0,0.1168118166526492,0.0,31.698252499766376,0.0,1890.0,9251.0,1,1890/9251,1890,9251
srad_v1,reduce,1890,9501,1890/9501,0,1890,9501,1,42790.0,0.0,5000.106,0.0,1374596.0,0.0,274.913347,0.0,0.1168522084599205,0.0,32.12423463426034,0.0,1890.0,9501.0,1,1890/9501,1890,9501
srad_v1,reduce,1935,810,2100/405,0,1935,810,1,8874.0,0.0,5000.215,0.0,633464.0,0.0,126.687356,0.0,0.56346799639396,0.0,71.38426864998873,0.0,1935.0,810.0,1,2100/405,2100,405
srad_v1,reduce,1935,9501,2100/9501,0,1935,9501,1,43474.0,0.0,5000.04,0.0,1548704.0,0.0,309.73835,0.0,0.115012191194737,0.0,35.623683120945856,0.0,1935.0,9501.0,1,2100/9501,2100,9501
srad_v1,reduce,1950,5001,2100/5001,0,1950,5001,1,43257.0,0.0,5000.054,0.0,1360947.0,0.0,272.18645,0.0,0.1155894768476778,0.0,31.46189056106526,0.0,1950.0,5001.0,1,2100/5001,2100,5001
srad_v1,reduce,1950,9251,2100/9251,0,1950,9251,1,43474.0,0.0,5000.02,0.0,1548338.0,0.0,309.66636,0.0,0.1150117311496526,0.0,35.615264295901,0.0,1950.0,9251.0,1,2100/9251,2100,9251
srad_v1,reduce,1965,810,2100/810,0,1965,810,1,8874.0,0.0,5000.498,0.0,618639.0,0.0,123.715489,0.0,0.5634998873112463,0.0,69.71365787694388,0.0,1965.0,810.0,1,2100/810,2100,810
srad_v1,srad,210,405,210/405,0,210,405,1,1303.0,0.0,5000.711,0.0,202406.0,0.0,40.475445,0.0,3.837844205679202,0.0,155.3384497313891,0.0,210.0,405.0,1,210/405,210,405
srad_v1,srad,210,810,210/810,0,210,810,1,2809.0,0.0,5000.186,0.0,254042.0,0.0,50.80651,0.0,1.7800590957636169,0.0,90.43859024563902,0.0,210.0,810.0,1,210/810,210,810
srad_v1,srad,210,5001,210/5001,0,210,5001,1,12229.0,0.0,5000.18,0.0,598480.0,0.0,119.691699,0.0,0.4088788944312699,0.0,48.93940632921744,0.0,210.0,5001.0,1,210/5001,210,5001
srad_v1,srad,210,9251,210/9251,0,210,9251,1,12042.0,0.0,5000.225,0.0,740844.0,0.0,148.162144,0.0,0.415232104301611,0.0,61.52167414050823,0.0,210.0,9251.0,1,210/9251,210,9251
srad_v1,srad,210,9501,210/9501,0,210,9501,1,12062.0,0.0,5000.102,0.0,742086.0,0.0,148.414171,0.0,0.4145334107113248,0.0,61.522633062510366,0.0,210.0,9501.0,1,210/9501,210,9501
srad_v1,srad,630,810,630/405;630/810,0,630,810,2,2811.0,0.0,5001.252,0.0,261940.5,0.0,52.374928999999995,0.0,1.7791895860859266,0.0,93.18116998496515,0.0,630.0,810.0,2,630/405;630/810,630,405;810
srad_v1,srad,630,5001,630/5001,0,630,5001,1,21114.0,0.0,5000.125,0.0,753652.0,0.0,150.726617,0.0,0.2368156199677938,0.0,35.69442076347447,0.0,630.0,5001.0,1,630/5001,630,5001
srad_v1,srad,630,9251,630/9251,0,630,9251,1,29979.0,0.0,5000.107,0.0,1061806.0,0.0,212.356658,0.0,0.1667869842222889,0.0,35.41832616164648,0.0,630.0,9251.0,1,630/9251,630,9251
srad_v1,srad,630,9501,630/9501,0,630,9501,1,29910.0,0.0,5000.04,0.0,1074836.0,0.0,214.9655,0.0,0.1671695085255767,0.0,35.93567368772985,0.0,630.0,9501.0,1,630/9501,630,9501
srad_v1,srad,1050,810,1050/405;1050/810,0,1050,810,2,2821.0,0.0,5001.7355,0.0,288828.0,0.0,57.74556,0.0,1.7730363346331086,0.0,102.38496986884084,0.0,1050.0,810.0,2,1050/405;1050/810,1050,405;810
srad_v1,srad,1050,5001,1050/5001,0,1050,5001,1,21175.0,0.0,5000.181,0.0,790068.0,0.0,158.007891,0.0,0.2361360566706021,0.0,37.31135773317592,0.0,1050.0,5001.0,1,1050/5001,1050,5001
srad_v1,srad,1050,9251,1050/9251,0,1050,9251,1,37735.0,0.0,5000.035,0.0,1225035.0,0.0,245.005277,0.0,0.1325039088379488,0.0,32.46415794355373,0.0,1050.0,9251.0,1,1050/9251,1050,9251
srad_v1,srad,1050,9501,1050/9501,0,1050,9501,1,37909.0,0.0,5000.065,0.0,1229751.0,0.0,245.947006,0.0,0.1318965153393653,0.0,32.439552612836,0.0,1050.0,9501.0,1,1050/9501,1050,9501
srad_v1,srad,1470,810,1470/405;1470/810,0,1470,810,2,2826.5,0.0,5000.757,0.0,328477.5,0.0,65.6855875,0.0,1.7692401154723023,0.0,116.21317639955028,0.0,1470.0,810.0,2,1470/405;1470/810,1470,405;810
srad_v1,srad,1470,5001,1470/5001,0,1470,5001,1,21328.0,0.0,5000.024,0.0,832009.0,0.0,166.400987,0.0,0.2344347336834208,0.0,39.01017441860465,0.0,1470.0,5001.0,1,1470/5001,1470,5001
srad_v1,srad,1470,9251,1470/9251,0,1470,9251,1,37908.0,0.0,5000.075,0.0,1286486.0,0.0,257.293331,0.0,0.1319002585206289,0.0,33.93705814076184,0.0,1470.0,9251.0,1,1470/9251,1470,9251
srad_v1,srad,1470,9501,1470/9501,0,1470,9501,1,37912.0,0.0,5000.029,0.0,1288569.0,0.0,257.71229,0.0,0.131885128719139,0.0,33.98842055285925,0.0,1470.0,9501.0,1,1470/9501,1470,9501
srad_v1,srad,1890,810,1890/405;1890/810,0,1890,810,2,2832.0,0.0,5001.531999999999,0.0,510252.0,0.0,102.01900549999999,0.0,1.7660776836158192,0.0,180.1737288135593,0.0,1890.0,810.0,2,1890/405;1890/810,1890,405;810
srad_v1,srad,1890,5001,1890/5001,0,1890,5001,1,21455.0,0.0,5000.036,0.0,1218326.0,0.0,243.663463,0.0,0.233047587974831,0.0,56.78517828012119,0.0,1890.0,5001.0,1,1890/5001,1890,5001
srad_v1,srad,1890,9251,1890/9251,0,1890,9251,1,38128.0,0.0,5000.135,0.0,1742064.0,0.0,348.403409,0.0,0.1311407626940831,0.0,45.6898866974402,0.0,1890.0,9251.0,1,1890/9251,1890,9251
srad_v1,srad,1890,9501,1890/9501,0,1890,9501,1,38262.0,0.0,5000.038,0.0,1739064.0,0.0,347.810185,0.0,0.1306789503946474,0.0,45.45146620668026,0.0,1890.0,9501.0,1,1890/9501,1890,9501
srad_v1,srad,1935,810,2100/405,0,1935,810,1,2832.0,0.0,5001.632,0.0,603047.0,0.0,120.570038,0.0,1.7661129943502822,0.0,212.94032485875707,0.0,1935.0,810.0,1,2100/405,2100,405
srad_v1,srad,1935,9251,2100/9251,0,1935,9251,1,38243.0,0.0,5000.129,0.0,1742209.0,0.0,348.432783,0.0,0.1307462542164579,0.0,45.55628481029208,0.0,1935.0,9251.0,1,2100/9251,2100,9251
srad_v1,srad,1935,9501,2100/9501,0,1935,9501,1,38222.0,0.0,5000.029,0.0,1734444.0,0.0,346.886767,0.0,0.1308154727643765,0.0,45.378159175344045,0.0,1935.0,9501.0,1,2100/9501,2100,9501
srad_v1,srad,1965,810,2100/810,0,1965,810,1,2832.0,0.0,5001.217,0.0,579377.0,0.0,115.847207,0.0,1.7659664548022598,0.0,204.58227401129943,0.0,1965.0,810.0,1,2100/810,2100,810
srad_v1,srad,1965,5001,2100/5001,0,1965,5001,1,21403.0,0.0,5000.124,0.0,1379524.0,0.0,275.897983,0.0,0.233617904032145,0.0,64.45470261178339,0.0,1965.0,5001.0,1,2100/5001,2100,5001
srad_v1,srad2,210,405,210/405,0,210,405,1,1106.0,0.0,5001.878,0.0,205379.0,0.0,41.060378,0.0,4.522493670886076,0.0,185.69529837251355,0.0,210.0,405.0,1,210/405,210,405
srad_v1,srad2,210,810,210/810,0,210,810,1,2539.0,0.0,5001.64,0.0,264004.0,0.0,52.783486,0.0,1.969925167388736,0.0,103.97951949586452,0.0,210.0,810.0,1,210/810,210,810
srad_v1,srad2,210,5001,210/5001,0,210,5001,1,14986.0,0.0,5000.034,0.0,643660.0,0.0,128.731133,0.0,0.3336470038702789,0.0,42.9507540371013,0.0,210.0,5001.0,1,210/5001,210,5001
srad_v1,srad2,210,9251,210/9251,0,210,9251,1,14831.0,0.0,5000.145,0.0,793223.0,0.0,158.640014,0.0,0.3371414604544535,0.0,53.484121097700765,0.0,210.0,9251.0,1,210/9251,210,9251
srad_v1,srad2,210,9501,210/9501,0,210,9501,1,14909.0,0.0,5000.296,0.0,795625.0,0.0,159.115568,0.0,0.3353877523643437,0.0,53.36541686229794,0.0,210.0,9501.0,1,210/9501,210,9501
srad_v1,srad2,630,810,630/405;630/810,0,630,810,2,2530.0,0.0,5001.017,0.0,268873.0,0.0,53.763669,0.0,1.976706325548725,0.0,106.26831026447172,0.0,630.0,810.0,2,630/405;630/810,630,405;810
srad_v1,srad2,630,5001,630/5001,0,630,5001,1,18915.0,0.0,5000.094,0.0,710950.0,0.0,142.18732,0.0,0.2643454401268834,0.0,37.58657150409728,0.0,630.0,5001.0,1,630/5001,630,5001
srad_v1,srad2,630,9251,630/9251,0,630,9251,1,33765.0,0.0,5000.046,0.0,1123873.0,0.0,224.772537,0.0,0.1480836961350511,0.0,33.28514734192211,0.0,630.0,9251.0,1,630/9251,630,9251
srad_v1,srad2,630,9501,630/9501,0,630,9501,1,33899.0,0.0,5000.134,0.0,1139164.0,0.0,227.826682,0.0,0.1475009292309507,0.0,33.60464910469335,0.0,630.0,9501.0,1,630/9501,630,9501
srad_v1,srad2,1050,810,1050/405;1050/810,0,1050,810,2,2539.0,0.0,5000.5955,0.0,293736.0,0.0,58.740227000000004,0.0,1.9695140620055474,0.0,115.69007480004716,0.0,1050.0,810.0,2,1050/405;1050/810,1050,405;810
srad_v1,srad2,1050,5001,1050/5001,0,1050,5001,1,18948.0,0.0,5000.156,0.0,731073.0,0.0,146.210031,0.0,0.2638883259446907,0.0,38.58312222925903,0.0,1050.0,5001.0,1,1050/5001,1050,5001
srad_v1,srad2,1050,9251,1050/9251,0,1050,9251,1,34314.0,0.0,5000.08,0.0,1150314.0,0.0,230.059115,0.0,0.1457154514192458,0.0,33.52316838608148,0.0,1050.0,9251.0,1,1050/9251,1050,9251
srad_v1,srad2,1050,9501,1050/9501,0,1050,9501,1,34175.0,0.0,5000.057,0.0,1150529.0,0.0,230.103171,0.0,0.146307446964155,0.0,33.66580833942941,0.0,1050.0,9501.0,1,1050/9501,1050,9501
srad_v1,srad2,1470,810,1470/405;1470/810,0,1470,810,2,2545.5,0.0,5001.816000000001,0.0,328217.5,0.0,65.61968200000001,0.0,1.964964124625554,0.0,128.94067754496052,0.0,1470.0,810.0,2,1470/405;1470/810,1470,405;810
srad_v1,srad2,1470,5001,1470/5001,0,1470,5001,1,19073.0,0.0,5000.111,0.0,777216.0,0.0,155.439739,0.0,0.2621565039584753,0.0,40.74954123630263,0.0,1470.0,5001.0,1,1470/5001,1470,5001
srad_v1,srad2,1470,9251,1470/9251,0,1470,9251,1,34278.0,0.0,5000.069,0.0,1189801.0,0.0,237.9569,0.0,0.1458681661707217,0.0,34.71033899294008,0.0,1470.0,9251.0,1,1470/9251,1470,9251
srad_v1,srad2,1470,9501,1470/9501,0,1470,9501,1,34274.0,0.0,5000.11,0.0,1220535.0,0.0,244.101613,0.0,0.1458863861819455,0.0,35.61110462741436,0.0,1470.0,9501.0,1,1470/9501,1470,9501
srad_v1,srad2,1890,810,1890/405;1890/810,0,1890,810,2,2550.0,0.0,5001.144,0.0,503896.5,0.0,100.7562295,0.0,1.9612329411764708,0.0,197.60647058823525,0.0,1890.0,810.0,2,1890/405;1890/810,1890,405;810
srad_v1,srad2,1890,5001,1890/5001,0,1890,5001,1,19090.0,0.0,5000.163,0.0,1093462.0,0.0,218.685267,0.0,0.2619257726558407,0.0,57.27930853850183,0.0,1890.0,5001.0,1,1890/5001,1890,5001
srad_v1,srad2,1890,9251,1890/9251,0,1890,9251,1,34539.0,0.0,5000.094,0.0,1693585.0,0.0,338.710616,0.0,0.1447666116563884,0.0,49.03399056139437,0.0,1890.0,9251.0,1,1890/9251,1890,9251
srad_v1,srad2,1890,9501,1890/9501,0,1890,9501,1,34522.0,0.0,5000.012,0.0,1731700.0,0.0,346.339188,0.0,0.1448355251723538,0.0,50.16221539887608,0.0,1890.0,9501.0,1,1890/9501,1890,9501
srad_v1,srad2,1920,810,2100/405,0,1920,810,1,2549.0,0.0,5000.648,0.0,584340.0,0.0,116.852857,0.0,1.96180776775206,0.0,229.242840329541,0.0,1920.0,810.0,1,2100/405,2100,405
srad_v1,srad2,1935,9501,2100/9501,0,1935,9501,1,34443.0,0.0,5000.073,0.0,1725036.0,0.0,345.002146,0.0,0.1451694974305374,0.0,50.08379061057399,0.0,1935.0,9501.0,1,2100/9501,2100,9501
srad_v1,srad2,1950,5001,2100/5001,0,1950,5001,1,19103.0,0.0,5000.146,0.0,1244393.0,0.0,248.871357,0.0,0.2617466366539286,0.0,65.14123436109512,0.0,1950.0,5001.0,1,2100/5001,2100,5001
srad_v1,srad2,1950,9251,2100/9251,0,1950,9251,1,34435.0,0.0,5000.102,0.0,1722957.0,0.0,344.584367,0.0,0.1452040656308988,0.0,50.03505154639176,0.0,1950.0,9251.0,1,2100/9251,2100,9251
srad_v1,srad2,1965,810,2100/810,0,1965,810,1,2549.0,0.0,5000.798,0.0,564201.0,0.0,112.822197,0.0,1.961866614358572,0.0,221.34209493919184,0.0,1965.0,810.0,1,2100/810,2100,810
streamcluster,compute_cost,210,405,210/405,0,210,405,1,542.0,0.0,5006.859,0.0,213198.0,0.0,42.581184,0.0,9.237747232472325,0.0,393.3542435424354,0.0,210.0,405.0,1,210/405,210,405
streamcluster,compute_cost,210,810,210/810,0,210,810,1,1221.0,0.0,5002.869,0.0,263620.0,0.0,52.693768,0.0,4.097353808353808,0.0,215.9049959049959,0.0,210.0,810.0,1,210/810,210,810
streamcluster,compute_cost,210,5001,210/5001,0,210,5001,1,7554.0,0.0,5000.081,0.0,632092.0,0.0,126.416363,0.0,0.6619117024093196,0.0,83.67646280116494,0.0,210.0,5001.0,1,210/5001,210,5001
streamcluster,compute_cost,210,9251,210/9251,0,210,9251,1,7755.0,0.0,5000.314,0.0,800154.0,0.0,160.020752,0.0,0.6447858156028369,0.0,103.17911025145068,0.0,210.0,9251.0,1,210/9251,210,9251
streamcluster,compute_cost,210,9501,210/9501,0,210,9501,1,7741.0,0.0,5000.419,0.0,803793.0,0.0,160.745116,0.0,0.6459655083322567,0.0,103.83580932696034,0.0,210.0,9501.0,1,210/9501,210,9501
streamcluster,compute_cost,630,810,630/405;630/810,0,630,810,2,1215.5,0.0,5002.077,0.0,276386.0,0.0,55.254085,0.0,4.115355767030955,0.0,227.3717684740334,0.0,630.0,810.0,2,630/405;630/810,630,405;810
streamcluster,compute_cost,630,5001,630/5001,0,630,5001,1,8379.0,0.0,5000.038,0.0,676294.0,0.0,135.257783,0.0,0.596734455185583,0.0,80.71297290846164,0.0,630.0,5001.0,1,630/5001,630,5001
streamcluster,compute_cost,630,9251,630/9251,0,630,9251,1,12798.0,0.0,5000.292,0.0,982215.0,0.0,196.431548,0.0,0.3907088607594937,0.0,76.74753867791843,0.0,630.0,9251.0,1,630/9251,630,9251
streamcluster,compute_cost,630,9501,630/9501,0,630,9501,1,12823.0,0.0,5000.355,0.0,989829.0,0.0,197.951746,0.0,0.3899520393043749,0.0,77.19168681275832,0.0,630.0,9501.0,1,630/9501,630,9501
streamcluster,compute_cost,1050,810,1050/405;1050/810,0,1050,810,2,1221.5,0.0,5000.7384999999995,0.0,301379.0,0.0,60.266871,0.0,4.0939333238163025,0.0,246.72904611202483,0.0,1050.0,810.0,2,1050/405;1050/810,1050,405;810
streamcluster,compute_cost,1050,5001,1050/5001,0,1050,5001,1,8357.0,0.0,5000.137,0.0,690078.0,0.0,138.011826,0.0,0.5983172190977624,0.0,82.57484743328946,0.0,1050.0,5001.0,1,1050/5001,1050,5001
streamcluster,compute_cost,1050,9251,1050/9251,0,1050,9251,1,12832.0,0.0,5000.23,0.0,1003758.0,0.0,200.742367,0.0,0.3896687967581047,0.0,78.223036159601,0.0,1050.0,9251.0,1,1050/9251,1050,9251
streamcluster,compute_cost,1050,9501,1050/9501,0,1050,9501,1,12848.0,0.0,5000.07,0.0,1010976.0,0.0,202.192357,0.0,0.3891710772104607,0.0,78.68742216687423,0.0,1050.0,9501.0,1,1050/9501,1050,9501
streamcluster,compute_cost,1470,810,1470/405;1470/810,0,1470,810,2,1228.0,0.0,5001.5015,0.0,338078.5,0.0,67.595326,0.0,4.072883957654723,0.0,275.3082247557003,0.0,1470.0,810.0,2,1470/405;1470/810,1470,405;810
streamcluster,compute_cost,1470,5001,1470/5001,0,1470,5001,1,8508.0,0.0,5000.012,0.0,744562.0,0.0,148.912051,0.0,0.5876835919134932,0.0,87.51316408086507,0.0,1470.0,5001.0,1,1470/5001,1470,5001
streamcluster,compute_cost,1470,9251,1470/9251,0,1470,9251,1,12852.0,0.0,5000.029,0.0,1036206.0,0.0,207.239986,0.0,0.3890467631497044,0.0,80.62605042016807,0.0,1470.0,9251.0,1,1470/9251,1470,9251
streamcluster,compute_cost,1470,9501,1470/9501,0,1470,9501,1,12871.0,0.0,5000.143,0.0,1046418.0,0.0,209.277612,0.0,0.3884813145831715,0.0,81.30044285603294,0.0,1470.0,9501.0,1,1470/9501,1470,9501
streamcluster,compute_cost,1890,810,1890/405;1890/810,0,1890,810,2,1233.5,0.0,5001.374,0.0,531359.5,0.0,106.242688,0.0,4.054620443214097,0.0,430.7737715918666,0.0,1890.0,810.0,2,1890/405;1890/810,1890,405;810
streamcluster,compute_cost,1890,5001,1890/5001,0,1890,5001,1,8548.0,0.0,5000.427,0.0,1047988.0,0.0,209.579712,0.0,0.5849821010762751,0.0,122.60037435657463,0.0,1890.0,5001.0,1,1890/5001,1890,5001
streamcluster,compute_cost,1890,9251,1890/9251,0,1890,9251,1,12927.0,0.0,5000.239,0.0,1444459.0,0.0,288.878005,0.0,0.3868058327531523,0.0,111.73969211727392,0.0,1890.0,9251.0,1,1890/9251,1890,9251
streamcluster,compute_cost,1890,9501,1890/9501,0,1890,9501,1,12919.0,0.0,5000.327,0.0,1468472.0,0.0,293.675214,0.0,0.3870521712206827,0.0,113.6676213329205,0.0,1890.0,9501.0,1,1890/9501,1890,9501
streamcluster,compute_cost,1935,810,2100/405,0,1935,810,1,1234.0,0.0,5002.256,0.0,625102.0,0.0,124.964008,0.0,4.05369205834684,0.0,506.5656401944895,0.0,1935.0,810.0,1,2100/405,2100,405
streamcluster,compute_cost,1935,9501,2100/9501,0,1935,9501,1,12901.0,0.0,5000.241,0.0,1642493.0,0.0,328.482753,0.0,0.3875855360049609,0.0,127.31516936671576,0.0,1935.0,9501.0,1,2100/9501,2100,9501
streamcluster,compute_cost,1950,5001,2100/5001,0,1950,5001,1,8552.0,0.0,5000.351,0.0,1193632.0,0.0,238.709662,0.0,0.5846996024321796,0.0,139.5734331150608,0.0,1950.0,5001.0,1,2100/5001,2100,5001
streamcluster,compute_cost,1950,9251,2100/9251,0,1950,9251,1,12928.0,0.0,5000.091,0.0,1614478.0,0.0,322.889735,0.0,0.3867644647277228,0.0,124.88227103960396,0.0,1950.0,9251.0,1,2100/9251,2100,9251
streamcluster,compute_cost,1965,810,2100/810,0,1965,810,1,1234.0,0.0,5003.292,0.0,609373.0,0.0,121.794423,0.0,4.054531604538088,0.0,493.8192868719611,0.0,1965.0,810.0,1,2100/810,2100,810
syr2k,syr2k_kernel,210,405,210/405,0,210,405,1,41.0,0.0,5103.403,0.0,206368.0,0.0,40.437329,0.0,124.47324390243904,0.0,5033.365853658536,0.0,210.0,405.0,1,210/405,210,405
syr2k,syr2k_kernel,210,810,210/810,0,210,810,1,42.0,0.0,5071.607,0.0,215076.0,0.0,42.407857,0.0,120.75254761904762,0.0,5120.857142857143,0.0,210.0,810.0,1,210/810,210,810
syr2k,syr2k_kernel,210,5001,210/5001,0,210,5001,1,42.0,0.0,5070.063,0.0,378919.0,0.0,74.736547,0.0,120.71578571428572,0.0,9021.880952380952,0.0,210.0,5001.0,1,210/5001,210,5001
syr2k,syr2k_kernel,210,9251,210/9251,0,210,9251,1,42.0,0.0,5071.444,0.0,503128.0,0.0,99.20803,0.0,120.74866666666668,0.0,11979.238095238095,0.0,210.0,9251.0,1,210/9251,210,9251
syr2k,syr2k_kernel,210,9501,210/9501,0,210,9501,1,42.0,0.0,5071.772,0.0,506217.0,0.0,99.810669,0.0,120.7564761904762,0.0,12052.785714285714,0.0,210.0,9501.0,1,210/9501,210,9501
syr2k,syr2k_kernel,630,810,630/405;630/810,0,630,810,2,107.0,0.0,5036.447,0.0,259793.0,0.0,51.5825525,0.0,47.06959813084112,0.0,2427.9719626168226,0.0,630.0,810.0,2,630/405;630/810,630,405;810
syr2k,syr2k_kernel,630,5001,630/5001,0,630,5001,1,107.0,0.0,5036.253,0.0,428148.0,0.0,85.013204,0.0,47.06778504672897,0.0,4001.383177570093,0.0,630.0,5001.0,1,630/5001,630,5001
syr2k,syr2k_kernel,630,9251,630/9251,0,630,9251,1,107.0,0.0,5036.166,0.0,555140.0,0.0,110.23069,0.0,47.066971962616826,0.0,5188.22429906542,0.0,630.0,9251.0,1,630/9251,630,9251
syr2k,syr2k_kernel,630,9501,630/9501,0,630,9501,1,107.0,0.0,5036.173,0.0,545179.0,0.0,108.252639,0.0,47.06703738317757,0.0,5095.130841121495,0.0,630.0,9501.0,1,630/9501,630,9501
syr2k,syr2k_kernel,1050,810,1050/405;1050/810,0,1050,810,2,177.5,0.0,5013.966,0.0,329941.0,0.0,65.8052905,0.0,28.24770323113058,0.0,1858.8490128864344,0.0,1050.0,810.0,2,1050/405;1050/810,1050,405;810
syr2k,syr2k_kernel,1050,5001,1050/5001,0,1050,5001,1,177.0,0.0,5000.511,0.0,470279.0,0.0,94.046184,0.0,28.25147457627119,0.0,2656.9435028248586,0.0,1050.0,5001.0,1,1050/5001,1050,5001
syr2k,syr2k_kernel,1050,9251,1050/9251,0,1050,9251,1,178.0,0.0,5027.289,0.0,620572.0,0.0,123.440684,0.0,28.24319662921348,0.0,3486.3595505617977,0.0,1050.0,9251.0,1,1050/9251,1050,9251
syr2k,syr2k_kernel,1050,9501,1050/9501,0,1050,9501,1,178.0,0.0,5027.271,0.0,623068.0,0.0,123.937632,0.0,28.243095505617976,0.0,3500.38202247191,0.0,1050.0,9501.0,1,1050/9501,1050,9501
syr2k,syr2k_kernel,1470,810,1470/405;1470/810,0,1470,810,2,248.0,0.0,5007.2485,0.0,416992.0,0.0,83.277672,0.0,20.190518145161292,0.0,1681.4193548387098,0.0,1470.0,810.0,2,1470/405;1470/810,1470,405;810
syr2k,syr2k_kernel,1470,5001,1470/5001,0,1470,5001,1,248.0,0.0,5005.911,0.0,572624.0,0.0,114.389577,0.0,20.185125,0.0,2308.967741935484,0.0,1470.0,5001.0,1,1470/5001,1470,5001
syr2k,syr2k_kernel,1470,9251,1470/9251,0,1470,9251,1,248.0,0.0,5005.457,0.0,697981.0,0.0,139.44401,0.0,20.18329435483871,0.0,2814.439516129032,0.0,1470.0,9251.0,1,1470/9251,1470,9251
syr2k,syr2k_kernel,1470,9501,1470/9501,0,1470,9501,1,248.0,0.0,5005.386,0.0,700796.0,0.0,140.00839,0.0,20.18300806451613,0.0,2825.7903225806454,0.0,1470.0,9501.0,1,1470/9501,1470,9501
syr2k,syr2k_kernel,1890,810,1890/405;1890/810,0,1890,810,2,318.5,0.0,5007.7325,0.0,760883.0,0.0,151.939289,0.0,15.722866381774807,0.0,2388.9198606100035,0.0,1890.0,810.0,2,1890/405;1890/810,1890,405;810
syr2k,syr2k_kernel,1890,5001,1890/5001,0,1890,5001,1,319.0,0.0,5010.943,0.0,945472.0,0.0,188.681457,0.0,15.70828526645768,0.0,2963.862068965517,0.0,1890.0,5001.0,1,1890/5001,1890,5001
syr2k,syr2k_kernel,1890,9251,1890/9251,0,1890,9251,1,319.0,0.0,5010.014,0.0,1077250.0,0.0,215.019352,0.0,15.70537304075235,0.0,3376.959247648903,0.0,1890.0,9251.0,1,1890/9251,1890,9251
syr2k,syr2k_kernel,1890,9501,1890/9501,0,1890,9501,1,319.0,0.0,5010.332,0.0,1093988.0,0.0,218.346408,0.0,15.706369905956114,0.0,3429.42946708464,0.0,1890.0,9501.0,1,1890/9501,1890,9501
syr2k,syr2k_kernel,1935,810,2100/405,0,1935,810,1,329.0,0.0,5013.429,0.0,920521.0,0.0,183.61105,0.0,15.238386018237083,0.0,2797.936170212766,0.0,1935.0,810.0,1,2100/405,2100,405
syr2k,syr2k_kernel,1935,9251,2100/9251,0,1935,9251,1,326.0,0.0,5002.908,0.0,1244953.0,0.0,248.845885,0.0,15.346343558282207,0.0,3818.8742331288345,0.0,1935.0,9251.0,1,2100/9251,2100,9251
syr2k,syr2k_kernel,1935,9501,2100/9501,0,1935,9501,1,326.0,0.0,5007.696,0.0,1257459.0,0.0,251.105284,0.0,15.361030674846626,0.0,3857.2361963190174,0.0,1935.0,9501.0,1,2100/9501,2100,9501
syr2k,syr2k_kernel,1950,810,2100/810,0,1950,810,1,329.0,0.0,5013.887,0.0,917543.0,0.0,183.000327,0.0,15.23977811550152,0.0,2788.884498480243,0.0,1950.0,810.0,1,2100/810,2100,810
syr2k,syr2k_kernel,1950,5001,2100/5001,0,1950,5001,1,327.0,0.0,5004.438,0.0,1092687.0,0.0,218.343599,0.0,15.304091743119267,0.0,3341.5504587155965,0.0,1950.0,5001.0,1,2100/5001,2100,5001
syrk,syrk_kernel,210,405,210/405,0,210,405,1,79.0,0.0,5036.819,0.0,190303.0,0.0,37.782376,0.0,63.757202531645575,0.0,2408.8987341772154,0.0,210.0,405.0,1,210/405,210,405
syrk,syrk_kernel,210,810,210/810,0,210,810,1,81.0,0.0,5019.761,0.0,202022.0,0.0,40.245344,0.0,61.97235802469136,0.0,2494.098765432099,0.0,210.0,810.0,1,210/810,210,810
syrk,syrk_kernel,210,5001,210/5001,0,210,5001,1,81.0,0.0,5017.387,0.0,362078.0,0.0,72.164659,0.0,61.94304938271605,0.0,4470.098765432099,0.0,210.0,5001.0,1,210/5001,210,5001
syrk,syrk_kernel,210,9251,210/9251,0,210,9251,1,81.0,0.0,5021.297,0.0,487323.0,0.0,97.051213,0.0,61.99132098765432,0.0,6016.333333333333,0.0,210.0,9251.0,1,210/9251,210,9251
syrk,syrk_kernel,210,9501,210/9501,0,210,9501,1,81.0,0.0,5020.896,0.0,477938.0,0.0,95.189783,0.0,61.986370370370366,0.0,5900.469135802469,0.0,210.0,9501.0,1,210/9501,210,9501
syrk,syrk_kernel,630,810,630/405;630/810,0,630,810,2,207.0,0.0,5003.8315,0.0,241809.0,0.0,48.3247675,0.0,24.173099033816424,0.0,1168.159420289855,0.0,630.0,810.0,2,630/405;630/810,630,405;810
syrk,syrk_kernel,630,5001,630/5001,0,630,5001,1,207.0,0.0,5002.978,0.0,416793.0,0.0,83.308989,0.0,24.16897584541063,0.0,2013.4927536231885,0.0,630.0,5001.0,1,630/5001,630,5001
syrk,syrk_kernel,630,9251,630/9251,0,630,9251,1,207.0,0.0,5003.075,0.0,527803.0,0.0,105.495716,0.0,24.169444444444444,0.0,2549.772946859903,0.0,630.0,9251.0,1,630/9251,630,9251
syrk,syrk_kernel,630,9501,630/9501,0,630,9501,1,207.0,0.0,5003.098,0.0,528503.0,0.0,105.635156,0.0,24.169555555555554,0.0,2553.154589371981,0.0,630.0,9501.0,1,630/9501,630,9501
syrk,syrk_kernel,1050,810,1050/405;1050/810,0,1050,810,2,345.0,0.0,5005.066000000001,0.0,312790.0,0.0,62.4946785,0.0,14.50743768115942,0.0,906.6376811594204,0.0,1050.0,810.0,2,1050/405;1050/810,1050,405;810
syrk,syrk_kernel,1050,5001,1050/5001,0,1050,5001,1,345.0,0.0,5003.748,0.0,454923.0,0.0,90.916448,0.0,14.503617391304347,0.0,1318.6173913043478,0.0,1050.0,5001.0,1,1050/5001,1050,5001
syrk,syrk_kernel,1050,9251,1050/9251,0,1050,9251,1,345.0,0.0,5003.587,0.0,596175.0,0.0,119.149524,0.0,14.503150724637685,0.0,1728.0434782608695,0.0,1050.0,9251.0,1,1050/9251,1050,9251
syrk,syrk_kernel,1050,9501,1050/9501,0,1050,9501,1,345.0,0.0,5003.617,0.0,612692.0,0.0,122.449827,0.0,14.50323768115942,0.0,1775.91884057971,0.0,1050.0,9501.0,1,1050/9501,1050,9501
syrk,syrk_kernel,1470,810,1470/405;1470/810,0,1470,810,2,483.0,0.0,5007.6295,0.0,402041.5,0.0,80.2857845,0.0,10.367762939958592,0.0,832.3840579710145,0.0,1470.0,810.0,2,1470/405;1470/810,1470,405;810
syrk,syrk_kernel,1470,5001,1470/5001,0,1470,5001,1,483.0,0.0,5005.619,0.0,553509.0,0.0,110.577541,0.0,10.363600414078672,0.0,1145.9813664596272,0.0,1470.0,5001.0,1,1470/5001,1470,5001
syrk,syrk_kernel,1470,9251,1470/9251,0,1470,9251,1,483.0,0.0,5005.389,0.0,676095.0,0.0,135.073414,0.0,10.363124223602483,0.0,1399.7826086956522,0.0,1470.0,9251.0,1,1470/9251,1470,9251
syrk,syrk_kernel,1470,9501,1470/9501,0,1470,9501,1,483.0,0.0,5005.219,0.0,678493.0,0.0,135.557112,0.0,10.362772256728778,0.0,1404.7474120082816,0.0,1470.0,9501.0,1,1470/9501,1470,9501
syrk,syrk_kernel,1890,810,1890/405;1890/810,0,1890,810,2,620.0,0.0,5004.498,0.0,737132.5,0.0,147.2940115,0.0,8.071770967741935,0.0,1188.9233870967741,0.0,1890.0,810.0,2,1890/405;1890/810,1890,405;810
syrk,syrk_kernel,1890,5001,1890/5001,0,1890,5001,1,620.0,0.0,5002.845,0.0,912286.0,0.0,182.353433,0.0,8.069104838709677,0.0,1471.4290322580646,0.0,1890.0,5001.0,1,1890/5001,1890,5001
syrk,syrk_kernel,1890,9251,1890/9251,0,1890,9251,1,620.0,0.0,5000.219,0.0,1057978.0,0.0,211.586343,0.0,8.06486935483871,0.0,1706.416129032258,0.0,1890.0,9251.0,1,1890/9251,1890,9251
syrk,syrk_kernel,1890,9501,1890/9501,0,1890,9501,1,620.0,0.0,5000.311,0.0,1050202.0,0.0,210.027355,0.0,8.065017741935483,0.0,1693.874193548387,0.0,1890.0,9501.0,1,1890/9501,1890,9501
syrk,syrk_kernel,1935,9501,2100/9501,0,1935,9501,1,635.0,0.0,5003.185,0.0,1213936.0,0.0,242.63264,0.0,7.879031496062993,0.0,1911.7102362204728,0.0,1935.0,9501.0,1,2100/9501,2100,9501
syrk,syrk_kernel,1950,810,2100/405;2100/810,0,1950,810,2,640.0,0.0,5005.9515,0.0,917059.0,0.0,183.1937565,0.0,7.82179921875,0.0,1432.9046875,0.0,1950.0,810.0,2,2100/405;2100/810,2100,405;810
syrk,syrk_kernel,1950,5001,2100/5001,0,1950,5001,1,640.0,0.0,5004.719,0.0,1106841.0,0.0,221.159481,0.0,7.8198734375,0.0,1729.4390625,0.0,1950.0,5001.0,1,2100/5001,2100,5001
syrk,syrk_kernel,1950,9251,2100/9251,0,1950,9251,1,635.0,0.0,5003.85,0.0,1206132.0,0.0,241.040794,0.0,7.880078740157481,0.0,1899.4204724409449,0.0,1950.0,9251.0,1,2100/9251,2100,9251
