policy_name,constraint_name,constraint_limit,workload,kernel,kernel_id,selected_requested_core_clock,selected_requested_mem_clock,selected_effective_core_clock,selected_effective_mem_clock,selected_is_auto,selected_actual_time_ratio,selected_actual_energy_ratio,selected_actual_slowdown_pct,selected_actual_energy_saving_pct,selected_violates_constraint,oracle_requested_core_clock,oracle_requested_mem_clock,oracle_effective_core_clock,oracle_effective_mem_clock,oracle_is_auto,oracle_actual_time_ratio,oracle_actual_energy_ratio,oracle_actual_slowdown_pct,oracle_actual_energy_saving_pct,oracle_gap_energy_saving_pp,oracle_gap_energy_ratio,chosen_pair_train_energy_saving_pct,chosen_pair_train_slowdown_pct,auto_time_per_launch_mean_ms,auto_energy_per_launch_mean_mJ,selected_time_per_launch_ms,selected_energy_per_launch_mJ,oracle_time_per_launch_ms,oracle_energy_per_launch_mJ
best_global_hindsight,0pct,1.0,2dconv,convolution2D_kernel,2dconv::convolution2dkernel,auto,auto,auto,auto,True,1.0,1.0,0.0,0.0,False,1935,9251,1935.0,9251.0,False,0.9994308438366016,0.9982528229761106,-0.05691561633983655,0.1747177023889379,0.1747177023889379,0.0017471770238893791,0.0,0.0,0.1732624922032019,59.52214290664634,0.1732624922032019,59.52214290664634,0.17316387878787867,59.41814718614719
loko_global_fixed_clock,0pct,1.0,2dconv,convolution2D_kernel,2dconv::convolution2dkernel,auto,auto,auto,auto,True,1.0,1.0,0.0,0.0,False,1935,9251,1935.0,9251.0,False,0.9994308438366016,0.9982528229761106,-0.05691561633983655,0.1747177023889379,0.1747177023889379,0.0017471770238893791,0.0,0.0,0.1732624922032019,59.52214290664634,0.1732624922032019,59.52214290664634,0.17316387878787867,59.41814718614719
strict_global_hindsight,0pct,1.0,2dconv,convolution2D_kernel,2dconv::convolution2dkernel,auto,auto,auto,auto,True,1.0,1.0,0.0,0.0,False,1935,9251,1935.0,9251.0,False,0.9994308438366016,0.9982528229761106,-0.05691561633983655,0.1747177023889379,0.1747177023889379,0.0017471770238893791,0.0,0.0,0.1732624922032019,59.52214290664634,0.1732624922032019,59.52214290664634,0.17316387878787867,59.41814718614719
strict_loko_global_fixed_clock,0pct,1.0,2dconv,convolution2D_kernel,2dconv::convolution2dkernel,auto,auto,auto,auto,True,1.0,1.0,0.0,0.0,False,1935,9251,1935.0,9251.0,False,0.9994308438366016,0.9982528229761106,-0.05691561633983655,0.1747177023889379,0.1747177023889379,0.0017471770238893791,0.0,0.0,0.1732624922032019,59.52214290664634,0.1732624922032019,59.52214290664634,0.17316387878787867,59.41814718614719
per_kernel_oracle,0pct,1.0,2dconv,convolution2D_kernel,2dconv::convolution2dkernel,1935,9251,1935.0,9251.0,False,0.9994308438366016,0.9982528229761106,-0.05691561633983655,0.1747177023889379,False,1935,9251,1935.0,9251.0,False,0.9994308438366016,0.9982528229761106,-0.05691561633983655,0.1747177023889379,0.0,0.0,,,0.1732624922032019,59.52214290664634,0.17316387878787867,59.41814718614719,0.17316387878787867,59.41814718614719
best_global_hindsight,0pct,1.0,2mm,mm2_kernel1,2mm::mm2kernel1,auto,auto,auto,auto,True,1.0,1.0,0.0,0.0,False,1890,5001,1890.0,5001.0,False,0.9763786924983164,0.9680134767447636,-2.3621307501683564,3.198652325523643,3.198652325523643,0.03198652325523643,0.0,0.0,2.134778062313273,696.625693555271,2.134778062313273,696.625693555271,2.084351813255523,674.3430596081702
loko_global_fixed_clock,0pct,1.0,2mm,mm2_kernel1,2mm::mm2kernel1,auto,auto,auto,auto,True,1.0,1.0,0.0,0.0,False,1890,5001,1890.0,5001.0,False,0.9763786924983164,0.9680134767447636,-2.3621307501683564,3.198652325523643,3.198652325523643,0.03198652325523643,0.0,0.0,2.134778062313273,696.625693555271,2.134778062313273,696.625693555271,2.084351813255523,674.3430596081702
strict_global_hindsight,0pct,1.0,2mm,mm2_kernel1,2mm::mm2kernel1,auto,auto,auto,auto,True,1.0,1.0,0.0,0.0,False,1890,5001,1890.0,5001.0,False,0.9763786924983164,0.9680134767447636,-2.3621307501683564,3.198652325523643,3.198652325523643,0.03198652325523643,0.0,0.0,2.134778062313273,696.625693555271,2.134778062313273,696.625693555271,2.084351813255523,674.3430596081702
strict_loko_global_fixed_clock,0pct,1.0,2mm,mm2_kernel1,2mm::mm2kernel1,auto,auto,auto,auto,True,1.0,1.0,0.0,0.0,False,1890,5001,1890.0,5001.0,False,0.9763786924983164,0.9680134767447636,-2.3621307501683564,3.198652325523643,3.198652325523643,0.03198652325523643,0.0,0.0,2.134778062313273,696.625693555271,2.134778062313273,696.625693555271,2.084351813255523,674.3430596081702
per_kernel_oracle,0pct,1.0,2mm,mm2_kernel1,2mm::mm2kernel1,1890,5001,1890.0,5001.0,False,0.9763786924983164,0.9680134767447636,-2.3621307501683564,3.198652325523643,False,1890,5001,1890.0,5001.0,False,0.9763786924983164,0.9680134767447636,-2.3621307501683564,3.198652325523643,0.0,0.0,,,2.134778062313273,696.625693555271,2.084351813255523,674.3430596081702,2.084351813255523,674.3430596081702
best_global_hindsight,0pct,1.0,2mm,mm2_kernel2,2mm::mm2kernel2,auto,auto,auto,auto,True,1.0,1.0,0.0,0.0,False,1890,5001,1890.0,5001.0,False,0.9963153457813638,0.8975959893322133,-0.3684654218636174,10.24040106677867,10.24040106677867,0.1024040106677867,0.0,0.0,2.032619105691057,674.4752032520325,2.032619105691057,674.4752032520325,2.025129607128392,605.4062373430538
loko_global_fixed_clock,0pct,1.0,2mm,mm2_kernel2,2mm::mm2kernel2,auto,auto,auto,auto,True,1.0,1.0,0.0,0.0,False,1890,5001,1890.0,5001.0,False,0.9963153457813638,0.8975959893322133,-0.3684654218636174,10.24040106677867,10.24040106677867,0.1024040106677867,0.0,0.0,2.032619105691057,674.4752032520325,2.032619105691057,674.4752032520325,2.025129607128392,605.4062373430538
strict_global_hindsight,0pct,1.0,2mm,mm2_kernel2,2mm::mm2kernel2,auto,auto,auto,auto,True,1.0,1.0,0.0,0.0,False,1890,5001,1890.0,5001.0,False,0.9963153457813638,0.8975959893322133,-0.3684654218636174,10.24040106677867,10.24040106677867,0.1024040106677867,0.0,0.0,2.032619105691057,674.4752032520325,2.032619105691057,674.4752032520325,2.025129607128392,605.4062373430538
strict_loko_global_fixed_clock,0pct,1.0,2mm,mm2_kernel2,2mm::mm2kernel2,auto,auto,auto,auto,True,1.0,1.0,0.0,0.0,False,1890,5001,1890.0,5001.0,False,0.9963153457813638,0.8975959893322133,-0.3684654218636174,10.24040106677867,10.24040106677867,0.1024040106677867,0.0,0.0,2.032619105691057,674.4752032520325,2.032619105691057,674.4752032520325,2.025129607128392,605.4062373430538
per_kernel_oracle,0pct,1.0,2mm,mm2_kernel2,2mm::mm2kernel2,1890,5001,1890.0,5001.0,False,0.9963153457813638,0.8975959893322133,-0.3684654218636174,10.24040106677867,False,1890,5001,1890.0,5001.0,False,0.9963153457813638,0.8975959893322133,-0.3684654218636174,10.24040106677867,0.0,0.0,,,2.032619105691057,674.4752032520325,2.025129607128392,605.4062373430538,2.025129607128392,605.4062373430538
best_global_hindsight,0pct,1.0,3mm,mm3_kernel1,3mm::mm3kernel1,auto,auto,auto,auto,True,1.0,1.0,0.0,0.0,False,1935,810,1935.0,810.0,False,0.9865025370312368,0.8170149338590121,-1.3497462968763196,18.298506614098788,18.298506614098788,0.18298506614098786,0.0,0.0,0.329816160949868,112.27612137203168,0.329816160949868,112.27612137203168,0.3253644795309475,91.73126787671688
loko_global_fixed_clock,0pct,1.0,3mm,mm3_kernel1,3mm::mm3kernel1,auto,auto,auto,auto,True,1.0,1.0,0.0,0.0,False,1935,810,1935.0,810.0,False,0.9865025370312368,0.8170149338590121,-1.3497462968763196,18.298506614098788,18.298506614098788,0.18298506614098786,0.0,0.0,0.329816160949868,112.27612137203168,0.329816160949868,112.27612137203168,0.3253644795309475,91.73126787671688
strict_global_hindsight,0pct,1.0,3mm,mm3_kernel1,3mm::mm3kernel1,auto,auto,auto,auto,True,1.0,1.0,0.0,0.0,False,1935,810,1935.0,810.0,False,0.9865025370312368,0.8170149338590121,-1.3497462968763196,18.298506614098788,18.298506614098788,0.18298506614098786,0.0,0.0,0.329816160949868,112.27612137203168,0.329816160949868,112.27612137203168,0.3253644795309475,91.73126787671688
strict_loko_global_fixed_clock,0pct,1.0,3mm,mm3_kernel1,3mm::mm3kernel1,auto,auto,auto,auto,True,1.0,1.0,0.0,0.0,False,1935,810,1935.0,810.0,False,0.9865025370312368,0.8170149338590121,-1.3497462968763196,18.298506614098788,18.298506614098788,0.18298506614098786,0.0,0.0,0.329816160949868,112.27612137203168,0.329816160949868,112.27612137203168,0.3253644795309475,91.73126787671688
per_kernel_oracle,0pct,1.0,3mm,mm3_kernel1,3mm::mm3kernel1,1935,810,1935.0,810.0,False,0.9865025370312368,0.8170149338590121,-1.3497462968763196,18.298506614098788,False,1935,810,1935.0,810.0,False,0.9865025370312368,0.8170149338590121,-1.3497462968763196,18.298506614098788,0.0,0.0,,,0.329816160949868,112.27612137203168,0.3253644795309475,91.73126787671688,0.3253644795309475,91.73126787671688
best_global_hindsight,0pct,1.0,3mm,mm3_kernel2,3mm::mm3kernel2,auto,auto,auto,auto,True,1.0,1.0,0.0,0.0,False,1920,810,1920.0,810.0,False,0.9944269938306054,0.8174208760348206,-0.5573006169394601,18.257912396517938,18.257912396517938,0.1825791239651794,0.0,0.0,0.3275530298067474,112.24828037995414,0.3275530298067474,112.24828037995414,0.3257275747508305,91.75408768158428
loko_global_fixed_clock,0pct,1.0,3mm,mm3_kernel2,3mm::mm3kernel2,auto,auto,auto,auto,True,1.0,1.0,0.0,0.0,False,1920,810,1920.0,810.0,False,0.9944269938306054,0.8174208760348206,-0.5573006169394601,18.257912396517938,18.257912396517938,0.1825791239651794,0.0,0.0,0.3275530298067474,112.24828037995414,0.3275530298067474,112.24828037995414,0.3257275747508305,91.75408768158428
strict_global_hindsight,0pct,1.0,3mm,mm3_kernel2,3mm::mm3kernel2,auto,auto,auto,auto,True,1.0,1.0,0.0,0.0,False,1920,810,1920.0,810.0,False,0.9944269938306054,0.8174208760348206,-0.5573006169394601,18.257912396517938,18.257912396517938,0.1825791239651794,0.0,0.0,0.3275530298067474,112.24828037995414,0.3275530298067474,112.24828037995414,0.3257275747508305,91.75408768158428
strict_loko_global_fixed_clock,0pct,1.0,3mm,mm3_kernel2,3mm::mm3kernel2,auto,auto,auto,auto,True,1.0,1.0,0.0,0.0,False,1920,810,1920.0,810.0,False,0.9944269938306054,0.8174208760348206,-0.5573006169394601,18.257912396517938,18.257912396517938,0.1825791239651794,0.0,0.0,0.3275530298067474,112.24828037995414,0.3275530298067474,112.24828037995414,0.3257275747508305,91.75408768158428
per_kernel_oracle,0pct,1.0,3mm,mm3_kernel2,3mm::mm3kernel2,1920,810,1920.0,810.0,False,0.9944269938306054,0.8174208760348206,-0.5573006169394601,18.257912396517938,False,1920,810,1920.0,810.0,False,0.9944269938306054,0.8174208760348206,-0.5573006169394601,18.257912396517938,0.0,0.0,,,0.3275530298067474,112.24828037995414,0.3257275747508305,91.75408768158428,0.3257275747508305,91.75408768158428
best_global_hindsight,0pct,1.0,3mm,mm3_kernel3,3mm::mm3kernel3,auto,auto,auto,auto,True,1.0,1.0,0.0,0.0,False,1935,810,1935.0,810.0,False,0.9909178973644526,0.826674696976634,-0.9082102635547429,17.3325303023366,17.3325303023366,0.17332530302336602,0.0,0.0,0.3288522854324235,113.16270963498847,0.3288522854324235,113.16270963498847,0.3258656152241919,93.54874869655892
loko_global_fixed_clock,0pct,1.0,3mm,mm3_kernel3,3mm::mm3kernel3,auto,auto,auto,auto,True,1.0,1.0,0.0,0.0,False,1935,810,1935.0,810.0,False,0.9909178973644526,0.826674696976634,-0.9082102635547429,17.3325303023366,17.3325303023366,0.17332530302336602,0.0,0.0,0.3288522854324235,113.16270963498847,0.3288522854324235,113.16270963498847,0.3258656152241919,93.54874869655892
strict_global_hindsight,0pct,1.0,3mm,mm3_kernel3,3mm::mm3kernel3,auto,auto,auto,auto,True,1.0,1.0,0.0,0.0,False,1935,810,1935.0,810.0,False,0.9909178973644526,0.826674696976634,-0.9082102635547429,17.3325303023366,17.3325303023366,0.17332530302336602,0.0,0.0,0.3288522854324235,113.16270963498847,0.3288522854324235,113.16270963498847,0.3258656152241919,93.54874869655892
strict_loko_global_fixed_clock,0pct,1.0,3mm,mm3_kernel3,3mm::mm3kernel3,auto,auto,auto,auto,True,1.0,1.0,0.0,0.0,False,1935,810,1935.0,810.0,False,0.9909178973644526,0.826674696976634,-0.9082102635547429,17.3325303023366,17.3325303023366,0.17332530302336602,0.0,0.0,0.3288522854324235,113.16270963498847,0.3288522854324235,113.16270963498847,0.3258656152241919,93.54874869655892
per_kernel_oracle,0pct,1.0,3mm,mm3_kernel3,3mm::mm3kernel3,1935,810,1935.0,810.0,False,0.9909178973644526,0.826674696976634,-0.9082102635547429,17.3325303023366,False,1935,810,1935.0,810.0,False,0.9909178973644526,0.826674696976634,-0.9082102635547429,17.3325303023366,0.0,0.0,,,0.3288522854324235,113.16270963498847,0.3258656152241919,93.54874869655892,0.3258656152241919,93.54874869655892
best_global_hindsight,0pct,1.0,atax,atax_kernel1,atax::ataxkernel1,auto,auto,auto,auto,True,1.0,1.0,0.0,0.0,False,1965,5001,1965.0,5001.0,False,0.9806231304496892,0.825618111257571,-1.9376869550310816,17.4381888742429,17.4381888742429,0.174381888742429,0.0,0.0,1.2237679882525696,296.98164464023495,1.2237679882525696,296.98164464023495,1.2000551955843533,245.19342452603792
loko_global_fixed_clock,0pct,1.0,atax,atax_kernel1,atax::ataxkernel1,auto,auto,auto,auto,True,1.0,1.0,0.0,0.0,False,1965,5001,1965.0,5001.0,False,0.9806231304496892,0.825618111257571,-1.9376869550310816,17.4381888742429,17.4381888742429,0.174381888742429,0.0,0.0,1.2237679882525696,296.98164464023495,1.2237679882525696,296.98164464023495,1.2000551955843533,245.19342452603792
strict_global_hindsight,0pct,1.0,atax,atax_kernel1,atax::ataxkernel1,auto,auto,auto,auto,True,1.0,1.0,0.0,0.0,False,1965,5001,1965.0,5001.0,False,0.9806231304496892,0.825618111257571,-1.9376869550310816,17.4381888742429,17.4381888742429,0.174381888742429,0.0,0.0,1.2237679882525696,296.98164464023495,1.2237679882525696,296.98164464023495,1.2000551955843533,245.19342452603792
strict_loko_global_fixed_clock,0pct,1.0,atax,atax_kernel1,atax::ataxkernel1,auto,auto,auto,auto,True,1.0,1.0,0.0,0.0,False,1965,5001,1965.0,5001.0,False,0.9806231304496892,0.825618111257571,-1.9376869550310816,17.4381888742429,17.4381888742429,0.174381888742429,0.0,0.0,1.2237679882525696,296.98164464023495,1.2237679882525696,296.98164464023495,1.2000551955843533,245.19342452603792
per_kernel_oracle,0pct,1.0,atax,atax_kernel1,atax::ataxkernel1,1965,5001,1965.0,5001.0,False,0.9806231304496892,0.825618111257571,-1.9376869550310816,17.4381888742429,False,1965,5001,1965.0,5001.0,False,0.9806231304496892,0.825618111257571,-1.9376869550310816,17.4381888742429,0.0,0.0,,,1.2237679882525696,296.98164464023495,1.2000551955843533,245.19342452603792,1.2000551955843533,245.19342452603792
best_global_hindsight,0pct,1.0,atax,atax_kernel2,atax::ataxkernel2,auto,auto,auto,auto,True,1.0,1.0,0.0,0.0,False,1965,9251,1965.0,9251.0,False,0.9972474865663185,0.9824988133792668,-0.2752513433681547,1.750118662073319,1.750118662073319,0.01750118662073319,0.0,0.0,1.216248784046693,241.7205739299611,1.216248784046693,241.7205739299611,1.2129010429299056,237.49017705554212
loko_global_fixed_clock,0pct,1.0,atax,atax_kernel2,atax::ataxkernel2,auto,auto,auto,auto,True,1.0,1.0,0.0,0.0,False,1965,9251,1965.0,9251.0,False,0.9972474865663185,0.9824988133792668,-0.2752513433681547,1.750118662073319,1.750118662073319,0.01750118662073319,0.0,0.0,1.216248784046693,241.7205739299611,1.216248784046693,241.7205739299611,1.2129010429299056,237.49017705554212
strict_global_hindsight,0pct,1.0,atax,atax_kernel2,atax::ataxkernel2,auto,auto,auto,auto,True,1.0,1.0,0.0,0.0,False,1965,9251,1965.0,9251.0,False,0.9972474865663185,0.9824988133792668,-0.2752513433681547,1.750118662073319,1.750118662073319,0.01750118662073319,0.0,0.0,1.216248784046693,241.7205739299611,1.216248784046693,241.7205739299611,1.2129010429299056,237.49017705554212
strict_loko_global_fixed_clock,0pct,1.0,atax,atax_kernel2,atax::ataxkernel2,auto,auto,auto,auto,True,1.0,1.0,0.0,0.0,False,1965,9251,1965.0,9251.0,False,0.9972474865663185,0.9824988133792668,-0.2752513433681547,1.750118662073319,1.750118662073319,0.01750118662073319,0.0,0.0,1.216248784046693,241.7205739299611,1.216248784046693,241.7205739299611,1.2129010429299056,237.49017705554212
per_kernel_oracle,0pct,1.0,atax,atax_kernel2,atax::ataxkernel2,1965,9251,1965.0,9251.0,False,0.9972474865663185,0.9824988133792668,-0.2752513433681547,1.750118662073319,False,1965,9251,1965.0,9251.0,False,0.9972474865663185,0.9824988133792668,-0.2752513433681547,1.750118662073319,0.0,0.0,,,1.216248784046693,241.7205739299611,1.2129010429299056,237.49017705554212,1.2129010429299056,237.49017705554212
best_global_hindsight,0pct,1.0,bicg,bicg_kernel1,bicg::bicgkernel1,auto,auto,auto,auto,True,1.0,1.0,0.0,0.0,False,1950,9251,1950.0,9251.0,False,0.9910571128342438,0.9502413056460112,-0.8942887165756197,4.975869435398883,4.975869435398883,0.04975869435398883,0.0,0.0,1.1971323916686616,219.7598755087384,1.1971323916686616,219.7598755087384,1.1864265717674969,208.82491103202844
loko_global_fixed_clock,0pct,1.0,bicg,bicg_kernel1,bicg::bicgkernel1,auto,auto,auto,auto,True,1.0,1.0,0.0,0.0,False,1950,9251,1950.0,9251.0,False,0.9910571128342438,0.9502413056460112,-0.8942887165756197,4.975869435398883,4.975869435398883,0.04975869435398883,0.0,0.0,1.1971323916686616,219.7598755087384,1.1971323916686616,219.7598755087384,1.1864265717674969,208.82491103202844
strict_global_hindsight,0pct,1.0,bicg,bicg_kernel1,bicg::bicgkernel1,auto,auto,auto,auto,True,1.0,1.0,0.0,0.0,False,1950,9251,1950.0,9251.0,False,0.9910571128342438,0.9502413056460112,-0.8942887165756197,4.975869435398883,4.975869435398883,0.04975869435398883,0.0,0.0,1.1971323916686616,219.7598755087384,1.1971323916686616,219.7598755087384,1.1864265717674969,208.82491103202844
strict_loko_global_fixed_clock,0pct,1.0,bicg,bicg_kernel1,bicg::bicgkernel1,auto,auto,auto,auto,True,1.0,1.0,0.0,0.0,False,1950,9251,1950.0,9251.0,False,0.9910571128342438,0.9502413056460112,-0.8942887165756197,4.975869435398883,4.975869435398883,0.04975869435398883,0.0,0.0,1.1971323916686616,219.7598755087384,1.1971323916686616,219.7598755087384,1.1864265717674969,208.82491103202844
per_kernel_oracle,0pct,1.0,bicg,bicg_kernel1,bicg::bicgkernel1,1950,9251,1950.0,9251.0,False,0.9910571128342438,0.9502413056460112,-0.8942887165756197,4.975869435398883,False,1950,9251,1950.0,9251.0,False,0.9910571128342438,0.9502413056460112,-0.8942887165756197,4.975869435398883,0.0,0.0,,,1.1971323916686616,219.7598755087384,1.1864265717674969,208.82491103202844,1.1864265717674969,208.82491103202844
best_global_hindsight,0pct,1.0,bicg,bicg_kernel2,bicg::bicgkernel2,auto,auto,auto,auto,True,1.0,1.0,0.0,0.0,False,1950,5001,1950.0,5001.0,False,0.9990835676599982,0.8655421691601409,-0.0916432340001827,13.445783083985907,13.445783083985907,0.13445783083985907,0.0,0.0,0.6395367694078526,134.00882465788465,0.6395367694078526,134.00882465788465,0.638950677229747,115.99028878098646
loko_global_fixed_clock,0pct,1.0,bicg,bicg_kernel2,bicg::bicgkernel2,auto,auto,auto,auto,True,1.0,1.0,0.0,0.0,False,1950,5001,1950.0,5001.0,False,0.9990835676599982,0.8655421691601409,-0.0916432340001827,13.445783083985907,13.445783083985907,0.13445783083985907,0.0,0.0,0.6395367694078526,134.00882465788465,0.6395367694078526,134.00882465788465,0.638950677229747,115.99028878098646
strict_global_hindsight,0pct,1.0,bicg,bicg_kernel2,bicg::bicgkernel2,auto,auto,auto,auto,True,1.0,1.0,0.0,0.0,False,1950,5001,1950.0,5001.0,False,0.9990835676599982,0.8655421691601409,-0.0916432340001827,13.445783083985907,13.445783083985907,0.13445783083985907,0.0,0.0,0.6395367694078526,134.00882465788465,0.6395367694078526,134.00882465788465,0.638950677229747,115.99028878098646
strict_loko_global_fixed_clock,0pct,1.0,bicg,bicg_kernel2,bicg::bicgkernel2,auto,auto,auto,auto,True,1.0,1.0,0.0,0.0,False,1950,5001,1950.0,5001.0,False,0.9990835676599982,0.8655421691601409,-0.0916432340001827,13.445783083985907,13.445783083985907,0.13445783083985907,0.0,0.0,0.6395367694078526,134.00882465788465,0.6395367694078526,134.00882465788465,0.638950677229747,115.99028878098646
per_kernel_oracle,0pct,1.0,bicg,bicg_kernel2,bicg::bicgkernel2,1950,5001,1950.0,5001.0,False,0.9990835676599982,0.8655421691601409,-0.0916432340001827,13.445783083985907,False,1950,5001,1950.0,5001.0,False,0.9990835676599982,0.8655421691601409,-0.0916432340001827,13.445783083985907,0.0,0.0,,,0.6395367694078526,134.00882465788465,0.638950677229747,115.99028878098646,0.638950677229747,115.99028878098646
best_global_hindsight,0pct,1.0,correlation,corr_kernel,correlation::corrkernel,auto,auto,auto,auto,True,1.0,1.0,0.0,0.0,False,1950,9251,1950.0,9251.0,False,0.9924064269844408,0.9122072943750038,-0.7593573015559185,8.779270562499619,8.779270562499619,0.08779270562499619,0.0,0.0,1351.50475,243653.5,1351.50475,243653.5,1341.242,222262.5
loko_global_fixed_clock,0pct,1.0,correlation,corr_kernel,correlation::corrkernel,auto,auto,auto,auto,True,1.0,1.0,0.0,0.0,False,1950,9251,1950.0,9251.0,False,0.9924064269844408,0.9122072943750038,-0.7593573015559185,8.779270562499619,8.779270562499619,0.08779270562499619,0.0,0.0,1351.50475,243653.5,1351.50475,243653.5,1341.242,222262.5
strict_global_hindsight,0pct,1.0,correlation,corr_kernel,correlation::corrkernel,auto,auto,auto,auto,True,1.0,1.0,0.0,0.0,False,1950,9251,1950.0,9251.0,False,0.9924064269844408,0.9122072943750038,-0.7593573015559185,8.779270562499619,8.779270562499619,0.08779270562499619,0.0,0.0,1351.50475,243653.5,1351.50475,243653.5,1341.242,222262.5
strict_loko_global_fixed_clock,0pct,1.0,correlation,corr_kernel,correlation::corrkernel,auto,auto,auto,auto,True,1.0,1.0,0.0,0.0,False,1950,9251,1950.0,9251.0,False,0.9924064269844408,0.9122072943750038,-0.7593573015559185,8.779270562499619,8.779270562499619,0.08779270562499619,0.0,0.0,1351.50475,243653.5,1351.50475,243653.5,1341.242,222262.5
per_kernel_oracle,0pct,1.0,correlation,corr_kernel,correlation::corrkernel,1950,9251,1950.0,9251.0,False,0.9924064269844408,0.9122072943750038,-0.7593573015559185,8.779270562499619,False,1950,9251,1950.0,9251.0,False,0.9924064269844408,0.9122072943750038,-0.7593573015559185,8.779270562499619,0.0,0.0,,,1351.50475,243653.5,1341.242,222262.5,1341.242,222262.5
best_global_hindsight,0pct,1.0,correlation,mean_kernel,correlation::meankernel,auto,auto,auto,auto,True,1.0,1.0,0.0,0.0,False,auto,auto,auto,auto,True,1.0,1.0,0.0,0.0,0.0,0.0,0.0,0.0,0.6022942664418213,104.5072271741749,0.6022942664418213,104.5072271741749,0.6022942664418213,104.5072271741749
loko_global_fixed_clock,0pct,1.0,correlation,mean_kernel,correlation::meankernel,auto,auto,auto,auto,True,1.0,1.0,0.0,0.0,False,auto,auto,auto,auto,True,1.0,1.0,0.0,0.0,0.0,0.0,0.0,0.0,0.6022942664418213,104.5072271741749,0.6022942664418213,104.5072271741749,0.6022942664418213,104.5072271741749
strict_global_hindsight,0pct,1.0,correlation,mean_kernel,correlation::meankernel,auto,auto,auto,auto,True,1.0,1.0,0.0,0.0,False,auto,auto,auto,auto,True,1.0,1.0,0.0,0.0,0.0,0.0,0.0,0.0,0.6022942664418213,104.5072271741749,0.6022942664418213,104.5072271741749,0.6022942664418213,104.5072271741749
strict_loko_global_fixed_clock,0pct,1.0,correlation,mean_kernel,correlation::meankernel,auto,auto,auto,auto,True,1.0,1.0,0.0,0.0,False,auto,auto,auto,auto,True,1.0,1.0,0.0,0.0,0.0,0.0,0.0,0.0,0.6022942664418213,104.5072271741749,0.6022942664418213,104.5072271741749,0.6022942664418213,104.5072271741749
per_kernel_oracle,0pct,1.0,correlation,mean_kernel,correlation::meankernel,auto,auto,auto,auto,True,1.0,1.0,0.0,0.0,False,auto,auto,auto,auto,True,1.0,1.0,0.0,0.0,0.0,0.0,,,0.6022942664418213,104.5072271741749,0.6022942664418213,104.5072271741749,0.6022942664418213,104.5072271741749
best_global_hindsight,0pct,1.0,correlation,reduce_kernel,correlation::reducekernel,auto,auto,auto,auto,True,1.0,1.0,0.0,0.0,False,auto,auto,auto,auto,True,1.0,1.0,0.0,0.0,0.0,0.0,0.0,0.0,0.0463599376923932,16.07854281793569,0.0463599376923932,16.07854281793569,0.0463599376923932,16.07854281793569
loko_global_fixed_clock,0pct,1.0,correlation,reduce_kernel,correlation::reducekernel,auto,auto,auto,auto,True,1.0,1.0,0.0,0.0,False,auto,auto,auto,auto,True,1.0,1.0,0.0,0.0,0.0,0.0,0.0,0.0,0.0463599376923932,16.07854281793569,0.0463599376923932,16.07854281793569,0.0463599376923932,16.07854281793569
strict_global_hindsight,0pct,1.0,correlation,reduce_kernel,correlation::reducekernel,auto,auto,auto,auto,True,1.0,1.0,0.0,0.0,False,auto,auto,auto,auto,True,1.0,1.0,0.0,0.0,0.0,0.0,0.0,0.0,0.0463599376923932,16.07854281793569,0.0463599376923932,16.07854281793569,0.0463599376923932,16.07854281793569
strict_loko_global_fixed_clock,0pct,1.0,correlation,reduce_kernel,correlation::reducekernel,auto,auto,auto,auto,True,1.0,1.0,0.0,0.0,False,auto,auto,auto,auto,True,1.0,1.0,0.0,0.0,0.0,0.0,0.0,0.0,0.0463599376923932,16.07854281793569,0.0463599376923932,16.07854281793569,0.0463599376923932,16.07854281793569
per_kernel_oracle,0pct,1.0,correlation,reduce_kernel,correlation::reducekernel,auto,auto,auto,auto,True,1.0,1.0,0.0,0.0,False,auto,auto,auto,auto,True,1.0,1.0,0.0,0.0,0.0,0.0,,,0.0463599376923932,16.07854281793569,0.0463599376923932,16.07854281793569,0.0463599376923932,16.07854281793569
best_global_hindsight,0pct,1.0,correlation,std_kernel,correlation::stdkernel,auto,auto,auto,auto,True,1.0,1.0,0.0,0.0,False,auto,auto,auto,auto,True,1.0,1.0,0.0,0.0,0.0,0.0,0.0,0.0,0.604474492263056,99.23972437137331,0.604474492263056,99.23972437137331,0.604474492263056,99.23972437137331
loko_global_fixed_clock,0pct,1.0,correlation,std_kernel,correlation::stdkernel,auto,auto,auto,auto,True,1.0,1.0,0.0,0.0,False,auto,auto,auto,auto,True,1.0,1.0,0.0,0.0,0.0,0.0,0.0,0.0,0.604474492263056,99.23972437137331,0.604474492263056,99.23972437137331,0.604474492263056,99.23972437137331
strict_global_hindsight,0pct,1.0,correlation,std_kernel,correlation::stdkernel,auto,auto,auto,auto,True,1.0,1.0,0.0,0.0,False,auto,auto,auto,auto,True,1.0,1.0,0.0,0.0,0.0,0.0,0.0,0.0,0.604474492263056,99.23972437137331,0.604474492263056,99.23972437137331,0.604474492263056,99.23972437137331
strict_loko_global_fixed_clock,0pct,1.0,correlation,std_kernel,correlation::stdkernel,auto,auto,auto,auto,True,1.0,1.0,0.0,0.0,False,auto,auto,auto,auto,True,1.0,1.0,0.0,0.0,0.0,0.0,0.0,0.0,0.604474492263056,99.23972437137331,0.604474492263056,99.23972437137331,0.604474492263056,99.23972437137331
per_kernel_oracle,0pct,1.0,correlation,std_kernel,correlation::stdkernel,auto,auto,auto,auto,True,1.0,1.0,0.0,0.0,False,auto,auto,auto,auto,True,1.0,1.0,0.0,0.0,0.0,0.0,,,0.604474492263056,99.23972437137331,0.604474492263056,99.23972437137331,0.604474492263056,99.23972437137331
best_global_hindsight,0pct,1.0,covariance,covar_kernel,covariance::covarkernel,auto,auto,auto,auto,True,1.0,1.0,0.0,0.0,False,1950,9251,1950.0,9251.0,False,0.9952776953492584,0.9309162704704248,-0.4722304650741638,6.90837295295752,6.90837295295752,0.0690837295295752,0.0,0.0,1348.81175,242987.75,1348.81175,242987.75,1342.44225,226201.24999999997
loko_global_fixed_clock,0pct,1.0,covariance,covar_kernel,covariance::covarkernel,auto,auto,auto,auto,True,1.0,1.0,0.0,0.0,False,1950,9251,1950.0,9251.0,False,0.9952776953492584,0.9309162704704248,-0.4722304650741638,6.90837295295752,6.90837295295752,0.0690837295295752,0.0,0.0,1348.81175,242987.75,1348.81175,242987.75,1342.44225,226201.24999999997
strict_global_hindsight,0pct,1.0,covariance,covar_kernel,covariance::covarkernel,auto,auto,auto,auto,True,1.0,1.0,0.0,0.0,False,1950,9251,1950.0,9251.0,False,0.9952776953492584,0.9309162704704248,-0.4722304650741638,6.90837295295752,6.90837295295752,0.0690837295295752,0.0,0.0,1348.81175,242987.75,1348.81175,242987.75,1342.44225,226201.24999999997
strict_loko_global_fixed_clock,0pct,1.0,covariance,covar_kernel,covariance::covarkernel,auto,auto,auto,auto,True,1.0,1.0,0.0,0.0,False,1950,9251,1950.0,9251.0,False,0.9952776953492584,0.9309162704704248,-0.4722304650741638,6.90837295295752,6.90837295295752,0.0690837295295752,0.0,0.0,1348.81175,242987.75,1348.81175,242987.75,1342.44225,226201.24999999997
per_kernel_oracle,0pct,1.0,covariance,covar_kernel,covariance::covarkernel,1950,9251,1950.0,9251.0,False,0.9952776953492584,0.9309162704704248,-0.4722304650741638,6.90837295295752,False,1950,9251,1950.0,9251.0,False,0.9952776953492584,0.9309162704704248,-0.4722304650741638,6.90837295295752,0.0,0.0,,,1348.81175,242987.75,1342.44225,226201.24999999997,1342.44225,226201.24999999997
best_global_hindsight,0pct,1.0,covariance,mean_kernel,covariance::meankernel,auto,auto,auto,auto,True,1.0,1.0,0.0,0.0,False,1950,9251,1950.0,9251.0,False,0.99768770739218,0.9072724561324588,-0.23122926078199546,9.272754386754123,9.272754386754123,0.09272754386754123,0.0,0.0,0.6037243419463898,104.34581019077515,0.6037243419463898,104.34581019077515,0.6023283546133462,94.67007949891592
loko_global_fixed_clock,0pct,1.0,covariance,mean_kernel,covariance::meankernel,auto,auto,auto,auto,True,1.0,1.0,0.0,0.0,False,1950,9251,1950.0,9251.0,False,0.99768770739218,0.9072724561324588,-0.23122926078199546,9.272754386754123,9.272754386754123,0.09272754386754123,0.0,0.0,0.6037243419463898,104.34581019077515,0.6037243419463898,104.34581019077515,0.6023283546133462,94.67007949891592
strict_global_hindsight,0pct,1.0,covariance,mean_kernel,covariance::meankernel,auto,auto,auto,auto,True,1.0,1.0,0.0,0.0,False,1950,9251,1950.0,9251.0,False,0.99768770739218,0.9072724561324588,-0.23122926078199546,9.272754386754123,9.272754386754123,0.09272754386754123,0.0,0.0,0.6037243419463898,104.34581019077515,0.6037243419463898,104.34581019077515,0.6023283546133462,94.67007949891592
strict_loko_global_fixed_clock,0pct,1.0,covariance,mean_kernel,covariance::meankernel,auto,auto,auto,auto,True,1.0,1.0,0.0,0.0,False,1950,9251,1950.0,9251.0,False,0.99768770739218,0.9072724561324588,-0.23122926078199546,9.272754386754123,9.272754386754123,0.09272754386754123,0.0,0.0,0.6037243419463898,104.34581019077515,0.6037243419463898,104.34581019077515,0.6023283546133462,94.67007949891592
per_kernel_oracle,0pct,1.0,covariance,mean_kernel,covariance::meankernel,1950,9251,1950.0,9251.0,False,0.99768770739218,0.9072724561324588,-0.23122926078199546,9.272754386754123,False,1950,9251,1950.0,9251.0,False,0.99768770739218,0.9072724561324588,-0.23122926078199546,9.272754386754123,0.0,0.0,,,0.6037243419463898,104.34581019077515,0.6023283546133462,94.67007949891592,0.6023283546133462,94.67007949891592
best_global_hindsight,0pct,1.0,covariance,reduce_kernel,covariance::reducekernel,auto,auto,auto,auto,True,1.0,1.0,0.0,0.0,False,1920,9501,1920.0,9501.0,False,0.9990163565896708,0.9936307680302596,-0.09836434103291936,0.6369231969740374,0.6369231969740374,0.006369231969740374,0.0,0.0,0.0462931264350788,15.581790237760163,0.0462931264350788,15.581790237760163,0.0462475905063174,15.482546201232033
loko_global_fixed_clock,0pct,1.0,covariance,reduce_kernel,covariance::reducekernel,auto,auto,auto,auto,True,1.0,1.0,0.0,0.0,False,1920,9501,1920.0,9501.0,False,0.9990163565896708,0.9936307680302596,-0.09836434103291936,0.6369231969740374,0.6369231969740374,0.006369231969740374,0.0,0.0,0.0462931264350788,15.581790237760163,0.0462931264350788,15.581790237760163,0.0462475905063174,15.482546201232033
strict_global_hindsight,0pct,1.0,covariance,reduce_kernel,covariance::reducekernel,auto,auto,auto,auto,True,1.0,1.0,0.0,0.0,False,1920,9501,1920.0,9501.0,False,0.9990163565896708,0.9936307680302596,-0.09836434103291936,0.6369231969740374,0.6369231969740374,0.006369231969740374,0.0,0.0,0.0462931264350788,15.581790237760163,0.0462931264350788,15.581790237760163,0.0462475905063174,15.482546201232033
strict_loko_global_fixed_clock,0pct,1.0,covariance,reduce_kernel,covariance::reducekernel,auto,auto,auto,auto,True,1.0,1.0,0.0,0.0,False,1920,9501,1920.0,9501.0,False,0.9990163565896708,0.9936307680302596,-0.09836434103291936,0.6369231969740374,0.6369231969740374,0.006369231969740374,0.0,0.0,0.0462931264350788,15.581790237760163,0.0462931264350788,15.581790237760163,0.0462475905063174,15.482546201232033
per_kernel_oracle,0pct,1.0,covariance,reduce_kernel,covariance::reducekernel,1920,9501,1920.0,9501.0,False,0.9990163565896708,0.9936307680302596,-0.09836434103291936,0.6369231969740374,False,1920,9501,1920.0,9501.0,False,0.9990163565896708,0.9936307680302596,-0.09836434103291936,0.6369231969740374,0.0,0.0,,,0.0462931264350788,15.581790237760163,0.0462475905063174,15.482546201232033,0.0462475905063174,15.482546201232033
best_global_hindsight,0pct,1.0,doitgen,kernel1,doitgen::kernel1,auto,auto,auto,auto,True,1.0,1.0,0.0,0.0,False,1950,5001,1950.0,5001.0,False,0.9934758966594404,0.8275182399385096,-0.6524103340559639,17.24817600614904,17.24817600614904,0.1724817600614904,0.0,0.0,0.0242435354754874,4.764261228368753,0.0242435354754874,4.764261228368753,0.024085368144704796,3.942513066306992
loko_global_fixed_clock,0pct,1.0,doitgen,kernel1,doitgen::kernel1,auto,auto,auto,auto,True,1.0,1.0,0.0,0.0,False,1950,5001,1950.0,5001.0,False,0.9934758966594404,0.8275182399385096,-0.6524103340559639,17.24817600614904,17.24817600614904,0.1724817600614904,0.0,0.0,0.0242435354754874,4.764261228368753,0.0242435354754874,4.764261228368753,0.024085368144704796,3.942513066306992
strict_global_hindsight,0pct,1.0,doitgen,kernel1,doitgen::kernel1,auto,auto,auto,auto,True,1.0,1.0,0.0,0.0,False,1950,5001,1950.0,5001.0,False,0.9934758966594404,0.8275182399385096,-0.6524103340559639,17.24817600614904,17.24817600614904,0.1724817600614904,0.0,0.0,0.0242435354754874,4.764261228368753,0.0242435354754874,4.764261228368753,0.024085368144704796,3.942513066306992
strict_loko_global_fixed_clock,0pct,1.0,doitgen,kernel1,doitgen::kernel1,auto,auto,auto,auto,True,1.0,1.0,0.0,0.0,False,1950,5001,1950.0,5001.0,False,0.9934758966594404,0.8275182399385096,-0.6524103340559639,17.24817600614904,17.24817600614904,0.1724817600614904,0.0,0.0,0.0242435354754874,4.764261228368753,0.0242435354754874,4.764261228368753,0.024085368144704796,3.942513066306992
per_kernel_oracle,0pct,1.0,doitgen,kernel1,doitgen::kernel1,1950,5001,1950.0,5001.0,False,0.9934758966594404,0.8275182399385096,-0.6524103340559639,17.24817600614904,False,1950,5001,1950.0,5001.0,False,0.9934758966594404,0.8275182399385096,-0.6524103340559639,17.24817600614904,0.0,0.0,,,0.0242435354754874,4.764261228368753,0.024085368144704796,3.942513066306992,0.024085368144704796,3.942513066306992
best_global_hindsight,0pct,1.0,doitgen,kernel2,doitgen::kernel2,auto,auto,auto,auto,True,1.0,1.0,0.0,0.0,False,1965,810,1965.0,810.0,False,0.917287691282395,0.7303322329600962,-8.271230871760505,26.96677670399038,26.96677670399038,0.2696677670399038,0.0,0.0,0.0062991934528833,0.6842749768820062,0.0062991934528833,0.6842749768820062,0.0057781726193365,0.4997480718249538
loko_global_fixed_clock,0pct,1.0,doitgen,kernel2,doitgen::kernel2,auto,auto,auto,auto,True,1.0,1.0,0.0,0.0,False,1965,810,1965.0,810.0,False,0.917287691282395,0.7303322329600962,-8.271230871760505,26.96677670399038,26.96677670399038,0.2696677670399038,0.0,0.0,0.0062991934528833,0.6842749768820062,0.0062991934528833,0.6842749768820062,0.0057781726193365,0.4997480718249538
strict_global_hindsight,0pct,1.0,doitgen,kernel2,doitgen::kernel2,auto,auto,auto,auto,True,1.0,1.0,0.0,0.0,False,1965,810,1965.0,810.0,False,0.917287691282395,0.7303322329600962,-8.271230871760505,26.96677670399038,26.96677670399038,0.2696677670399038,0.0,0.0,0.0062991934528833,0.6842749768820062,0.0062991934528833,0.6842749768820062,0.0057781726193365,0.4997480718249538
strict_loko_global_fixed_clock,0pct,1.0,doitgen,kernel2,doitgen::kernel2,auto,auto,auto,auto,True,1.0,1.0,0.0,0.0,False,1965,810,1965.0,810.0,False,0.917287691282395,0.7303322329600962,-8.271230871760505,26.96677670399038,26.96677670399038,0.2696677670399038,0.0,0.0,0.0062991934528833,0.6842749768820062,0.0062991934528833,0.6842749768820062,0.0057781726193365,0.4997480718249538
per_kernel_oracle,0pct,1.0,doitgen,kernel2,doitgen::kernel2,1965,810,1965.0,810.0,False,0.917287691282395,0.7303322329600962,-8.271230871760505,26.96677670399038,False,1965,810,1965.0,810.0,False,0.917287691282395,0.7303322329600962,-8.271230871760505,26.96677670399038,0.0,0.0,,,0.0062991934528833,0.6842749768820062,0.0057781726193365,0.4997480718249538,0.0057781726193365,0.4997480718249538
best_global_hindsight,0pct,1.0,euler3d,compute_flux,euler3d::computeflux,auto,auto,auto,auto,True,1.0,1.0,0.0,0.0,False,1890,9251,1890.0,9251.0,False,0.9754070658041488,0.9509094933368708,-2.459293419585118,4.90905066631292,4.90905066631292,0.049090506663129196,0.0,0.0,0.0256531047822317,8.83643649087523,0.0256531047822317,8.83643649087523,0.025022219664403,8.402651346441601
loko_global_fixed_clock,0pct,1.0,euler3d,compute_flux,euler3d::computeflux,auto,auto,auto,auto,True,1.0,1.0,0.0,0.0,False,1890,9251,1890.0,9251.0,False,0.9754070658041488,0.9509094933368708,-2.459293419585118,4.90905066631292,4.90905066631292,0.049090506663129196,0.0,0.0,0.0256531047822317,8.83643649087523,0.0256531047822317,8.83643649087523,0.025022219664403,8.402651346441601
strict_global_hindsight,0pct,1.0,euler3d,compute_flux,euler3d::computeflux,auto,auto,auto,auto,True,1.0,1.0,0.0,0.0,False,1890,9251,1890.0,9251.0,False,0.9754070658041488,0.9509094933368708,-2.459293419585118,4.90905066631292,4.90905066631292,0.049090506663129196,0.0,0.0,0.0256531047822317,8.83643649087523,0.0256531047822317,8.83643649087523,0.025022219664403,8.402651346441601
strict_loko_global_fixed_clock,0pct,1.0,euler3d,compute_flux,euler3d::computeflux,auto,auto,auto,auto,True,1.0,1.0,0.0,0.0,False,1890,9251,1890.0,9251.0,False,0.9754070658041488,0.9509094933368708,-2.459293419585118,4.90905066631292,4.90905066631292,0.049090506663129196,0.0,0.0,0.0256531047822317,8.83643649087523,0.0256531047822317,8.83643649087523,0.025022219664403,8.402651346441601
per_kernel_oracle,0pct,1.0,euler3d,compute_flux,euler3d::computeflux,1890,9251,1890.0,9251.0,False,0.9754070658041488,0.9509094933368708,-2.459293419585118,4.90905066631292,False,1890,9251,1890.0,9251.0,False,0.9754070658041488,0.9509094933368708,-2.459293419585118,4.90905066631292,0.0,0.0,,,0.0256531047822317,8.83643649087523,0.025022219664403,8.402651346441601,0.025022219664403,8.402651346441601
best_global_hindsight,0pct,1.0,euler3d,compute_step_factor,euler3d::computestepfactor,auto,auto,auto,auto,True,1.0,1.0,0.0,0.0,False,1965,5001,1965.0,5001.0,False,0.9990506353434307,0.8757008175699922,-0.09493646565692515,12.429918243000781,12.429918243000781,0.12429918243000782,0.0,0.0,0.0072604597604343,1.4915873221009406,0.0072604597604343,1.4915873221009406,0.0072535669365473,1.306184237440829
loko_global_fixed_clock,0pct,1.0,euler3d,compute_step_factor,euler3d::computestepfactor,auto,auto,auto,auto,True,1.0,1.0,0.0,0.0,False,1965,5001,1965.0,5001.0,False,0.9990506353434307,0.8757008175699922,-0.09493646565692515,12.429918243000781,12.429918243000781,0.12429918243000782,0.0,0.0,0.0072604597604343,1.4915873221009406,0.0072604597604343,1.4915873221009406,0.0072535669365473,1.306184237440829
strict_global_hindsight,0pct,1.0,euler3d,compute_step_factor,euler3d::computestepfactor,auto,auto,auto,auto,True,1.0,1.0,0.0,0.0,False,1965,5001,1965.0,5001.0,False,0.9990506353434307,0.8757008175699922,-0.09493646565692515,12.429918243000781,12.429918243000781,0.12429918243000782,0.0,0.0,0.0072604597604343,1.4915873221009406,0.0072604597604343,1.4915873221009406,0.0072535669365473,1.306184237440829
strict_loko_global_fixed_clock,0pct,1.0,euler3d,compute_step_factor,euler3d::computestepfactor,auto,auto,auto,auto,True,1.0,1.0,0.0,0.0,False,1965,5001,1965.0,5001.0,False,0.9990506353434307,0.8757008175699922,-0.09493646565692515,12.429918243000781,12.429918243000781,0.12429918243000782,0.0,0.0,0.0072604597604343,1.4915873221009406,0.0072604597604343,1.4915873221009406,0.0072535669365473,1.306184237440829
per_kernel_oracle,0pct,1.0,euler3d,compute_step_factor,euler3d::computestepfactor,1965,5001,1965.0,5001.0,False,0.9990506353434307,0.8757008175699922,-0.09493646565692515,12.429918243000781,False,1965,5001,1965.0,5001.0,False,0.9990506353434307,0.8757008175699922,-0.09493646565692515,12.429918243000781,0.0,0.0,,,0.0072604597604343,1.4915873221009406,0.0072535669365473,1.306184237440829,0.0072535669365473,1.306184237440829
best_global_hindsight,0pct,1.0,euler3d,time_step,euler3d::timestep,auto,auto,auto,auto,True,1.0,1.0,0.0,0.0,False,1890,9251,1890.0,9251.0,False,0.9760249467619264,0.8520485544594156,-2.3975053238073585,14.795144554058437,14.795144554058437,0.14795144554058437,0.0,0.0,0.0088314572408104,2.095693965829387,0.0088314572408104,2.095693965829387,0.0086197225832922,1.7856330141742491
loko_global_fixed_clock,0pct,1.0,euler3d,time_step,euler3d::timestep,auto,auto,auto,auto,True,1.0,1.0,0.0,0.0,False,1890,9251,1890.0,9251.0,False,0.9760249467619264,0.8520485544594156,-2.3975053238073585,14.795144554058437,14.795144554058437,0.14795144554058437,0.0,0.0,0.0088314572408104,2.095693965829387,0.0088314572408104,2.095693965829387,0.0086197225832922,1.7856330141742491
strict_global_hindsight,0pct,1.0,euler3d,time_step,euler3d::timestep,auto,auto,auto,auto,True,1.0,1.0,0.0,0.0,False,1890,9251,1890.0,9251.0,False,0.9760249467619264,0.8520485544594156,-2.3975053238073585,14.795144554058437,14.795144554058437,0.14795144554058437,0.0,0.0,0.0088314572408104,2.095693965829387,0.0088314572408104,2.095693965829387,0.0086197225832922,1.7856330141742491
strict_loko_global_fixed_clock,0pct,1.0,euler3d,time_step,euler3d::timestep,auto,auto,auto,auto,True,1.0,1.0,0.0,0.0,False,1890,9251,1890.0,9251.0,False,0.9760249467619264,0.8520485544594156,-2.3975053238073585,14.795144554058437,14.795144554058437,0.14795144554058437,0.0,0.0,0.0088314572408104,2.095693965829387,0.0088314572408104,2.095693965829387,0.0086197225832922,1.7856330141742491
per_kernel_oracle,0pct,1.0,euler3d,time_step,euler3d::timestep,1890,9251,1890.0,9251.0,False,0.9760249467619264,0.8520485544594156,-2.3975053238073585,14.795144554058437,False,1890,9251,1890.0,9251.0,False,0.9760249467619264,0.8520485544594156,-2.3975053238073585,14.795144554058437,0.0,0.0,,,0.0088314572408104,2.095693965829387,0.0086197225832922,1.7856330141742491,0.0086197225832922,1.7856330141742491
best_global_hindsight,0pct,1.0,fdtd2d,step1,fdtd2d::step1,auto,auto,auto,auto,True,1.0,1.0,0.0,0.0,False,1470,9251,1470.0,9251.0,False,0.9995712356562504,0.6476384757652949,-0.042876434374961025,35.236152423470514,35.236152423470514,0.3523615242347051,0.0,0.0,0.0677983972664036,22.852255623805068,0.0677983972664036,22.852255623805068,0.0677693277310924,14.800000000000002
loko_global_fixed_clock,0pct,1.0,fdtd2d,step1,fdtd2d::step1,auto,auto,auto,auto,True,1.0,1.0,0.0,0.0,False,1470,9251,1470.0,9251.0,False,0.9995712356562504,0.6476384757652949,-0.042876434374961025,35.236152423470514,35.236152423470514,0.3523615242347051,0.0,0.0,0.0677983972664036,22.852255623805068,0.0677983972664036,22.852255623805068,0.0677693277310924,14.800000000000002
strict_global_hindsight,0pct,1.0,fdtd2d,step1,fdtd2d::step1,auto,auto,auto,auto,True,1.0,1.0,0.0,0.0,False,1470,9251,1470.0,9251.0,False,0.9995712356562504,0.6476384757652949,-0.042876434374961025,35.236152423470514,35.236152423470514,0.3523615242347051,0.0,0.0,0.0677983972664036,22.852255623805068,0.0677983972664036,22.852255623805068,0.0677693277310924,14.800000000000002
strict_loko_global_fixed_clock,0pct,1.0,fdtd2d,step1,fdtd2d::step1,auto,auto,auto,auto,True,1.0,1.0,0.0,0.0,False,1470,9251,1470.0,9251.0,False,0.9995712356562504,0.6476384757652949,-0.042876434374961025,35.236152423470514,35.236152423470514,0.3523615242347051,0.0,0.0,0.0677983972664036,22.852255623805068,0.0677983972664036,22.852255623805068,0.0677693277310924,14.800000000000002
per_kernel_oracle,0pct,1.0,fdtd2d,step1,fdtd2d::step1,1470,9251,1470.0,9251.0,False,0.9995712356562504,0.6476384757652949,-0.042876434374961025,35.236152423470514,False,1470,9251,1470.0,9251.0,False,0.9995712356562504,0.6476384757652949,-0.042876434374961025,35.236152423470514,0.0,0.0,,,0.0677983972664036,22.852255623805068,0.0677693277310924,14.800000000000002,0.0677693277310924,14.800000000000002
best_global_hindsight,0pct,1.0,fdtd2d,step2,fdtd2d::step2,auto,auto,auto,auto,True,1.0,1.0,0.0,0.0,False,1470,9501,1470.0,9501.0,False,0.9999725404414166,0.6543572576225635,-0.0027459558583409205,34.56427423774365,34.56427423774365,0.34564274237743653,0.0,0.0,0.067651138562286,22.77645482958773,0.067651138562286,22.77645482958773,0.0676492808918834,14.903938520653218
loko_global_fixed_clock,0pct,1.0,fdtd2d,step2,fdtd2d::step2,auto,auto,auto,auto,True,1.0,1.0,0.0,0.0,False,1470,9501,1470.0,9501.0,False,0.9999725404414166,0.6543572576225635,-0.0027459558583409205,34.56427423774365,34.56427423774365,0.34564274237743653,0.0,0.0,0.067651138562286,22.77645482958773,0.067651138562286,22.77645482958773,0.0676492808918834,14.903938520653218
strict_global_hindsight,0pct,1.0,fdtd2d,step2,fdtd2d::step2,auto,auto,auto,auto,True,1.0,1.0,0.0,0.0,False,1470,9501,1470.0,9501.0,False,0.9999725404414166,0.6543572576225635,-0.0027459558583409205,34.56427423774365,34.56427423774365,0.34564274237743653,0.0,0.0,0.067651138562286,22.77645482958773,0.067651138562286,22.77645482958773,0.0676492808918834,14.903938520653218
strict_loko_global_fixed_clock,0pct,1.0,fdtd2d,step2,fdtd2d::step2,auto,auto,auto,auto,True,1.0,1.0,0.0,0.0,False,1470,9501,1470.0,9501.0,False,0.9999725404414166,0.6543572576225635,-0.0027459558583409205,34.56427423774365,34.56427423774365,0.34564274237743653,0.0,0.0,0.067651138562286,22.77645482958773,0.067651138562286,22.77645482958773,0.0676492808918834,14.903938520653218
per_kernel_oracle,0pct,1.0,fdtd2d,step2,fdtd2d::step2,1470,9501,1470.0,9501.0,False,0.9999725404414166,0.6543572576225635,-0.0027459558583409205,34.56427423774365,False,1470,9501,1470.0,9501.0,False,0.9999725404414166,0.6543572576225635,-0.0027459558583409205,34.56427423774365,0.0,0.0,,,0.067651138562286,22.77645482958773,0.0676492808918834,14.903938520653218,0.0676492808918834,14.903938520653218
best_global_hindsight,0pct,1.0,fdtd2d,step3,fdtd2d::step3,auto,auto,auto,auto,True,1.0,1.0,0.0,0.0,False,1050,9501,1050.0,9501.0,False,0.9950854145257928,0.641995670930754,-0.49145854742072004,35.8004329069246,35.8004329069246,0.35800432906924595,0.0,0.0,0.0867349905459087,29.282460492306623,0.0867349905459087,29.282460492306623,0.08630872402126628,18.799212870261687
loko_global_fixed_clock,0pct,1.0,fdtd2d,step3,fdtd2d::step3,auto,auto,auto,auto,True,1.0,1.0,0.0,0.0,False,1050,9501,1050.0,9501.0,False,0.9950854145257928,0.641995670930754,-0.49145854742072004,35.8004329069246,35.8004329069246,0.35800432906924595,0.0,0.0,0.0867349905459087,29.282460492306623,0.0867349905459087,29.282460492306623,0.08630872402126628,18.799212870261687
strict_global_hindsight,0pct,1.0,fdtd2d,step3,fdtd2d::step3,auto,auto,auto,auto,True,1.0,1.0,0.0,0.0,False,1050,9501,1050.0,9501.0,False,0.9950854145257928,0.641995670930754,-0.49145854742072004,35.8004329069246,35.8004329069246,0.35800432906924595,0.0,0.0,0.0867349905459087,29.282460492306623,0.0867349905459087,29.282460492306623,0.08630872402126628,18.799212870261687
strict_loko_global_fixed_clock,0pct,1.0,fdtd2d,step3,fdtd2d::step3,auto,auto,auto,auto,True,1.0,1.0,0.0,0.0,False,1050,9501,1050.0,9501.0,False,0.9950854145257928,0.641995670930754,-0.49145854742072004,35.8004329069246,35.8004329069246,0.35800432906924595,0.0,0.0,0.0867349905459087,29.282460492306623,0.0867349905459087,29.282460492306623,0.08630872402126628,18.799212870261687
per_kernel_oracle,0pct,1.0,fdtd2d,step3,fdtd2d::step3,1050,9501,1050.0,9501.0,False,0.9950854145257928,0.641995670930754,-0.49145854742072004,35.8004329069246,False,1050,9501,1050.0,9501.0,False,0.9950854145257928,0.641995670930754,-0.49145854742072004,35.8004329069246,0.0,0.0,,,0.0867349905459087,29.282460492306623,0.08630872402126628,18.799212870261687,0.08630872402126628,18.799212870261687
best_global_hindsight,0pct,1.0,gemm,gemm_kernel,gemm::gemmkernel,auto,auto,auto,auto,True,1.0,1.0,0.0,0.0,False,1935,810,1935.0,810.0,False,0.9892339592827396,0.7808691454436653,-1.0766040717260394,21.913085455633475,21.913085455633475,0.21913085455633474,0.0,0.0,0.3255344401041666,103.93723958333334,0.3255344401041666,103.93723958333334,0.32202972306713457,81.161383453211
loko_global_fixed_clock,0pct,1.0,gemm,gemm_kernel,gemm::gemmkernel,auto,auto,auto,auto,True,1.0,1.0,0.0,0.0,False,1935,810,1935.0,810.0,False,0.9892339592827396,0.7808691454436653,-1.0766040717260394,21.913085455633475,21.913085455633475,0.21913085455633474,0.0,0.0,0.3255344401041666,103.93723958333334,0.3255344401041666,103.93723958333334,0.32202972306713457,81.161383453211
strict_global_hindsight,0pct,1.0,gemm,gemm_kernel,gemm::gemmkernel,auto,auto,auto,auto,True,1.0,1.0,0.0,0.0,False,1935,810,1935.0,810.0,False,0.9892339592827396,0.7808691454436653,-1.0766040717260394,21.913085455633475,21.913085455633475,0.21913085455633474,0.0,0.0,0.3255344401041666,103.93723958333334,0.3255344401041666,103.93723958333334,0.32202972306713457,81.161383453211
strict_loko_global_fixed_clock,0pct,1.0,gemm,gemm_kernel,gemm::gemmkernel,auto,auto,auto,auto,True,1.0,1.0,0.0,0.0,False,1935,810,1935.0,810.0,False,0.9892339592827396,0.7808691454436653,-1.0766040717260394,21.913085455633475,21.913085455633475,0.21913085455633474,0.0,0.0,0.3255344401041666,103.93723958333334,0.3255344401041666,103.93723958333334,0.32202972306713457,81.161383453211
per_kernel_oracle,0pct,1.0,gemm,gemm_kernel,gemm::gemmkernel,1935,810,1935.0,810.0,False,0.9892339592827396,0.7808691454436653,-1.0766040717260394,21.913085455633475,False,1935,810,1935.0,810.0,False,0.9892339592827396,0.7808691454436653,-1.0766040717260394,21.913085455633475,0.0,0.0,,,0.3255344401041666,103.93723958333334,0.32202972306713457,81.161383453211,0.32202972306713457,81.161383453211
best_global_hindsight,0pct,1.0,gemver,gemver_kernel1,gemver::gemverkernel1,auto,auto,auto,auto,True,1.0,1.0,0.0,0.0,False,auto,auto,auto,auto,True,1.0,1.0,0.0,0.0,0.0,0.0,0.0,0.0,0.1792517209235623,60.94808547253693,0.1792517209235623,60.94808547253693,0.1792517209235623,60.94808547253693
loko_global_fixed_clock,0pct,1.0,gemver,gemver_kernel1,gemver::gemverkernel1,auto,auto,auto,auto,True,1.0,1.0,0.0,0.0,False,auto,auto,auto,auto,True,1.0,1.0,0.0,0.0,0.0,0.0,0.0,0.0,0.1792517209235623,60.94808547253693,0.1792517209235623,60.94808547253693,0.1792517209235623,60.94808547253693
strict_global_hindsight,0pct,1.0,gemver,gemver_kernel1,gemver::gemverkernel1,auto,auto,auto,auto,True,1.0,1.0,0.0,0.0,False,auto,auto,auto,auto,True,1.0,1.0,0.0,0.0,0.0,0.0,0.0,0.0,0.1792517209235623,60.94808547253693,0.1792517209235623,60.94808547253693,0.1792517209235623,60.94808547253693
strict_loko_global_fixed_clock,0pct,1.0,gemver,gemver_kernel1,gemver::gemverkernel1,auto,auto,auto,auto,True,1.0,1.0,0.0,0.0,False,auto,auto,auto,auto,True,1.0,1.0,0.0,0.0,0.0,0.0,0.0,0.0,0.1792517209235623,60.94808547253693,0.1792517209235623,60.94808547253693,0.1792517209235623,60.94808547253693
per_kernel_oracle,0pct,1.0,gemver,gemver_kernel1,gemver::gemverkernel1,auto,auto,auto,auto,True,1.0,1.0,0.0,0.0,False,auto,auto,auto,auto,True,1.0,1.0,0.0,0.0,0.0,0.0,,,0.1792517209235623,60.94808547253693,0.1792517209235623,60.94808547253693,0.1792517209235623,60.94808547253693
best_global_hindsight,0pct,1.0,gemver,gemver_kernel2,gemver::gemverkernel2,auto,auto,auto,auto,True,1.0,1.0,0.0,0.0,False,1965,9501,1965.0,9501.0,False,0.9996347638205032,0.9997205438885672,-0.03652361794967973,0.027945611143276317,0.027945611143276317,0.00027945611143276317,0.0,0.0,1.1949811230585423,212.01003584229392,1.1949811230585423,212.01003584229392,1.1945446727185856,211.95078834209272
loko_global_fixed_clock,0pct,1.0,gemver,gemver_kernel2,gemver::gemverkernel2,auto,auto,auto,auto,True,1.0,1.0,0.0,0.0,False,1965,9501,1965.0,9501.0,False,0.9996347638205032,0.9997205438885672,-0.03652361794967973,0.027945611143276317,0.027945611143276317,0.00027945611143276317,0.0,0.0,1.1949811230585423,212.01003584229392,1.1949811230585423,212.01003584229392,1.1945446727185856,211.95078834209272
strict_global_hindsight,0pct,1.0,gemver,gemver_kernel2,gemver::gemverkernel2,auto,auto,auto,auto,True,1.0,1.0,0.0,0.0,False,1965,9501,1965.0,9501.0,False,0.9996347638205032,0.9997205438885672,-0.03652361794967973,0.027945611143276317,0.027945611143276317,0.00027945611143276317,0.0,0.0,1.1949811230585423,212.01003584229392,1.1949811230585423,212.01003584229392,1.1945446727185856,211.95078834209272
strict_loko_global_fixed_clock,0pct,1.0,gemver,gemver_kernel2,gemver::gemverkernel2,auto,auto,auto,auto,True,1.0,1.0,0.0,0.0,False,1965,9501,1965.0,9501.0,False,0.9996347638205032,0.9997205438885672,-0.03652361794967973,0.027945611143276317,0.027945611143276317,0.00027945611143276317,0.0,0.0,1.1949811230585423,212.01003584229392,1.1949811230585423,212.01003584229392,1.1945446727185856,211.95078834209272
per_kernel_oracle,0pct,1.0,gemver,gemver_kernel2,gemver::gemverkernel2,1965,9501,1965.0,9501.0,False,0.9996347638205032,0.9997205438885672,-0.03652361794967973,0.027945611143276317,False,1965,9501,1965.0,9501.0,False,0.9996347638205032,0.9997205438885672,-0.03652361794967973,0.027945611143276317,0.0,0.0,,,1.1949811230585423,212.01003584229392,1.1945446727185856,211.95078834209272,1.1945446727185856,211.95078834209272
best_global_hindsight,0pct,1.0,gemver,gemver_kernel3,gemver::gemverkernel3,auto,auto,auto,auto,True,1.0,1.0,0.0,0.0,False,1950,5001,1950.0,5001.0,False,0.9963833076172568,0.8538482750416868,-0.3616692382743203,14.615172495831318,14.615172495831318,0.1461517249583132,0.0,0.0,0.6776776904310111,142.11371645432365,0.6776776904310111,142.11371645432365,0.6752267386900743,121.34355165428764
loko_global_fixed_clock,0pct,1.0,gemver,gemver_kernel3,gemver::gemverkernel3,auto,auto,auto,auto,True,1.0,1.0,0.0,0.0,False,1950,5001,1950.0,5001.0,False,0.9963833076172568,0.8538482750416868,-0.3616692382743203,14.615172495831318,14.615172495831318,0.1461517249583132,0.0,0.0,0.6776776904310111,142.11371645432365,0.6776776904310111,142.11371645432365,0.6752267386900743,121.34355165428764
strict_global_hindsight,0pct,1.0,gemver,gemver_kernel3,gemver::gemverkernel3,auto,auto,auto,auto,True,1.0,1.0,0.0,0.0,False,1950,5001,1950.0,5001.0,False,0.9963833076172568,0.8538482750416868,-0.3616692382743203,14.615172495831318,14.615172495831318,0.1461517249583132,0.0,0.0,0.6776776904310111,142.11371645432365,0.6776776904310111,142.11371645432365,0.6752267386900743,121.34355165428764
strict_loko_global_fixed_clock,0pct,1.0,gemver,gemver_kernel3,gemver::gemverkernel3,auto,auto,auto,auto,True,1.0,1.0,0.0,0.0,False,1950,5001,1950.0,5001.0,False,0.9963833076172568,0.8538482750416868,-0.3616692382743203,14.615172495831318,14.615172495831318,0.1461517249583132,0.0,0.0,0.6776776904310111,142.11371645432365,0.6776776904310111,142.11371645432365,0.6752267386900743,121.34355165428764
per_kernel_oracle,0pct,1.0,gemver,gemver_kernel3,gemver::gemverkernel3,1950,5001,1950.0,5001.0,False,0.9963833076172568,0.8538482750416868,-0.3616692382743203,14.615172495831318,False,1950,5001,1950.0,5001.0,False,0.9963833076172568,0.8538482750416868,-0.3616692382743203,14.615172495831318,0.0,0.0,,,0.6776776904310111,142.11371645432365,0.6752267386900743,121.34355165428764,0.6752267386900743,121.34355165428764
best_global_hindsight,0pct,1.0,gesummv,gesummv_kernel,gesummv::gesummvkernel,auto,auto,auto,auto,True,1.0,1.0,0.0,0.0,False,1935,5001,1935.0,5001.0,False,0.9961749388845896,0.8129868625901592,-0.38250611154103664,18.701313740984084,18.701313740984084,0.18701313740984082,0.0,0.0,1.413187623622492,303.2195535461995,1.413187623622492,303.2195535461995,1.4077820945945945,246.51351351351352
loko_global_fixed_clock,0pct,1.0,gesummv,gesummv_kernel,gesummv::gesummvkernel,auto,auto,auto,auto,True,1.0,1.0,0.0,0.0,False,1935,5001,1935.0,5001.0,False,0.9961749388845896,0.8129868625901592,-0.38250611154103664,18.701313740984084,18.701313740984084,0.18701313740984082,0.0,0.0,1.413187623622492,303.2195535461995,1.413187623622492,303.2195535461995,1.4077820945945945,246.51351351351352
strict_global_hindsight,0pct,1.0,gesummv,gesummv_kernel,gesummv::gesummvkernel,auto,auto,auto,auto,True,1.0,1.0,0.0,0.0,False,1935,5001,1935.0,5001.0,False,0.9961749388845896,0.8129868625901592,-0.38250611154103664,18.701313740984084,18.701313740984084,0.18701313740984082,0.0,0.0,1.413187623622492,303.2195535461995,1.413187623622492,303.2195535461995,1.4077820945945945,246.51351351351352
strict_loko_global_fixed_clock,0pct,1.0,gesummv,gesummv_kernel,gesummv::gesummvkernel,auto,auto,auto,auto,True,1.0,1.0,0.0,0.0,False,1935,5001,1935.0,5001.0,False,0.9961749388845896,0.8129868625901592,-0.38250611154103664,18.701313740984084,18.701313740984084,0.18701313740984082,0.0,0.0,1.413187623622492,303.2195535461995,1.413187623622492,303.2195535461995,1.4077820945945945,246.51351351351352
per_kernel_oracle,0pct,1.0,gesummv,gesummv_kernel,gesummv::gesummvkernel,1935,5001,1935.0,5001.0,False,0.9961749388845896,0.8129868625901592,-0.38250611154103664,18.701313740984084,False,1935,5001,1935.0,5001.0,False,0.9961749388845896,0.8129868625901592,-0.38250611154103664,18.701313740984084,0.0,0.0,,,1.413187623622492,303.2195535461995,1.4077820945945945,246.51351351351352,1.4077820945945945,246.51351351351352
best_global_hindsight,0pct,1.0,gramschmidt,kernel1,gramschmidt::kernel1,auto,auto,auto,auto,True,1.0,1.0,0.0,0.0,False,1950,810,1950.0,810.0,False,0.9982694319824744,0.5477261324810895,-0.173056801752558,45.22738675189105,45.22738675189105,0.4522738675189105,0.0,0.0,0.0796207363291824,12.213621452912513,0.0796207363291824,12.213621452912513,0.07948294722935928,6.689719641991836
loko_global_fixed_clock,0pct,1.0,gramschmidt,kernel1,gramschmidt::kernel1,auto,auto,auto,auto,True,1.0,1.0,0.0,0.0,False,1950,810,1950.0,810.0,False,0.9982694319824744,0.5477261324810895,-0.173056801752558,45.22738675189105,45.22738675189105,0.4522738675189105,0.0,0.0,0.0796207363291824,12.213621452912513,0.0796207363291824,12.213621452912513,0.07948294722935928,6.689719641991836
strict_global_hindsight,0pct,1.0,gramschmidt,kernel1,gramschmidt::kernel1,auto,auto,auto,auto,True,1.0,1.0,0.0,0.0,False,1950,810,1950.0,810.0,False,0.9982694319824744,0.5477261324810895,-0.173056801752558,45.22738675189105,45.22738675189105,0.4522738675189105,0.0,0.0,0.0796207363291824,12.213621452912513,0.0796207363291824,12.213621452912513,0.07948294722935928,6.689719641991836
strict_loko_global_fixed_clock,0pct,1.0,gramschmidt,kernel1,gramschmidt::kernel1,auto,auto,auto,auto,True,1.0,1.0,0.0,0.0,False,1950,810,1950.0,810.0,False,0.9982694319824744,0.5477261324810895,-0.173056801752558,45.22738675189105,45.22738675189105,0.4522738675189105,0.0,0.0,0.0796207363291824,12.213621452912513,0.0796207363291824,12.213621452912513,0.07948294722935928,6.689719641991836
per_kernel_oracle,0pct,1.0,gramschmidt,kernel1,gramschmidt::kernel1,1950,810,1950.0,810.0,False,0.9982694319824744,0.5477261324810895,-0.173056801752558,45.22738675189105,False,1950,810,1950.0,810.0,False,0.9982694319824744,0.5477261324810895,-0.173056801752558,45.22738675189105,0.0,0.0,,,0.0796207363291824,12.213621452912513,0.07948294722935928,6.689719641991836,0.07948294722935928,6.689719641991836
best_global_hindsight,0pct,1.0,gramschmidt,kernel2,gramschmidt::kernel2,auto,auto,auto,auto,True,1.0,1.0,0.0,0.0,False,1890,810,1890.0,810.0,False,0.9857399485895656,0.6479672443109288,-1.4260051410434404,35.203275568907124,35.203275568907124,0.3520327556890712,0.0,0.0,0.0068690622239501,0.7647887149798805,0.0068690622239501,0.7647887149798805,0.006771109043495099,0.49555803612560956
loko_global_fixed_clock,0pct,1.0,gramschmidt,kernel2,gramschmidt::kernel2,auto,auto,auto,auto,True,1.0,1.0,0.0,0.0,False,1890,810,1890.0,810.0,False,0.9857399485895656,0.6479672443109288,-1.4260051410434404,35.203275568907124,35.203275568907124,0.3520327556890712,0.0,0.0,0.0068690622239501,0.7647887149798805,0.0068690622239501,0.7647887149798805,0.006771109043495099,0.49555803612560956
strict_global_hindsight,0pct,1.0,gramschmidt,kernel2,gramschmidt::kernel2,auto,auto,auto,auto,True,1.0,1.0,0.0,0.0,False,1890,810,1890.0,810.0,False,0.9857399485895656,0.6479672443109288,-1.4260051410434404,35.203275568907124,35.203275568907124,0.3520327556890712,0.0,0.0,0.0068690622239501,0.7647887149798805,0.0068690622239501,0.7647887149798805,0.006771109043495099,0.49555803612560956
strict_loko_global_fixed_clock,0pct,1.0,gramschmidt,kernel2,gramschmidt::kernel2,auto,auto,auto,auto,True,1.0,1.0,0.0,0.0,False,1890,810,1890.0,810.0,False,0.9857399485895656,0.6479672443109288,-1.4260051410434404,35.203275568907124,35.203275568907124,0.3520327556890712,0.0,0.0,0.0068690622239501,0.7647887149798805,0.0068690622239501,0.7647887149798805,0.006771109043495099,0.49555803612560956
per_kernel_oracle,0pct,1.0,gramschmidt,kernel2,gramschmidt::kernel2,1890,810,1890.0,810.0,False,0.9857399485895656,0.6479672443109288,-1.4260051410434404,35.203275568907124,False,1890,810,1890.0,810.0,False,0.9857399485895656,0.6479672443109288,-1.4260051410434404,35.203275568907124,0.0,0.0,,,0.0068690622239501,0.7647887149798805,0.006771109043495099,0.49555803612560956,0.006771109043495099,0.49555803612560956
best_global_hindsight,0pct,1.0,gramschmidt,kernel3,gramschmidt::kernel3,auto,auto,auto,auto,True,1.0,1.0,0.0,0.0,False,1950,9251,1950.0,9251.0,False,0.9988034512793974,0.9947407362882916,-0.11965487206025971,0.5259263711708373,0.5259263711708373,0.005259263711708373,0.0,0.0,1.1533431734317343,177.33694649446494,1.1533431734317343,177.33694649446494,1.1519631421331489,176.40428472702143
loko_global_fixed_clock,0pct,1.0,gramschmidt,kernel3,gramschmidt::kernel3,auto,auto,auto,auto,True,1.0,1.0,0.0,0.0,False,1950,9251,1950.0,9251.0,False,0.9988034512793974,0.9947407362882916,-0.11965487206025971,0.5259263711708373,0.5259263711708373,0.005259263711708373,0.0,0.0,1.1533431734317343,177.33694649446494,1.1533431734317343,177.33694649446494,1.1519631421331489,176.40428472702143
strict_global_hindsight,0pct,1.0,gramschmidt,kernel3,gramschmidt::kernel3,auto,auto,auto,auto,True,1.0,1.0,0.0,0.0,False,1950,9251,1950.0,9251.0,False,0.9988034512793974,0.9947407362882916,-0.11965487206025971,0.5259263711708373,0.5259263711708373,0.005259263711708373,0.0,0.0,1.1533431734317343,177.33694649446494,1.1533431734317343,177.33694649446494,1.1519631421331489,176.40428472702143
strict_loko_global_fixed_clock,0pct,1.0,gramschmidt,kernel3,gramschmidt::kernel3,auto,auto,auto,auto,True,1.0,1.0,0.0,0.0,False,1950,9251,1950.0,9251.0,False,0.9988034512793974,0.9947407362882916,-0.11965487206025971,0.5259263711708373,0.5259263711708373,0.005259263711708373,0.0,0.0,1.1533431734317343,177.33694649446494,1.1533431734317343,177.33694649446494,1.1519631421331489,176.40428472702143
per_kernel_oracle,0pct,1.0,gramschmidt,kernel3,gramschmidt::kernel3,1950,9251,1950.0,9251.0,False,0.9988034512793974,0.9947407362882916,-0.11965487206025971,0.5259263711708373,False,1950,9251,1950.0,9251.0,False,0.9988034512793974,0.9947407362882916,-0.11965487206025971,0.5259263711708373,0.0,0.0,,,1.1533431734317343,177.33694649446494,1.1519631421331489,176.40428472702143,1.1519631421331489,176.40428472702143
best_global_hindsight,0pct,1.0,hotspot3d,hotspotOpt1,hotspot3d::hotspotopt1,auto,auto,auto,auto,True,1.0,1.0,0.0,0.0,False,1950,9251,1950.0,9251.0,False,0.998258611697147,0.9721798745585318,-0.17413883028529753,2.782012544146817,2.782012544146817,0.02782012544146817,0.0,0.0,0.0382728219102585,13.520491113118291,0.0382728219102585,13.520491113118291,0.0382061740658668,13.144349354321085
loko_global_fixed_clock,0pct,1.0,hotspot3d,hotspotOpt1,hotspot3d::hotspotopt1,auto,auto,auto,auto,True,1.0,1.0,0.0,0.0,False,1950,9251,1950.0,9251.0,False,0.998258611697147,0.9721798745585318,-0.17413883028529753,2.782012544146817,2.782012544146817,0.02782012544146817,0.0,0.0,0.0382728219102585,13.520491113118291,0.0382728219102585,13.520491113118291,0.0382061740658668,13.144349354321085
strict_global_hindsight,0pct,1.0,hotspot3d,hotspotOpt1,hotspot3d::hotspotopt1,auto,auto,auto,auto,True,1.0,1.0,0.0,0.0,False,1950,9251,1950.0,9251.0,False,0.998258611697147,0.9721798745585318,-0.17413883028529753,2.782012544146817,2.782012544146817,0.02782012544146817,0.0,0.0,0.0382728219102585,13.520491113118291,0.0382728219102585,13.520491113118291,0.0382061740658668,13.144349354321085
strict_loko_global_fixed_clock,0pct,1.0,hotspot3d,hotspotOpt1,hotspot3d::hotspotopt1,auto,auto,auto,auto,True,1.0,1.0,0.0,0.0,False,1950,9251,1950.0,9251.0,False,0.998258611697147,0.9721798745585318,-0.17413883028529753,2.782012544146817,2.782012544146817,0.02782012544146817,0.0,0.0,0.0382728219102585,13.520491113118291,0.0382728219102585,13.520491113118291,0.0382061740658668,13.144349354321085
per_kernel_oracle,0pct,1.0,hotspot3d,hotspotOpt1,hotspot3d::hotspotopt1,1950,9251,1950.0,9251.0,False,0.998258611697147,0.9721798745585318,-0.17413883028529753,2.782012544146817,False,1950,9251,1950.0,9251.0,False,0.998258611697147,0.9721798745585318,-0.17413883028529753,2.782012544146817,0.0,0.0,,,0.0382728219102585,13.520491113118291,0.0382061740658668,13.144349354321085,0.0382061740658668,13.144349354321085
best_global_hindsight,0pct,1.0,hotspot,calculate_temp,hotspot::calculatetemp,auto,auto,auto,auto,True,1.0,1.0,0.0,0.0,False,1950,9251,1950.0,9251.0,False,0.998170340635137,0.9939337418723444,-0.18296593648630122,0.6066258127655599,0.6066258127655599,0.006066258127655599,0.0,0.0,0.0092787035834245,2.4721231465845195,0.0092787035834245,2.4721231465845195,0.0092617267165193,2.4571266094539856
loko_global_fixed_clock,0pct,1.0,hotspot,calculate_temp,hotspot::calculatetemp,auto,auto,auto,auto,True,1.0,1.0,0.0,0.0,False,1950,9251,1950.0,9251.0,False,0.998170340635137,0.9939337418723444,-0.18296593648630122,0.6066258127655599,0.6066258127655599,0.006066258127655599,0.0,0.0,0.0092787035834245,2.4721231465845195,0.0092787035834245,2.4721231465845195,0.0092617267165193,2.4571266094539856
strict_global_hindsight,0pct,1.0,hotspot,calculate_temp,hotspot::calculatetemp,auto,auto,auto,auto,True,1.0,1.0,0.0,0.0,False,1950,9251,1950.0,9251.0,False,0.998170340635137,0.9939337418723444,-0.18296593648630122,0.6066258127655599,0.6066258127655599,0.006066258127655599,0.0,0.0,0.0092787035834245,2.4721231465845195,0.0092787035834245,2.4721231465845195,0.0092617267165193,2.4571266094539856
strict_loko_global_fixed_clock,0pct,1.0,hotspot,calculate_temp,hotspot::calculatetemp,auto,auto,auto,auto,True,1.0,1.0,0.0,0.0,False,1950,9251,1950.0,9251.0,False,0.998170340635137,0.9939337418723444,-0.18296593648630122,0.6066258127655599,0.6066258127655599,0.006066258127655599,0.0,0.0,0.0092787035834245,2.4721231465845195,0.0092787035834245,2.4721231465845195,0.0092617267165193,2.4571266094539856
per_kernel_oracle,0pct,1.0,hotspot,calculate_temp,hotspot::calculatetemp,1950,9251,1950.0,9251.0,False,0.998170340635137,0.9939337418723444,-0.18296593648630122,0.6066258127655599,False,1950,9251,1950.0,9251.0,False,0.998170340635137,0.9939337418723444,-0.18296593648630122,0.6066258127655599,0.0,0.0,,,0.0092787035834245,2.4721231465845195,0.0092617267165193,2.4571266094539856,0.0092617267165193,2.4571266094539856
best_global_hindsight,0pct,1.0,jacobi1d,kernel1,jacobi1d::kernel1,auto,auto,auto,auto,True,1.0,1.0,0.0,0.0,False,auto,auto,auto,auto,True,1.0,1.0,0.0,0.0,0.0,0.0,0.0,0.0,0.0058807652047093,0.6770520917869283,0.0058807652047093,0.6770520917869283,0.0058807652047093,0.6770520917869283
loko_global_fixed_clock,0pct,1.0,jacobi1d,kernel1,jacobi1d::kernel1,auto,auto,auto,auto,True,1.0,1.0,0.0,0.0,False,auto,auto,auto,auto,True,1.0,1.0,0.0,0.0,0.0,0.0,0.0,0.0,0.0058807652047093,0.6770520917869283,0.0058807652047093,0.6770520917869283,0.0058807652047093,0.6770520917869283
strict_global_hindsight,0pct,1.0,jacobi1d,kernel1,jacobi1d::kernel1,auto,auto,auto,auto,True,1.0,1.0,0.0,0.0,False,auto,auto,auto,auto,True,1.0,1.0,0.0,0.0,0.0,0.0,0.0,0.0,0.0058807652047093,0.6770520917869283,0.0058807652047093,0.6770520917869283,0.0058807652047093,0.6770520917869283
strict_loko_global_fixed_clock,0pct,1.0,jacobi1d,kernel1,jacobi1d::kernel1,auto,auto,auto,auto,True,1.0,1.0,0.0,0.0,False,auto,auto,auto,auto,True,1.0,1.0,0.0,0.0,0.0,0.0,0.0,0.0,0.0058807652047093,0.6770520917869283,0.0058807652047093,0.6770520917869283,0.0058807652047093,0.6770520917869283
per_kernel_oracle,0pct,1.0,jacobi1d,kernel1,jacobi1d::kernel1,auto,auto,auto,auto,True,1.0,1.0,0.0,0.0,False,auto,auto,auto,auto,True,1.0,1.0,0.0,0.0,0.0,0.0,,,0.0058807652047093,0.6770520917869283,0.0058807652047093,0.6770520917869283,0.0058807652047093,0.6770520917869283
best_global_hindsight,0pct,1.0,jacobi1d,kernel2,jacobi1d::kernel2,auto,auto,auto,auto,True,1.0,1.0,0.0,0.0,False,1890,810,1890.0,810.0,False,0.9289723205126736,0.631606160036712,-7.102767948732636,36.8393839963288,36.8393839963288,0.368393839963288,0.0,0.0,0.0063036988755488,0.6731565192066941,0.0063036988755488,0.6731565192066941,0.0058559617722317,0.4251698041998192
loko_global_fixed_clock,0pct,1.0,jacobi1d,kernel2,jacobi1d::kernel2,auto,auto,auto,auto,True,1.0,1.0,0.0,0.0,False,1890,810,1890.0,810.0,False,0.9289723205126736,0.631606160036712,-7.102767948732636,36.8393839963288,36.8393839963288,0.368393839963288,0.0,0.0,0.0063036988755488,0.6731565192066941,0.0063036988755488,0.6731565192066941,0.0058559617722317,0.4251698041998192
strict_global_hindsight,0pct,1.0,jacobi1d,kernel2,jacobi1d::kernel2,auto,auto,auto,auto,True,1.0,1.0,0.0,0.0,False,1890,810,1890.0,810.0,False,0.9289723205126736,0.631606160036712,-7.102767948732636,36.8393839963288,36.8393839963288,0.368393839963288,0.0,0.0,0.0063036988755488,0.6731565192066941,0.0063036988755488,0.6731565192066941,0.0058559617722317,0.4251698041998192
strict_loko_global_fixed_clock,0pct,1.0,jacobi1d,kernel2,jacobi1d::kernel2,auto,auto,auto,auto,True,1.0,1.0,0.0,0.0,False,1890,810,1890.0,810.0,False,0.9289723205126736,0.631606160036712,-7.102767948732636,36.8393839963288,36.8393839963288,0.368393839963288,0.0,0.0,0.0063036988755488,0.6731565192066941,0.0063036988755488,0.6731565192066941,0.0058559617722317,0.4251698041998192
per_kernel_oracle,0pct,1.0,jacobi1d,kernel2,jacobi1d::kernel2,1890,810,1890.0,810.0,False,0.9289723205126736,0.631606160036712,-7.102767948732636,36.8393839963288,False,1890,810,1890.0,810.0,False,0.9289723205126736,0.631606160036712,-7.102767948732636,36.8393839963288,0.0,0.0,,,0.0063036988755488,0.6731565192066941,0.0058559617722317,0.4251698041998192,0.0058559617722317,0.4251698041998192
best_global_hindsight,0pct,1.0,jacobi2d,kernel1,jacobi2d::kernel1,auto,auto,auto,auto,True,1.0,1.0,0.0,0.0,False,1470,9251,1470.0,9251.0,False,0.9863178576566504,0.5967939863116596,-1.3682142343349635,40.32060136883404,40.32060136883404,0.4032060136883404,0.0,0.0,0.0169041370986554,5.46050367325136,0.0169041370986554,5.46050367325136,0.0166728522886801,3.258795754429139
loko_global_fixed_clock,0pct,1.0,jacobi2d,kernel1,jacobi2d::kernel1,auto,auto,auto,auto,True,1.0,1.0,0.0,0.0,False,1470,9251,1470.0,9251.0,False,0.9863178576566504,0.5967939863116596,-1.3682142343349635,40.32060136883404,40.32060136883404,0.4032060136883404,0.0,0.0,0.0169041370986554,5.46050367325136,0.0169041370986554,5.46050367325136,0.0166728522886801,3.258795754429139
strict_global_hindsight,0pct,1.0,jacobi2d,kernel1,jacobi2d::kernel1,auto,auto,auto,auto,True,1.0,1.0,0.0,0.0,False,1470,9251,1470.0,9251.0,False,0.9863178576566504,0.5967939863116596,-1.3682142343349635,40.32060136883404,40.32060136883404,0.4032060136883404,0.0,0.0,0.0169041370986554,5.46050367325136,0.0169041370986554,5.46050367325136,0.0166728522886801,3.258795754429139
strict_loko_global_fixed_clock,0pct,1.0,jacobi2d,kernel1,jacobi2d::kernel1,auto,auto,auto,auto,True,1.0,1.0,0.0,0.0,False,1470,9251,1470.0,9251.0,False,0.9863178576566504,0.5967939863116596,-1.3682142343349635,40.32060136883404,40.32060136883404,0.4032060136883404,0.0,0.0,0.0169041370986554,5.46050367325136,0.0169041370986554,5.46050367325136,0.0166728522886801,3.258795754429139
per_kernel_oracle,0pct,1.0,jacobi2d,kernel1,jacobi2d::kernel1,1470,9251,1470.0,9251.0,False,0.9863178576566504,0.5967939863116596,-1.3682142343349635,40.32060136883404,False,1470,9251,1470.0,9251.0,False,0.9863178576566504,0.5967939863116596,-1.3682142343349635,40.32060136883404,0.0,0.0,,,0.0169041370986554,5.46050367325136,0.0166728522886801,3.258795754429139,0.0166728522886801,3.258795754429139
best_global_hindsight,0pct,1.0,jacobi2d,kernel2,jacobi2d::kernel2,auto,auto,auto,auto,True,1.0,1.0,0.0,0.0,False,1470,9251,1470.0,9251.0,False,0.9947384895142684,0.6448816867747978,-0.5261510485731646,35.511831322520216,35.511831322520216,0.35511831322520215,0.0,0.0,0.0164680881897647,4.615767181128919,0.0164680881897647,4.615767181128919,0.016381441171074297,2.976623725526171
loko_global_fixed_clock,0pct,1.0,jacobi2d,kernel2,jacobi2d::kernel2,auto,auto,auto,auto,True,1.0,1.0,0.0,0.0,False,1470,9251,1470.0,9251.0,False,0.9947384895142684,0.6448816867747978,-0.5261510485731646,35.511831322520216,35.511831322520216,0.35511831322520215,0.0,0.0,0.0164680881897647,4.615767181128919,0.0164680881897647,4.615767181128919,0.016381441171074297,2.976623725526171
strict_global_hindsight,0pct,1.0,jacobi2d,kernel2,jacobi2d::kernel2,auto,auto,auto,auto,True,1.0,1.0,0.0,0.0,False,1470,9251,1470.0,9251.0,False,0.9947384895142684,0.6448816867747978,-0.5261510485731646,35.511831322520216,35.511831322520216,0.35511831322520215,0.0,0.0,0.0164680881897647,4.615767181128919,0.0164680881897647,4.615767181128919,0.016381441171074297,2.976623725526171
strict_loko_global_fixed_clock,0pct,1.0,jacobi2d,kernel2,jacobi2d::kernel2,auto,auto,auto,auto,True,1.0,1.0,0.0,0.0,False,1470,9251,1470.0,9251.0,False,0.9947384895142684,0.6448816867747978,-0.5261510485731646,35.511831322520216,35.511831322520216,0.35511831322520215,0.0,0.0,0.0164680881897647,4.615767181128919,0.0164680881897647,4.615767181128919,0.016381441171074297,2.976623725526171
per_kernel_oracle,0pct,1.0,jacobi2d,kernel2,jacobi2d::kernel2,1470,9251,1470.0,9251.0,False,0.9947384895142684,0.6448816867747978,-0.5261510485731646,35.511831322520216,False,1470,9251,1470.0,9251.0,False,0.9947384895142684,0.6448816867747978,-0.5261510485731646,35.511831322520216,0.0,0.0,,,0.0164680881897647,4.615767181128919,0.016381441171074297,2.976623725526171,0.016381441171074297,2.976623725526171
best_global_hindsight,0pct,1.0,kmeans,kmeansPoint,kmeans::kmeanspoint,auto,auto,auto,auto,True,1.0,1.0,0.0,0.0,False,1950,9251,1950.0,9251.0,False,0.9967778710075408,0.9960375136231194,-0.32221289924592167,0.39624863768805696,0.39624863768805696,0.00396248637688057,0.0,0.0,2.374225546058879,794.7644824311491,2.374225546058879,794.7644824311491,2.3665754850922855,791.6152389966871
loko_global_fixed_clock,0pct,1.0,kmeans,kmeansPoint,kmeans::kmeanspoint,auto,auto,auto,auto,True,1.0,1.0,0.0,0.0,False,1950,9251,1950.0,9251.0,False,0.9967778710075408,0.9960375136231194,-0.32221289924592167,0.39624863768805696,0.39624863768805696,0.00396248637688057,0.0,0.0,2.374225546058879,794.7644824311491,2.374225546058879,794.7644824311491,2.3665754850922855,791.6152389966871
strict_global_hindsight,0pct,1.0,kmeans,kmeansPoint,kmeans::kmeanspoint,auto,auto,auto,auto,True,1.0,1.0,0.0,0.0,False,1950,9251,1950.0,9251.0,False,0.9967778710075408,0.9960375136231194,-0.32221289924592167,0.39624863768805696,0.39624863768805696,0.00396248637688057,0.0,0.0,2.374225546058879,794.7644824311491,2.374225546058879,794.7644824311491,2.3665754850922855,791.6152389966871
strict_loko_global_fixed_clock,0pct,1.0,kmeans,kmeansPoint,kmeans::kmeanspoint,auto,auto,auto,auto,True,1.0,1.0,0.0,0.0,False,1950,9251,1950.0,9251.0,False,0.9967778710075408,0.9960375136231194,-0.32221289924592167,0.39624863768805696,0.39624863768805696,0.00396248637688057,0.0,0.0,2.374225546058879,794.7644824311491,2.374225546058879,794.7644824311491,2.3665754850922855,791.6152389966871
per_kernel_oracle,0pct,1.0,kmeans,kmeansPoint,kmeans::kmeanspoint,1950,9251,1950.0,9251.0,False,0.9967778710075408,0.9960375136231194,-0.32221289924592167,0.39624863768805696,False,1950,9251,1950.0,9251.0,False,0.9967778710075408,0.9960375136231194,-0.32221289924592167,0.39624863768805696,0.0,0.0,,,2.374225546058879,794.7644824311491,2.3665754850922855,791.6152389966871,2.3665754850922855,791.6152389966871
best_global_hindsight,0pct,1.0,lavamd,kernel_gpu_cuda,lavamd::kernelgpucuda,auto,auto,auto,auto,True,1.0,1.0,0.0,0.0,False,1890,810,1890.0,810.0,False,0.961163045926818,0.936196537688285,-3.8836954073181995,6.3803462311714965,6.3803462311714965,0.06380346231171496,0.0,0.0,0.6408376265538895,217.95347943098807,0.6408376265538895,217.95347943098807,0.6159494450830492,204.0472928204059
loko_global_fixed_clock,0pct,1.0,lavamd,kernel_gpu_cuda,lavamd::kernelgpucuda,auto,auto,auto,auto,True,1.0,1.0,0.0,0.0,False,1890,810,1890.0,810.0,False,0.961163045926818,0.936196537688285,-3.8836954073181995,6.3803462311714965,6.3803462311714965,0.06380346231171496,0.0,0.0,0.6408376265538895,217.95347943098807,0.6408376265538895,217.95347943098807,0.6159494450830492,204.0472928204059
strict_global_hindsight,0pct,1.0,lavamd,kernel_gpu_cuda,lavamd::kernelgpucuda,auto,auto,auto,auto,True,1.0,1.0,0.0,0.0,False,1890,810,1890.0,810.0,False,0.961163045926818,0.936196537688285,-3.8836954073181995,6.3803462311714965,6.3803462311714965,0.06380346231171496,0.0,0.0,0.6408376265538895,217.95347943098807,0.6408376265538895,217.95347943098807,0.6159494450830492,204.0472928204059
strict_loko_global_fixed_clock,0pct,1.0,lavamd,kernel_gpu_cuda,lavamd::kernelgpucuda,auto,auto,auto,auto,True,1.0,1.0,0.0,0.0,False,1890,810,1890.0,810.0,False,0.961163045926818,0.936196537688285,-3.8836954073181995,6.3803462311714965,6.3803462311714965,0.06380346231171496,0.0,0.0,0.6408376265538895,217.95347943098807,0.6408376265538895,217.95347943098807,0.6159494450830492,204.0472928204059
per_kernel_oracle,0pct,1.0,lavamd,kernel_gpu_cuda,lavamd::kernelgpucuda,1890,810,1890.0,810.0,False,0.961163045926818,0.936196537688285,-3.8836954073181995,6.3803462311714965,False,1890,810,1890.0,810.0,False,0.961163045926818,0.936196537688285,-3.8836954073181995,6.3803462311714965,0.0,0.0,,,0.6408376265538895,217.95347943098807,0.6159494450830492,204.0472928204059,0.6159494450830492,204.0472928204059
best_global_hindsight,0pct,1.0,mvt,kernel1,mvt::kernel1,auto,auto,auto,auto,True,1.0,1.0,0.0,0.0,False,1965,9251,1965.0,9251.0,False,0.9971188373287544,0.9580552459929276,-0.28811626712456073,4.194475400707242,4.194475400707242,0.04194475400707243,0.0,0.0,0.460322592524397,111.79534155772416,0.460322592524397,111.79534155772416,0.4589963282540847,107.10611345694878
loko_global_fixed_clock,0pct,1.0,mvt,kernel1,mvt::kernel1,auto,auto,auto,auto,True,1.0,1.0,0.0,0.0,False,1965,9251,1965.0,9251.0,False,0.9971188373287544,0.9580552459929276,-0.28811626712456073,4.194475400707242,4.194475400707242,0.04194475400707243,0.0,0.0,0.460322592524397,111.79534155772416,0.460322592524397,111.79534155772416,0.4589963282540847,107.10611345694878
strict_global_hindsight,0pct,1.0,mvt,kernel1,mvt::kernel1,auto,auto,auto,auto,True,1.0,1.0,0.0,0.0,False,1965,9251,1965.0,9251.0,False,0.9971188373287544,0.9580552459929276,-0.28811626712456073,4.194475400707242,4.194475400707242,0.04194475400707243,0.0,0.0,0.460322592524397,111.79534155772416,0.460322592524397,111.79534155772416,0.4589963282540847,107.10611345694878
strict_loko_global_fixed_clock,0pct,1.0,mvt,kernel1,mvt::kernel1,auto,auto,auto,auto,True,1.0,1.0,0.0,0.0,False,1965,9251,1965.0,9251.0,False,0.9971188373287544,0.9580552459929276,-0.28811626712456073,4.194475400707242,4.194475400707242,0.04194475400707243,0.0,0.0,0.460322592524397,111.79534155772416,0.460322592524397,111.79534155772416,0.4589963282540847,107.10611345694878
per_kernel_oracle,0pct,1.0,mvt,kernel1,mvt::kernel1,1965,9251,1965.0,9251.0,False,0.9971188373287544,0.9580552459929276,-0.28811626712456073,4.194475400707242,False,1965,9251,1965.0,9251.0,False,0.9971188373287544,0.9580552459929276,-0.28811626712456073,4.194475400707242,0.0,0.0,,,0.460322592524397,111.79534155772416,0.4589963282540847,107.10611345694878,0.4589963282540847,107.10611345694878
best_global_hindsight,0pct,1.0,mvt,kernel2,mvt::kernel2,auto,auto,auto,auto,True,1.0,1.0,0.0,0.0,False,1950,9251,1950.0,9251.0,False,0.999401897654927,0.9720769890049143,-0.059810234507295945,2.792301099508565,2.792301099508565,0.02792301099508565,0.0,0.0,1.182297635933806,214.6075650118204,1.182297635933806,214.6075650118204,1.1815905009451797,208.6150756143668
loko_global_fixed_clock,0pct,1.0,mvt,kernel2,mvt::kernel2,auto,auto,auto,auto,True,1.0,1.0,0.0,0.0,False,1950,9251,1950.0,9251.0,False,0.999401897654927,0.9720769890049143,-0.059810234507295945,2.792301099508565,2.792301099508565,0.02792301099508565,0.0,0.0,1.182297635933806,214.6075650118204,1.182297635933806,214.6075650118204,1.1815905009451797,208.6150756143668
strict_global_hindsight,0pct,1.0,mvt,kernel2,mvt::kernel2,auto,auto,auto,auto,True,1.0,1.0,0.0,0.0,False,1950,9251,1950.0,9251.0,False,0.999401897654927,0.9720769890049143,-0.059810234507295945,2.792301099508565,2.792301099508565,0.02792301099508565,0.0,0.0,1.182297635933806,214.6075650118204,1.182297635933806,214.6075650118204,1.1815905009451797,208.6150756143668
strict_loko_global_fixed_clock,0pct,1.0,mvt,kernel2,mvt::kernel2,auto,auto,auto,auto,True,1.0,1.0,0.0,0.0,False,1950,9251,1950.0,9251.0,False,0.999401897654927,0.9720769890049143,-0.059810234507295945,2.792301099508565,2.792301099508565,0.02792301099508565,0.0,0.0,1.182297635933806,214.6075650118204,1.182297635933806,214.6075650118204,1.1815905009451797,208.6150756143668
per_kernel_oracle,0pct,1.0,mvt,kernel2,mvt::kernel2,1950,9251,1950.0,9251.0,False,0.999401897654927,0.9720769890049143,-0.059810234507295945,2.792301099508565,False,1950,9251,1950.0,9251.0,False,0.999401897654927,0.9720769890049143,-0.059810234507295945,2.792301099508565,0.0,0.0,,,1.182297635933806,214.6075650118204,1.1815905009451797,208.6150756143668,1.1815905009451797,208.6150756143668
best_global_hindsight,0pct,1.0,myocyte,solver_2,myocyte::solver2,auto,auto,auto,auto,True,1.0,1.0,0.0,0.0,False,1965,810,1965.0,810.0,False,0.9907012055466862,0.5789799631344,-0.929879445331383,42.102003686559996,42.102003686559996,0.42102003686559997,0.0,0.0,443.8926666666667,62705.25,443.8926666666667,62705.25,439.765,36305.083333333336
loko_global_fixed_clock,0pct,1.0,myocyte,solver_2,myocyte::solver2,auto,auto,auto,auto,True,1.0,1.0,0.0,0.0,False,1965,810,1965.0,810.0,False,0.9907012055466862,0.5789799631344,-0.929879445331383,42.102003686559996,42.102003686559996,0.42102003686559997,0.0,0.0,443.8926666666667,62705.25,443.8926666666667,62705.25,439.765,36305.083333333336
strict_global_hindsight,0pct,1.0,myocyte,solver_2,myocyte::solver2,auto,auto,auto,auto,True,1.0,1.0,0.0,0.0,False,1965,810,1965.0,810.0,False,0.9907012055466862,0.5789799631344,-0.929879445331383,42.102003686559996,42.102003686559996,0.42102003686559997,0.0,0.0,443.8926666666667,62705.25,443.8926666666667,62705.25,439.765,36305.083333333336
strict_loko_global_fixed_clock,0pct,1.0,myocyte,solver_2,myocyte::solver2,auto,auto,auto,auto,True,1.0,1.0,0.0,0.0,False,1965,810,1965.0,810.0,False,0.9907012055466862,0.5789799631344,-0.929879445331383,42.102003686559996,42.102003686559996,0.42102003686559997,0.0,0.0,443.8926666666667,62705.25,443.8926666666667,62705.25,439.765,36305.083333333336
per_kernel_oracle,0pct,1.0,myocyte,solver_2,myocyte::solver2,1965,810,1965.0,810.0,False,0.9907012055466862,0.5789799631344,-0.929879445331383,42.102003686559996,False,1965,810,1965.0,810.0,False,0.9907012055466862,0.5789799631344,-0.929879445331383,42.102003686559996,0.0,0.0,,,443.8926666666667,62705.25,439.765,36305.083333333336,439.765,36305.083333333336
best_global_hindsight,0pct,1.0,nn,euclid,nn::euclid,auto,auto,auto,auto,True,1.0,1.0,0.0,0.0,False,1470,9251,1470.0,9251.0,False,0.9993697240650647,0.6798835807309878,-0.06302759349352538,32.01164192690123,32.01164192690123,0.32011641926901224,0.0,0.0,0.1508754978877489,51.16599275799638,0.1508754978877489,51.16599275799638,0.15078040469225887,34.786918367962365
loko_global_fixed_clock,0pct,1.0,nn,euclid,nn::euclid,auto,auto,auto,auto,True,1.0,1.0,0.0,0.0,False,1470,9251,1470.0,9251.0,False,0.9993697240650647,0.6798835807309878,-0.06302759349352538,32.01164192690123,32.01164192690123,0.32011641926901224,0.0,0.0,0.1508754978877489,51.16599275799638,0.1508754978877489,51.16599275799638,0.15078040469225887,34.786918367962365
strict_global_hindsight,0pct,1.0,nn,euclid,nn::euclid,auto,auto,auto,auto,True,1.0,1.0,0.0,0.0,False,1470,9251,1470.0,9251.0,False,0.9993697240650647,0.6798835807309878,-0.06302759349352538,32.01164192690123,32.01164192690123,0.32011641926901224,0.0,0.0,0.1508754978877489,51.16599275799638,0.1508754978877489,51.16599275799638,0.15078040469225887,34.786918367962365
strict_loko_global_fixed_clock,0pct,1.0,nn,euclid,nn::euclid,auto,auto,auto,auto,True,1.0,1.0,0.0,0.0,False,1470,9251,1470.0,9251.0,False,0.9993697240650647,0.6798835807309878,-0.06302759349352538,32.01164192690123,32.01164192690123,0.32011641926901224,0.0,0.0,0.1508754978877489,51.16599275799638,0.1508754978877489,51.16599275799638,0.15078040469225887,34.786918367962365
per_kernel_oracle,0pct,1.0,nn,euclid,nn::euclid,1470,9251,1470.0,9251.0,False,0.9993697240650647,0.6798835807309878,-0.06302759349352538,32.01164192690123,False,1470,9251,1470.0,9251.0,False,0.9993697240650647,0.6798835807309878,-0.06302759349352538,32.01164192690123,0.0,0.0,,,0.1508754978877489,51.16599275799638,0.15078040469225887,34.786918367962365,0.15078040469225887,34.786918367962365
best_global_hindsight,0pct,1.0,nw,shared_1,nw::shared1,auto,auto,auto,auto,True,1.0,1.0,0.0,0.0,False,1950,5001,1950.0,5001.0,False,0.9594526252711564,0.802781540914452,-4.054737472884362,19.7218459085548,19.7218459085548,0.19721845908554803,0.0,0.0,0.0088833896835563,1.458549273428575,0.0088833896835563,1.458549273428575,0.0085231915531948,1.1708964332226457
loko_global_fixed_clock,0pct,1.0,nw,shared_1,nw::shared1,auto,auto,auto,auto,True,1.0,1.0,0.0,0.0,False,1950,5001,1950.0,5001.0,False,0.9594526252711564,0.802781540914452,-4.054737472884362,19.7218459085548,19.7218459085548,0.19721845908554803,0.0,0.0,0.0088833896835563,1.458549273428575,0.0088833896835563,1.458549273428575,0.0085231915531948,1.1708964332226457
strict_global_hindsight,0pct,1.0,nw,shared_1,nw::shared1,auto,auto,auto,auto,True,1.0,1.0,0.0,0.0,False,1950,5001,1950.0,5001.0,False,0.9594526252711564,0.802781540914452,-4.054737472884362,19.7218459085548,19.7218459085548,0.19721845908554803,0.0,0.0,0.0088833896835563,1.458549273428575,0.0088833896835563,1.458549273428575,0.0085231915531948,1.1708964332226457
strict_loko_global_fixed_clock,0pct,1.0,nw,shared_1,nw::shared1,auto,auto,auto,auto,True,1.0,1.0,0.0,0.0,False,1950,5001,1950.0,5001.0,False,0.9594526252711564,0.802781540914452,-4.054737472884362,19.7218459085548,19.7218459085548,0.19721845908554803,0.0,0.0,0.0088833896835563,1.458549273428575,0.0088833896835563,1.458549273428575,0.0085231915531948,1.1708964332226457
per_kernel_oracle,0pct,1.0,nw,shared_1,nw::shared1,1950,5001,1950.0,5001.0,False,0.9594526252711564,0.802781540914452,-4.054737472884362,19.7218459085548,False,1950,5001,1950.0,5001.0,False,0.9594526252711564,0.802781540914452,-4.054737472884362,19.7218459085548,0.0,0.0,,,0.0088833896835563,1.458549273428575,0.0085231915531948,1.1708964332226457,0.0085231915531948,1.1708964332226457
best_global_hindsight,0pct,1.0,nw,shared_2,nw::shared2,auto,auto,auto,auto,True,1.0,1.0,0.0,0.0,False,auto,auto,auto,auto,True,1.0,1.0,0.0,0.0,0.0,0.0,0.0,0.0,0.0084325397762344,1.4027999365873896,0.0084325397762344,1.4027999365873896,0.0084325397762344,1.4027999365873896
loko_global_fixed_clock,0pct,1.0,nw,shared_2,nw::shared2,auto,auto,auto,auto,True,1.0,1.0,0.0,0.0,False,auto,auto,auto,auto,True,1.0,1.0,0.0,0.0,0.0,0.0,0.0,0.0,0.0084325397762344,1.4027999365873896,0.0084325397762344,1.4027999365873896,0.0084325397762344,1.4027999365873896
strict_global_hindsight,0pct,1.0,nw,shared_2,nw::shared2,auto,auto,auto,auto,True,1.0,1.0,0.0,0.0,False,auto,auto,auto,auto,True,1.0,1.0,0.0,0.0,0.0,0.0,0.0,0.0,0.0084325397762344,1.4027999365873896,0.0084325397762344,1.4027999365873896,0.0084325397762344,1.4027999365873896
strict_loko_global_fixed_clock,0pct,1.0,nw,shared_2,nw::shared2,auto,auto,auto,auto,True,1.0,1.0,0.0,0.0,False,auto,auto,auto,auto,True,1.0,1.0,0.0,0.0,0.0,0.0,0.0,0.0,0.0084325397762344,1.4027999365873896,0.0084325397762344,1.4027999365873896,0.0084325397762344,1.4027999365873896
per_kernel_oracle,0pct,1.0,nw,shared_2,nw::shared2,auto,auto,auto,auto,True,1.0,1.0,0.0,0.0,False,auto,auto,auto,auto,True,1.0,1.0,0.0,0.0,0.0,0.0,,,0.0084325397762344,1.4027999365873896,0.0084325397762344,1.4027999365873896,0.0084325397762344,1.4027999365873896
best_global_hindsight,0pct,1.0,particlefilter,find_index,particlefilter::findindex,auto,auto,auto,auto,True,1.0,1.0,0.0,0.0,False,1965,810,1965.0,810.0,False,0.9923766483225416,0.6759585726044027,-0.7623351677458423,32.404142739559724,32.404142739559724,0.32404142739559727,0.0,0.0,28.80391379310345,5425.362068965517,28.80391379310345,5425.362068965517,28.584331428571428,3667.32
loko_global_fixed_clock,0pct,1.0,particlefilter,find_index,particlefilter::findindex,auto,auto,auto,auto,True,1.0,1.0,0.0,0.0,False,1965,810,1965.0,810.0,False,0.9923766483225416,0.6759585726044027,-0.7623351677458423,32.404142739559724,32.404142739559724,0.32404142739559727,0.0,0.0,28.80391379310345,5425.362068965517,28.80391379310345,5425.362068965517,28.584331428571428,3667.32
strict_global_hindsight,0pct,1.0,particlefilter,find_index,particlefilter::findindex,auto,auto,auto,auto,True,1.0,1.0,0.0,0.0,False,1965,810,1965.0,810.0,False,0.9923766483225416,0.6759585726044027,-0.7623351677458423,32.404142739559724,32.404142739559724,0.32404142739559727,0.0,0.0,28.80391379310345,5425.362068965517,28.80391379310345,5425.362068965517,28.584331428571428,3667.32
strict_loko_global_fixed_clock,0pct,1.0,particlefilter,find_index,particlefilter::findindex,auto,auto,auto,auto,True,1.0,1.0,0.0,0.0,False,1965,810,1965.0,810.0,False,0.9923766483225416,0.6759585726044027,-0.7623351677458423,32.404142739559724,32.404142739559724,0.32404142739559727,0.0,0.0,28.80391379310345,5425.362068965517,28.80391379310345,5425.362068965517,28.584331428571428,3667.32
per_kernel_oracle,0pct,1.0,particlefilter,find_index,particlefilter::findindex,1965,810,1965.0,810.0,False,0.9923766483225416,0.6759585726044027,-0.7623351677458423,32.404142739559724,False,1965,810,1965.0,810.0,False,0.9923766483225416,0.6759585726044027,-0.7623351677458423,32.404142739559724,0.0,0.0,,,28.80391379310345,5425.362068965517,28.584331428571428,3667.32,28.584331428571428,3667.32
best_global_hindsight,0pct,1.0,particlefilter,likelihood,particlefilter::likelihood,auto,auto,auto,auto,True,1.0,1.0,0.0,0.0,False,1950,9251,1950.0,9251.0,False,0.9951251468581004,0.9931338044216946,-0.48748531418996155,0.6866195578305367,0.6866195578305367,0.006866195578305367,0.0,0.0,6.209976426799008,1225.0111662531017,6.209976426799008,1225.0111662531017,6.179703703703704,1216.6
loko_global_fixed_clock,0pct,1.0,particlefilter,likelihood,particlefilter::likelihood,auto,auto,auto,auto,True,1.0,1.0,0.0,0.0,False,1950,9251,1950.0,9251.0,False,0.9951251468581004,0.9931338044216946,-0.48748531418996155,0.6866195578305367,0.6866195578305367,0.006866195578305367,0.0,0.0,6.209976426799008,1225.0111662531017,6.209976426799008,1225.0111662531017,6.179703703703704,1216.6
strict_global_hindsight,0pct,1.0,particlefilter,likelihood,particlefilter::likelihood,auto,auto,auto,auto,True,1.0,1.0,0.0,0.0,False,1950,9251,1950.0,9251.0,False,0.9951251468581004,0.9931338044216946,-0.48748531418996155,0.6866195578305367,0.6866195578305367,0.006866195578305367,0.0,0.0,6.209976426799008,1225.0111662531017,6.209976426799008,1225.0111662531017,6.179703703703704,1216.6
strict_loko_global_fixed_clock,0pct,1.0,particlefilter,likelihood,particlefilter::likelihood,auto,auto,auto,auto,True,1.0,1.0,0.0,0.0,False,1950,9251,1950.0,9251.0,False,0.9951251468581004,0.9931338044216946,-0.48748531418996155,0.6866195578305367,0.6866195578305367,0.006866195578305367,0.0,0.0,6.209976426799008,1225.0111662531017,6.209976426799008,1225.0111662531017,6.179703703703704,1216.6
per_kernel_oracle,0pct,1.0,particlefilter,likelihood,particlefilter::likelihood,1950,9251,1950.0,9251.0,False,0.9951251468581004,0.9931338044216946,-0.48748531418996155,0.6866195578305367,False,1950,9251,1950.0,9251.0,False,0.9951251468581004,0.9931338044216946,-0.48748531418996155,0.6866195578305367,0.0,0.0,,,6.209976426799008,1225.0111662531017,6.179703703703704,1216.6,6.179703703703704,1216.6
best_global_hindsight,0pct,1.0,particlefilter,normalize_weights,particlefilter::normalizeweights,auto,auto,auto,auto,True,1.0,1.0,0.0,0.0,False,1965,810,1965.0,810.0,False,0.9984138467173324,0.5603284789794012,-0.1586153282667646,43.967152102059885,43.967152102059885,0.4396715210205988,0.0,0.0,7.351093979441997,1018.2613803230544,7.351093979441997,1018.2613803230544,7.339434017595307,570.5608504398826
loko_global_fixed_clock,0pct,1.0,particlefilter,normalize_weights,particlefilter::normalizeweights,auto,auto,auto,auto,True,1.0,1.0,0.0,0.0,False,1965,810,1965.0,810.0,False,0.9984138467173324,0.5603284789794012,-0.1586153282667646,43.967152102059885,43.967152102059885,0.4396715210205988,0.0,0.0,7.351093979441997,1018.2613803230544,7.351093979441997,1018.2613803230544,7.339434017595307,570.5608504398826
strict_global_hindsight,0pct,1.0,particlefilter,normalize_weights,particlefilter::normalizeweights,auto,auto,auto,auto,True,1.0,1.0,0.0,0.0,False,1965,810,1965.0,810.0,False,0.9984138467173324,0.5603284789794012,-0.1586153282667646,43.967152102059885,43.967152102059885,0.4396715210205988,0.0,0.0,7.351093979441997,1018.2613803230544,7.351093979441997,1018.2613803230544,7.339434017595307,570.5608504398826
strict_loko_global_fixed_clock,0pct,1.0,particlefilter,normalize_weights,particlefilter::normalizeweights,auto,auto,auto,auto,True,1.0,1.0,0.0,0.0,False,1965,810,1965.0,810.0,False,0.9984138467173324,0.5603284789794012,-0.1586153282667646,43.967152102059885,43.967152102059885,0.4396715210205988,0.0,0.0,7.351093979441997,1018.2613803230544,7.351093979441997,1018.2613803230544,7.339434017595307,570.5608504398826
per_kernel_oracle,0pct,1.0,particlefilter,normalize_weights,particlefilter::normalizeweights,1965,810,1965.0,810.0,False,0.9984138467173324,0.5603284789794012,-0.1586153282667646,43.967152102059885,False,1965,810,1965.0,810.0,False,0.9984138467173324,0.5603284789794012,-0.1586153282667646,43.967152102059885,0.0,0.0,,,7.351093979441997,1018.2613803230544,7.339434017595307,570.5608504398826,7.339434017595307,570.5608504398826
best_global_hindsight,0pct,1.0,particlefilter,sum,particlefilter::sum,auto,auto,auto,auto,True,1.0,1.0,0.0,0.0,False,1950,9501,1950.0,9501.0,False,0.9965229716774326,0.9926523099359706,-0.3477028322567355,0.7347690064029355,0.7347690064029355,0.007347690064029355,0.0,0.0,0.0117943472199616,1.6474419306824428,0.0117943472199616,1.6474419306824428,0.0117533379406316,1.635337037977302
loko_global_fixed_clock,0pct,1.0,particlefilter,sum,particlefilter::sum,auto,auto,auto,auto,True,1.0,1.0,0.0,0.0,False,1950,9501,1950.0,9501.0,False,0.9965229716774326,0.9926523099359706,-0.3477028322567355,0.7347690064029355,0.7347690064029355,0.007347690064029355,0.0,0.0,0.0117943472199616,1.6474419306824428,0.0117943472199616,1.6474419306824428,0.0117533379406316,1.635337037977302
strict_global_hindsight,0pct,1.0,particlefilter,sum,particlefilter::sum,auto,auto,auto,auto,True,1.0,1.0,0.0,0.0,False,1950,9501,1950.0,9501.0,False,0.9965229716774326,0.9926523099359706,-0.3477028322567355,0.7347690064029355,0.7347690064029355,0.007347690064029355,0.0,0.0,0.0117943472199616,1.6474419306824428,0.0117943472199616,1.6474419306824428,0.0117533379406316,1.635337037977302
strict_loko_global_fixed_clock,0pct,1.0,particlefilter,sum,particlefilter::sum,auto,auto,auto,auto,True,1.0,1.0,0.0,0.0,False,1950,9501,1950.0,9501.0,False,0.9965229716774326,0.9926523099359706,-0.3477028322567355,0.7347690064029355,0.7347690064029355,0.007347690064029355,0.0,0.0,0.0117943472199616,1.6474419306824428,0.0117943472199616,1.6474419306824428,0.0117533379406316,1.635337037977302
per_kernel_oracle,0pct,1.0,particlefilter,sum,particlefilter::sum,1950,9501,1950.0,9501.0,False,0.9965229716774326,0.9926523099359706,-0.3477028322567355,0.7347690064029355,False,1950,9501,1950.0,9501.0,False,0.9965229716774326,0.9926523099359706,-0.3477028322567355,0.7347690064029355,0.0,0.0,,,0.0117943472199616,1.6474419306824428,0.0117533379406316,1.635337037977302,0.0117533379406316,1.635337037977302
best_global_hindsight,0pct,1.0,pathfinder,dynproc,pathfinder::dynproc,auto,auto,auto,auto,True,1.0,1.0,0.0,0.0,False,1890,9251,1890.0,9251.0,False,0.9763774072280028,0.8750743783194054,-2.3622592771997186,12.492562168059463,12.492562168059463,0.12492562168059462,0.0,0.0,0.0196384567346025,6.037481883559895,0.0196384567346025,6.037481883559895,0.019174545468490498,5.283245705870848
loko_global_fixed_clock,0pct,1.0,pathfinder,dynproc,pathfinder::dynproc,auto,auto,auto,auto,True,1.0,1.0,0.0,0.0,False,1890,9251,1890.0,9251.0,False,0.9763774072280028,0.8750743783194054,-2.3622592771997186,12.492562168059463,12.492562168059463,0.12492562168059462,0.0,0.0,0.0196384567346025,6.037481883559895,0.0196384567346025,6.037481883559895,0.019174545468490498,5.283245705870848
strict_global_hindsight,0pct,1.0,pathfinder,dynproc,pathfinder::dynproc,auto,auto,auto,auto,True,1.0,1.0,0.0,0.0,False,1890,9251,1890.0,9251.0,False,0.9763774072280028,0.8750743783194054,-2.3622592771997186,12.492562168059463,12.492562168059463,0.12492562168059462,0.0,0.0,0.0196384567346025,6.037481883559895,0.0196384567346025,6.037481883559895,0.019174545468490498,5.283245705870848
strict_loko_global_fixed_clock,0pct,1.0,pathfinder,dynproc,pathfinder::dynproc,auto,auto,auto,auto,True,1.0,1.0,0.0,0.0,False,1890,9251,1890.0,9251.0,False,0.9763774072280028,0.8750743783194054,-2.3622592771997186,12.492562168059463,12.492562168059463,0.12492562168059462,0.0,0.0,0.0196384567346025,6.037481883559895,0.0196384567346025,6.037481883559895,0.019174545468490498,5.283245705870848
per_kernel_oracle,0pct,1.0,pathfinder,dynproc,pathfinder::dynproc,1890,9251,1890.0,9251.0,False,0.9763774072280028,0.8750743783194054,-2.3622592771997186,12.492562168059463,False,1890,9251,1890.0,9251.0,False,0.9763774072280028,0.8750743783194054,-2.3622592771997186,12.492562168059463,0.0,0.0,,,0.0196384567346025,6.037481883559895,0.019174545468490498,5.283245705870848,0.019174545468490498,5.283245705870848
best_global_hindsight,0pct,1.0,pre_euler3d,compute_flux,preeuler3d::computeflux,auto,auto,auto,auto,True,1.0,1.0,0.0,0.0,False,1935,9251,1935.0,9251.0,False,0.9995602258741704,0.9939541431716576,-0.04397741258296284,0.6045856828342355,0.6045856828342355,0.006045856828342355,0.0,0.0,0.0512522730301259,17.42720665867134,0.0512522730301259,17.42720665867134,0.0512297336065573,17.32184426229508
loko_global_fixed_clock,0pct,1.0,pre_euler3d,compute_flux,preeuler3d::computeflux,auto,auto,auto,auto,True,1.0,1.0,0.0,0.0,False,1935,9251,1935.0,9251.0,False,0.9995602258741704,0.9939541431716576,-0.04397741258296284,0.6045856828342355,0.6045856828342355,0.006045856828342355,0.0,0.0,0.0512522730301259,17.42720665867134,0.0512522730301259,17.42720665867134,0.0512297336065573,17.32184426229508
strict_global_hindsight,0pct,1.0,pre_euler3d,compute_flux,preeuler3d::computeflux,auto,auto,auto,auto,True,1.0,1.0,0.0,0.0,False,1935,9251,1935.0,9251.0,False,0.9995602258741704,0.9939541431716576,-0.04397741258296284,0.6045856828342355,0.6045856828342355,0.006045856828342355,0.0,0.0,0.0512522730301259,17.42720665867134,0.0512522730301259,17.42720665867134,0.0512297336065573,17.32184426229508
strict_loko_global_fixed_clock,0pct,1.0,pre_euler3d,compute_flux,preeuler3d::computeflux,auto,auto,auto,auto,True,1.0,1.0,0.0,0.0,False,1935,9251,1935.0,9251.0,False,0.9995602258741704,0.9939541431716576,-0.04397741258296284,0.6045856828342355,0.6045856828342355,0.006045856828342355,0.0,0.0,0.0512522730301259,17.42720665867134,0.0512522730301259,17.42720665867134,0.0512297336065573,17.32184426229508
per_kernel_oracle,0pct,1.0,pre_euler3d,compute_flux,preeuler3d::computeflux,1935,9251,1935.0,9251.0,False,0.9995602258741704,0.9939541431716576,-0.04397741258296284,0.6045856828342355,False,1935,9251,1935.0,9251.0,False,0.9995602258741704,0.9939541431716576,-0.04397741258296284,0.6045856828342355,0.0,0.0,,,0.0512522730301259,17.42720665867134,0.0512297336065573,17.32184426229508,0.0512297336065573,17.32184426229508
best_global_hindsight,0pct,1.0,pre_euler3d,compute_flux_contributions,preeuler3d::computefluxcontributions,auto,auto,auto,auto,True,1.0,1.0,0.0,0.0,False,1890,9251,1890.0,9251.0,False,0.9671170548091504,0.8650432402204088,-3.2882945190849555,13.49567597795912,13.49567597795912,0.1349567597795912,0.0,0.0,0.0109878013673192,2.609109748138121,0.0109878013673192,2.609109748138121,0.010626490097189701,2.256992750620055
loko_global_fixed_clock,0pct,1.0,pre_euler3d,compute_flux_contributions,preeuler3d::computefluxcontributions,auto,auto,auto,auto,True,1.0,1.0,0.0,0.0,False,1890,9251,1890.0,9251.0,False,0.9671170548091504,0.8650432402204088,-3.2882945190849555,13.49567597795912,13.49567597795912,0.1349567597795912,0.0,0.0,0.0109878013673192,2.609109748138121,0.0109878013673192,2.609109748138121,0.010626490097189701,2.256992750620055
strict_global_hindsight,0pct,1.0,pre_euler3d,compute_flux_contributions,preeuler3d::computefluxcontributions,auto,auto,auto,auto,True,1.0,1.0,0.0,0.0,False,1890,9251,1890.0,9251.0,False,0.9671170548091504,0.8650432402204088,-3.2882945190849555,13.49567597795912,13.49567597795912,0.1349567597795912,0.0,0.0,0.0109878013673192,2.609109748138121,0.0109878013673192,2.609109748138121,0.010626490097189701,2.256992750620055
strict_loko_global_fixed_clock,0pct,1.0,pre_euler3d,compute_flux_contributions,preeuler3d::computefluxcontributions,auto,auto,auto,auto,True,1.0,1.0,0.0,0.0,False,1890,9251,1890.0,9251.0,False,0.9671170548091504,0.8650432402204088,-3.2882945190849555,13.49567597795912,13.49567597795912,0.1349567597795912,0.0,0.0,0.0109878013673192,2.609109748138121,0.0109878013673192,2.609109748138121,0.010626490097189701,2.256992750620055
per_kernel_oracle,0pct,1.0,pre_euler3d,compute_flux_contributions,preeuler3d::computefluxcontributions,1890,9251,1890.0,9251.0,False,0.9671170548091504,0.8650432402204088,-3.2882945190849555,13.49567597795912,False,1890,9251,1890.0,9251.0,False,0.9671170548091504,0.8650432402204088,-3.2882945190849555,13.49567597795912,0.0,0.0,,,0.0109878013673192,2.609109748138121,0.010626490097189701,2.256992750620055,0.010626490097189701,2.256992750620055
best_global_hindsight,0pct,1.0,pre_euler3d,compute_step_factor,preeuler3d::computestepfactor,auto,auto,auto,auto,True,1.0,1.0,0.0,0.0,False,auto,auto,auto,auto,True,1.0,1.0,0.0,0.0,0.0,0.0,0.0,0.0,0.0072640945028315,1.5152429545646051,0.0072640945028315,1.5152429545646051,0.0072640945028315,1.5152429545646051
loko_global_fixed_clock,0pct,1.0,pre_euler3d,compute_step_factor,preeuler3d::computestepfactor,auto,auto,auto,auto,True,1.0,1.0,0.0,0.0,False,auto,auto,auto,auto,True,1.0,1.0,0.0,0.0,0.0,0.0,0.0,0.0,0.0072640945028315,1.5152429545646051,0.0072640945028315,1.5152429545646051,0.0072640945028315,1.5152429545646051
strict_global_hindsight,0pct,1.0,pre_euler3d,compute_step_factor,preeuler3d::computestepfactor,auto,auto,auto,auto,True,1.0,1.0,0.0,0.0,False,auto,auto,auto,auto,True,1.0,1.0,0.0,0.0,0.0,0.0,0.0,0.0,0.0072640945028315,1.5152429545646051,0.0072640945028315,1.5152429545646051,0.0072640945028315,1.5152429545646051
strict_loko_global_fixed_clock,0pct,1.0,pre_euler3d,compute_step_factor,preeuler3d::computestepfactor,auto,auto,auto,auto,True,1.0,1.0,0.0,0.0,False,auto,auto,auto,auto,True,1.0,1.0,0.0,0.0,0.0,0.0,0.0,0.0,0.0072640945028315,1.5152429545646051,0.0072640945028315,1.5152429545646051,0.0072640945028315,1.5152429545646051
per_kernel_oracle,0pct,1.0,pre_euler3d,compute_step_factor,preeuler3d::computestepfactor,auto,auto,auto,auto,True,1.0,1.0,0.0,0.0,False,auto,auto,auto,auto,True,1.0,1.0,0.0,0.0,0.0,0.0,,,0.0072640945028315,1.5152429545646051,0.0072640945028315,1.5152429545646051,0.0072640945028315,1.5152429545646051
best_global_hindsight,0pct,1.0,pre_euler3d,time_step,preeuler3d::timestep,auto,auto,auto,auto,True,1.0,1.0,0.0,0.0,False,auto,auto,auto,auto,True,1.0,1.0,0.0,0.0,0.0,0.0,0.0,0.0,0.0080555347902019,1.9303712630418952,0.0080555347902019,1.9303712630418952,0.0080555347902019,1.9303712630418952
loko_global_fixed_clock,0pct,1.0,pre_euler3d,time_step,preeuler3d::timestep,auto,auto,auto,auto,True,1.0,1.0,0.0,0.0,False,auto,auto,auto,auto,True,1.0,1.0,0.0,0.0,0.0,0.0,0.0,0.0,0.0080555347902019,1.9303712630418952,0.0080555347902019,1.9303712630418952,0.0080555347902019,1.9303712630418952
strict_global_hindsight,0pct,1.0,pre_euler3d,time_step,preeuler3d::timestep,auto,auto,auto,auto,True,1.0,1.0,0.0,0.0,False,auto,auto,auto,auto,True,1.0,1.0,0.0,0.0,0.0,0.0,0.0,0.0,0.0080555347902019,1.9303712630418952,0.0080555347902019,1.9303712630418952,0.0080555347902019,1.9303712630418952
strict_loko_global_fixed_clock,0pct,1.0,pre_euler3d,time_step,preeuler3d::timestep,auto,auto,auto,auto,True,1.0,1.0,0.0,0.0,False,auto,auto,auto,auto,True,1.0,1.0,0.0,0.0,0.0,0.0,0.0,0.0,0.0080555347902019,1.9303712630418952,0.0080555347902019,1.9303712630418952,0.0080555347902019,1.9303712630418952
per_kernel_oracle,0pct,1.0,pre_euler3d,time_step,preeuler3d::timestep,auto,auto,auto,auto,True,1.0,1.0,0.0,0.0,False,auto,auto,auto,auto,True,1.0,1.0,0.0,0.0,0.0,0.0,,,0.0080555347902019,1.9303712630418952,0.0080555347902019,1.9303712630418952,0.0080555347902019,1.9303712630418952
best_global_hindsight,0pct,1.0,srad_v1,compress,sradv1::compress,auto,auto,auto,auto,True,1.0,1.0,0.0,0.0,False,1890,9501,1890.0,9501.0,False,0.9885032086980564,0.8986789618866927,-1.1496791301943587,10.132103811330728,10.132103811330728,0.10132103811330728,0.0,0.0,0.0468210132034834,14.976018353778445,0.0468210132034834,14.976018353778445,0.046282721786137404,13.458632627369669
loko_global_fixed_clock,0pct,1.0,srad_v1,compress,sradv1::compress,auto,auto,auto,auto,True,1.0,1.0,0.0,0.0,False,1890,9501,1890.0,9501.0,False,0.9885032086980564,0.8986789618866927,-1.1496791301943587,10.132103811330728,10.132103811330728,0.10132103811330728,0.0,0.0,0.0468210132034834,14.976018353778445,0.0468210132034834,14.976018353778445,0.046282721786137404,13.458632627369669
strict_global_hindsight,0pct,1.0,srad_v1,compress,sradv1::compress,auto,auto,auto,auto,True,1.0,1.0,0.0,0.0,False,1890,9501,1890.0,9501.0,False,0.9885032086980564,0.8986789618866927,-1.1496791301943587,10.132103811330728,10.132103811330728,0.10132103811330728,0.0,0.0,0.0468210132034834,14.976018353778445,0.0468210132034834,14.976018353778445,0.046282721786137404,13.458632627369669
strict_loko_global_fixed_clock,0pct,1.0,srad_v1,compress,sradv1::compress,auto,auto,auto,auto,True,1.0,1.0,0.0,0.0,False,1890,9501,1890.0,9501.0,False,0.9885032086980564,0.8986789618866927,-1.1496791301943587,10.132103811330728,10.132103811330728,0.10132103811330728,0.0,0.0,0.0468210132034834,14.976018353778445,0.0468210132034834,14.976018353778445,0.046282721786137404,13.458632627369669
per_kernel_oracle,0pct,1.0,srad_v1,compress,sradv1::compress,1890,9501,1890.0,9501.0,False,0.9885032086980564,0.8986789618866927,-1.1496791301943587,10.132103811330728,False,1890,9501,1890.0,9501.0,False,0.9885032086980564,0.8986789618866927,-1.1496791301943587,10.132103811330728,0.0,0.0,,,0.0468210132034834,14.976018353778445,0.046282721786137404,13.458632627369669,0.046282721786137404,13.458632627369669
best_global_hindsight,0pct,1.0,srad_v1,extract,sradv1::extract,auto,auto,auto,auto,True,1.0,1.0,0.0,0.0,False,auto,auto,auto,auto,True,1.0,1.0,0.0,0.0,0.0,0.0,0.0,0.0,0.0467676313229571,14.500636037114637,0.0467676313229571,14.500636037114637,0.0467676313229571,14.500636037114637
loko_global_fixed_clock,0pct,1.0,srad_v1,extract,sradv1::extract,auto,auto,auto,auto,True,1.0,1.0,0.0,0.0,False,auto,auto,auto,auto,True,1.0,1.0,0.0,0.0,0.0,0.0,0.0,0.0,0.0467676313229571,14.500636037114637,0.0467676313229571,14.500636037114637,0.0467676313229571,14.500636037114637
strict_global_hindsight,0pct,1.0,srad_v1,extract,sradv1::extract,auto,auto,auto,auto,True,1.0,1.0,0.0,0.0,False,auto,auto,auto,auto,True,1.0,1.0,0.0,0.0,0.0,0.0,0.0,0.0,0.0467676313229571,14.500636037114637,0.0467676313229571,14.500636037114637,0.0467676313229571,14.500636037114637
strict_loko_global_fixed_clock,0pct,1.0,srad_v1,extract,sradv1::extract,auto,auto,auto,auto,True,1.0,1.0,0.0,0.0,False,auto,auto,auto,auto,True,1.0,1.0,0.0,0.0,0.0,0.0,0.0,0.0,0.0467676313229571,14.500636037114637,0.0467676313229571,14.500636037114637,0.0467676313229571,14.500636037114637
per_kernel_oracle,0pct,1.0,srad_v1,extract,sradv1::extract,auto,auto,auto,auto,True,1.0,1.0,0.0,0.0,False,auto,auto,auto,auto,True,1.0,1.0,0.0,0.0,0.0,0.0,,,0.0467676313229571,14.500636037114637,0.0467676313229571,14.500636037114637,0.0467676313229571,14.500636037114637
best_global_hindsight,0pct,1.0,srad_v1,prepare,sradv1::prepare,auto,auto,auto,auto,True,1.0,1.0,0.0,0.0,False,1890,9251,1890.0,9251.0,False,0.9997563528365592,0.8942916838231771,-0.024364716344082993,10.570831617682286,10.570831617682286,0.10570831617682286,0.0,0.0,0.0676408279220779,22.657237554112555,0.0676408279220779,22.657237554112555,0.06762434742622189,20.26217912304904
loko_global_fixed_clock,0pct,1.0,srad_v1,prepare,sradv1::prepare,auto,auto,auto,auto,True,1.0,1.0,0.0,0.0,False,1890,9251,1890.0,9251.0,False,0.9997563528365592,0.8942916838231771,-0.024364716344082993,10.570831617682286,10.570831617682286,0.10570831617682286,0.0,0.0,0.0676408279220779,22.657237554112555,0.0676408279220779,22.657237554112555,0.06762434742622189,20.26217912304904
strict_global_hindsight,0pct,1.0,srad_v1,prepare,sradv1::prepare,auto,auto,auto,auto,True,1.0,1.0,0.0,0.0,False,1890,9251,1890.0,9251.0,False,0.9997563528365592,0.8942916838231771,-0.024364716344082993,10.570831617682286,10.570831617682286,0.10570831617682286,0.0,0.0,0.0676408279220779,22.657237554112555,0.0676408279220779,22.657237554112555,0.06762434742622189,20.26217912304904
strict_loko_global_fixed_clock,0pct,1.0,srad_v1,prepare,sradv1::prepare,auto,auto,auto,auto,True,1.0,1.0,0.0,0.0,False,1890,9251,1890.0,9251.0,False,0.9997563528365592,0.8942916838231771,-0.024364716344082993,10.570831617682286,10.570831617682286,0.10570831617682286,0.0,0.0,0.0676408279220779,22.657237554112555,0.0676408279220779,22.657237554112555,0.06762434742622189,20.26217912304904
per_kernel_oracle,0pct,1.0,srad_v1,prepare,sradv1::prepare,1890,9251,1890.0,9251.0,False,0.9997563528365592,0.8942916838231771,-0.024364716344082993,10.570831617682286,False,1890,9251,1890.0,9251.0,False,0.9997563528365592,0.8942916838231771,-0.024364716344082993,10.570831617682286,0.0,0.0,,,0.0676408279220779,22.657237554112555,0.06762434742622189,20.26217912304904,0.06762434742622189,20.26217912304904
best_global_hindsight,0pct,1.0,srad_v1,reduce,sradv1::reduce,auto,auto,auto,auto,True,1.0,1.0,0.0,0.0,False,1950,5001,1950.0,5001.0,False,0.9995507693319764,0.8732793905556866,-0.044923066802360356,12.67206094443134,12.67206094443134,0.1267206094443134,0.0,0.0,0.1156414265229659,36.027290809010594,0.1156414265229659,36.027290809010594,0.11558947684767779,31.46189056106526
loko_global_fixed_clock,0pct,1.0,srad_v1,reduce,sradv1::reduce,auto,auto,auto,auto,True,1.0,1.0,0.0,0.0,False,1950,5001,1950.0,5001.0,False,0.9995507693319764,0.8732793905556866,-0.044923066802360356,12.67206094443134,12.67206094443134,0.1267206094443134,0.0,0.0,0.1156414265229659,36.027290809010594,0.1156414265229659,36.027290809010594,0.11558947684767779,31.46189056106526
strict_global_hindsight,0pct,1.0,srad_v1,reduce,sradv1::reduce,auto,auto,auto,auto,True,1.0,1.0,0.0,0.0,False,1950,5001,1950.0,5001.0,False,0.9995507693319764,0.8732793905556866,-0.044923066802360356,12.67206094443134,12.67206094443134,0.1267206094443134,0.0,0.0,0.1156414265229659,36.027290809010594,0.1156414265229659,36.027290809010594,0.11558947684767779,31.46189056106526
strict_loko_global_fixed_clock,0pct,1.0,srad_v1,reduce,sradv1::reduce,auto,auto,auto,auto,True,1.0,1.0,0.0,0.0,False,1950,5001,1950.0,5001.0,False,0.9995507693319764,0.8732793905556866,-0.044923066802360356,12.67206094443134,12.67206094443134,0.1267206094443134,0.0,0.0,0.1156414265229659,36.027290809010594,0.1156414265229659,36.027290809010594,0.11558947684767779,31.46189056106526
per_kernel_oracle,0pct,1.0,srad_v1,reduce,sradv1::reduce,1950,5001,1950.0,5001.0,False,0.9995507693319764,0.8732793905556866,-0.044923066802360356,12.67206094443134,False,1950,5001,1950.0,5001.0,False,0.9995507693319764,0.8732793905556866,-0.044923066802360356,12.67206094443134,0.0,0.0,,,0.1156414265229659,36.027290809010594,0.11558947684767779,31.46189056106526,0.11558947684767779,31.46189056106526
best_global_hindsight,0pct,1.0,srad_v1,srad,sradv1::srad,auto,auto,auto,auto,True,1.0,1.0,0.0,0.0,False,1935,9501,1935.0,9501.0,False,0.9964654119259012,0.9925486110099384,-0.3534588074098788,0.7451388990061591,0.7451388990061591,0.0074513889900615915,0.0,0.0,0.131279491690078,45.71882794654344,0.131279491690078,45.71882794654344,0.1308154727643765,45.378159175344045
loko_global_fixed_clock,0pct,1.0,srad_v1,srad,sradv1::srad,auto,auto,auto,auto,True,1.0,1.0,0.0,0.0,False,1935,9501,1935.0,9501.0,False,0.9964654119259012,0.9925486110099384,-0.3534588074098788,0.7451388990061591,0.7451388990061591,0.0074513889900615915,0.0,0.0,0.131279491690078,45.71882794654344,0.131279491690078,45.71882794654344,0.1308154727643765,45.378159175344045
strict_global_hindsight,0pct,1.0,srad_v1,srad,sradv1::srad,auto,auto,auto,auto,True,1.0,1.0,0.0,0.0,False,1935,9501,1935.0,9501.0,False,0.9964654119259012,0.9925486110099384,-0.3534588074098788,0.7451388990061591,0.7451388990061591,0.0074513889900615915,0.0,0.0,0.131279491690078,45.71882794654344,0.131279491690078,45.71882794654344,0.1308154727643765,45.378159175344045
strict_loko_global_fixed_clock,0pct,1.0,srad_v1,srad,sradv1::srad,auto,auto,auto,auto,True,1.0,1.0,0.0,0.0,False,1935,9501,1935.0,9501.0,False,0.9964654119259012,0.9925486110099384,-0.3534588074098788,0.7451388990061591,0.7451388990061591,0.0074513889900615915,0.0,0.0,0.131279491690078,45.71882794654344,0.131279491690078,45.71882794654344,0.1308154727643765,45.378159175344045
per_kernel_oracle,0pct,1.0,srad_v1,srad,sradv1::srad,1935,9501,1935.0,9501.0,False,0.9964654119259012,0.9925486110099384,-0.3534588074098788,0.7451388990061591,False,1935,9501,1935.0,9501.0,False,0.9964654119259012,0.9925486110099384,-0.3534588074098788,0.7451388990061591,0.0,0.0,,,0.131279491690078,45.71882794654344,0.1308154727643765,45.378159175344045,0.1308154727643765,45.378159175344045
best_global_hindsight,0pct,1.0,srad_v1,srad2,sradv1::srad2,auto,auto,auto,auto,True,1.0,1.0,0.0,0.0,False,1890,9251,1890.0,9251.0,False,0.9967469228887484,0.979549091708194,-0.32530771112515566,2.045090829180596,2.045090829180596,0.020450908291805958,0.0,0.0,0.1452390856014175,50.05771632730124,0.1452390856014175,50.05771632730124,0.1447666116563884,49.03399056139437
loko_global_fixed_clock,0pct,1.0,srad_v1,srad2,sradv1::srad2,auto,auto,auto,auto,True,1.0,1.0,0.0,0.0,False,1890,9251,1890.0,9251.0,False,0.9967469228887484,0.979549091708194,-0.32530771112515566,2.045090829180596,2.045090829180596,0.020450908291805958,0.0,0.0,0.1452390856014175,50.05771632730124,0.1452390856014175,50.05771632730124,0.1447666116563884,49.03399056139437
strict_global_hindsight,0pct,1.0,srad_v1,srad2,sradv1::srad2,auto,auto,auto,auto,True,1.0,1.0,0.0,0.0,False,1890,9251,1890.0,9251.0,False,0.9967469228887484,0.979549091708194,-0.32530771112515566,2.045090829180596,2.045090829180596,0.020450908291805958,0.0,0.0,0.1452390856014175,50.05771632730124,0.1452390856014175,50.05771632730124,0.1447666116563884,49.03399056139437
strict_loko_global_fixed_clock,0pct,1.0,srad_v1,srad2,sradv1::srad2,auto,auto,auto,auto,True,1.0,1.0,0.0,0.0,False,1890,9251,1890.0,9251.0,False,0.9967469228887484,0.979549091708194,-0.32530771112515566,2.045090829180596,2.045090829180596,0.020450908291805958,0.0,0.0,0.1452390856014175,50.05771632730124,0.1452390856014175,50.05771632730124,0.1447666116563884,49.03399056139437
per_kernel_oracle,0pct,1.0,srad_v1,srad2,sradv1::srad2,1890,9251,1890.0,9251.0,False,0.9967469228887484,0.979549091708194,-0.32530771112515566,2.045090829180596,False,1890,9251,1890.0,9251.0,False,0.9967469228887484,0.979549091708194,-0.32530771112515566,2.045090829180596,0.0,0.0,,,0.1452390856014175,50.05771632730124,0.1447666116563884,49.03399056139437,0.1447666116563884,49.03399056139437
best_global_hindsight,0pct,1.0,streamcluster,compute_cost,streamcluster::computecost,auto,auto,auto,auto,True,1.0,1.0,0.0,0.0,False,1950,9251,1950.0,9251.0,False,0.9999178489965276,0.9862228521074592,-0.008215100347241933,1.3777147892540809,1.3777147892540809,0.013777147892540809,0.0,0.0,0.3867962404270132,126.6268275702019,0.3867962404270132,126.6268275702019,0.3867644647277228,124.88227103960396
loko_global_fixed_clock,0pct,1.0,streamcluster,compute_cost,streamcluster::computecost,auto,auto,auto,auto,True,1.0,1.0,0.0,0.0,False,1950,9251,1950.0,9251.0,False,0.9999178489965276,0.9862228521074592,-0.008215100347241933,1.3777147892540809,1.3777147892540809,0.013777147892540809,0.0,0.0,0.3867962404270132,126.6268275702019,0.3867962404270132,126.6268275702019,0.3867644647277228,124.88227103960396
strict_global_hindsight,0pct,1.0,streamcluster,compute_cost,streamcluster::computecost,auto,auto,auto,auto,True,1.0,1.0,0.0,0.0,False,1950,9251,1950.0,9251.0,False,0.9999178489965276,0.9862228521074592,-0.008215100347241933,1.3777147892540809,1.3777147892540809,0.013777147892540809,0.0,0.0,0.3867962404270132,126.6268275702019,0.3867962404270132,126.6268275702019,0.3867644647277228,124.88227103960396
strict_loko_global_fixed_clock,0pct,1.0,streamcluster,compute_cost,streamcluster::computecost,auto,auto,auto,auto,True,1.0,1.0,0.0,0.0,False,1950,9251,1950.0,9251.0,False,0.9999178489965276,0.9862228521074592,-0.008215100347241933,1.3777147892540809,1.3777147892540809,0.013777147892540809,0.0,0.0,0.3867962404270132,126.6268275702019,0.3867962404270132,126.6268275702019,0.3867644647277228,124.88227103960396
per_kernel_oracle,0pct,1.0,streamcluster,compute_cost,streamcluster::computecost,1950,9251,1950.0,9251.0,False,0.9999178489965276,0.9862228521074592,-0.008215100347241933,1.3777147892540809,False,1950,9251,1950.0,9251.0,False,0.9999178489965276,0.9862228521074592,-0.008215100347241933,1.3777147892540809,0.0,0.0,,,0.3867962404270132,126.6268275702019,0.3867644647277228,124.88227103960396,0.3867644647277228,124.88227103960396
best_global_hindsight,0pct,1.0,syr2k,syr2k_kernel,syr2k::syr2kkernel,auto,auto,auto,auto,True,1.0,1.0,0.0,0.0,False,1950,810,1950.0,810.0,False,0.9808222233220476,0.702398587500284,-1.9177776677952396,29.760141249971596,29.760141249971596,0.29760141249971594,0.0,0.0,15.537757763975156,3970.515527950311,15.537757763975156,3970.515527950311,15.239778115501519,2788.884498480243
loko_global_fixed_clock,0pct,1.0,syr2k,syr2k_kernel,syr2k::syr2kkernel,auto,auto,auto,auto,True,1.0,1.0,0.0,0.0,False,1950,810,1950.0,810.0,False,0.9808222233220476,0.702398587500284,-1.9177776677952396,29.760141249971596,29.760141249971596,0.29760141249971594,0.0,0.0,15.537757763975156,3970.515527950311,15.537757763975156,3970.515527950311,15.239778115501519,2788.884498480243
strict_global_hindsight,0pct,1.0,syr2k,syr2k_kernel,syr2k::syr2kkernel,auto,auto,auto,auto,True,1.0,1.0,0.0,0.0,False,1950,810,1950.0,810.0,False,0.9808222233220476,0.702398587500284,-1.9177776677952396,29.760141249971596,29.760141249971596,0.29760141249971594,0.0,0.0,15.537757763975156,3970.515527950311,15.537757763975156,3970.515527950311,15.239778115501519,2788.884498480243
strict_loko_global_fixed_clock,0pct,1.0,syr2k,syr2k_kernel,syr2k::syr2kkernel,auto,auto,auto,auto,True,1.0,1.0,0.0,0.0,False,1950,810,1950.0,810.0,False,0.9808222233220476,0.702398587500284,-1.9177776677952396,29.760141249971596,29.760141249971596,0.29760141249971594,0.0,0.0,15.537757763975156,3970.515527950311,15.537757763975156,3970.515527950311,15.239778115501519,2788.884498480243
per_kernel_oracle,0pct,1.0,syr2k,syr2k_kernel,syr2k::syr2kkernel,1950,810,1950.0,810.0,False,0.9808222233220476,0.702398587500284,-1.9177776677952396,29.760141249971596,False,1950,810,1950.0,810.0,False,0.9808222233220476,0.702398587500284,-1.9177776677952396,29.760141249971596,0.0,0.0,,,15.537757763975156,3970.515527950311,15.239778115501519,2788.884498480243,15.239778115501519,2788.884498480243
best_global_hindsight,0pct,1.0,syrk,syrk_kernel,syrk::syrkkernel,auto,auto,auto,auto,True,1.0,1.0,0.0,0.0,False,1950,810,1950.0,810.0,False,0.9827321099284988,0.7209188313265972,-1.7267890071501202,27.908116867340283,27.908116867340283,0.2790811686734028,0.0,0.0,7.959238473767885,1987.608903020668,7.959238473767885,1987.608903020668,7.821799218749999,1432.9046875
loko_global_fixed_clock,0pct,1.0,syrk,syrk_kernel,syrk::syrkkernel,auto,auto,auto,auto,True,1.0,1.0,0.0,0.0,False,1950,810,1950.0,810.0,False,0.9827321099284988,0.7209188313265972,-1.7267890071501202,27.908116867340283,27.908116867340283,0.2790811686734028,0.0,0.0,7.959238473767885,1987.608903020668,7.959238473767885,1987.608903020668,7.821799218749999,1432.9046875
strict_global_hindsight,0pct,1.0,syrk,syrk_kernel,syrk::syrkkernel,auto,auto,auto,auto,True,1.0,1.0,0.0,0.0,False,1950,810,1950.0,810.0,False,0.9827321099284988,0.7209188313265972,-1.7267890071501202,27.908116867340283,27.908116867340283,0.2790811686734028,0.0,0.0,7.959238473767885,1987.608903020668,7.959238473767885,1987.608903020668,7.821799218749999,1432.9046875
strict_loko_global_fixed_clock,0pct,1.0,syrk,syrk_kernel,syrk::syrkkernel,auto,auto,auto,auto,True,1.0,1.0,0.0,0.0,False,1950,810,1950.0,810.0,False,0.9827321099284988,0.7209188313265972,-1.7267890071501202,27.908116867340283,27.908116867340283,0.2790811686734028,0.0,0.0,7.959238473767885,1987.608903020668,7.959238473767885,1987.608903020668,7.821799218749999,1432.9046875
per_kernel_oracle,0pct,1.0,syrk,syrk_kernel,syrk::syrkkernel,1950,810,1950.0,810.0,False,0.9827321099284988,0.7209188313265972,-1.7267890071501202,27.908116867340283,False,1950,810,1950.0,810.0,False,0.9827321099284988,0.7209188313265972,-1.7267890071501202,27.908116867340283,0.0,0.0,,,7.959238473767885,1987.608903020668,7.821799218749999,1432.9046875,7.821799218749999,1432.9046875
best_global_hindsight,1pct,1.01,2dconv,convolution2D_kernel,2dconv::convolution2dkernel,auto,auto,auto,auto,True,1.0,1.0,0.0,0.0,False,1935,9251,1935.0,9251.0,False,0.9994308438366016,0.9982528229761106,-0.05691561633983655,0.1747177023889379,0.1747177023889379,0.0017471770238893791,0.0,0.0,0.1732624922032019,59.52214290664634,0.1732624922032019,59.52214290664634,0.17316387878787867,59.41814718614719
loko_global_fixed_clock,1pct,1.01,2dconv,convolution2D_kernel,2dconv::convolution2dkernel,auto,auto,auto,auto,True,1.0,1.0,0.0,0.0,False,1935,9251,1935.0,9251.0,False,0.9994308438366016,0.9982528229761106,-0.05691561633983655,0.1747177023889379,0.1747177023889379,0.0017471770238893791,0.0,0.0,0.1732624922032019,59.52214290664634,0.1732624922032019,59.52214290664634,0.17316387878787867,59.41814718614719
strict_global_hindsight,1pct,1.01,2dconv,convolution2D_kernel,2dconv::convolution2dkernel,auto,auto,auto,auto,True,1.0,1.0,0.0,0.0,False,1935,9251,1935.0,9251.0,False,0.9994308438366016,0.9982528229761106,-0.05691561633983655,0.1747177023889379,0.1747177023889379,0.0017471770238893791,0.0,0.0,0.1732624922032019,59.52214290664634,0.1732624922032019,59.52214290664634,0.17316387878787867,59.41814718614719
strict_loko_global_fixed_clock,1pct,1.01,2dconv,convolution2D_kernel,2dconv::convolution2dkernel,auto,auto,auto,auto,True,1.0,1.0,0.0,0.0,False,1935,9251,1935.0,9251.0,False,0.9994308438366016,0.9982528229761106,-0.05691561633983655,0.1747177023889379,0.1747177023889379,0.0017471770238893791,0.0,0.0,0.1732624922032019,59.52214290664634,0.1732624922032019,59.52214290664634,0.17316387878787867,59.41814718614719
per_kernel_oracle,1pct,1.01,2dconv,convolution2D_kernel,2dconv::convolution2dkernel,1935,9251,1935.0,9251.0,False,0.9994308438366016,0.9982528229761106,-0.05691561633983655,0.1747177023889379,False,1935,9251,1935.0,9251.0,False,0.9994308438366016,0.9982528229761106,-0.05691561633983655,0.1747177023889379,0.0,0.0,,,0.1732624922032019,59.52214290664634,0.17316387878787867,59.41814718614719,0.17316387878787867,59.41814718614719
best_global_hindsight,1pct,1.01,2mm,mm2_kernel1,2mm::mm2kernel1,auto,auto,auto,auto,True,1.0,1.0,0.0,0.0,False,1890,5001,1890.0,5001.0,False,0.9763786924983164,0.9680134767447636,-2.3621307501683564,3.198652325523643,3.198652325523643,0.03198652325523643,0.0,0.0,2.134778062313273,696.625693555271,2.134778062313273,696.625693555271,2.084351813255523,674.3430596081702
loko_global_fixed_clock,1pct,1.01,2mm,mm2_kernel1,2mm::mm2kernel1,auto,auto,auto,auto,True,1.0,1.0,0.0,0.0,False,1890,5001,1890.0,5001.0,False,0.9763786924983164,0.9680134767447636,-2.3621307501683564,3.198652325523643,3.198652325523643,0.03198652325523643,0.0,0.0,2.134778062313273,696.625693555271,2.134778062313273,696.625693555271,2.084351813255523,674.3430596081702
strict_global_hindsight,1pct,1.01,2mm,mm2_kernel1,2mm::mm2kernel1,auto,auto,auto,auto,True,1.0,1.0,0.0,0.0,False,1890,5001,1890.0,5001.0,False,0.9763786924983164,0.9680134767447636,-2.3621307501683564,3.198652325523643,3.198652325523643,0.03198652325523643,0.0,0.0,2.134778062313273,696.625693555271,2.134778062313273,696.625693555271,2.084351813255523,674.3430596081702
strict_loko_global_fixed_clock,1pct,1.01,2mm,mm2_kernel1,2mm::mm2kernel1,auto,auto,auto,auto,True,1.0,1.0,0.0,0.0,False,1890,5001,1890.0,5001.0,False,0.9763786924983164,0.9680134767447636,-2.3621307501683564,3.198652325523643,3.198652325523643,0.03198652325523643,0.0,0.0,2.134778062313273,696.625693555271,2.134778062313273,696.625693555271,2.084351813255523,674.3430596081702
per_kernel_oracle,1pct,1.01,2mm,mm2_kernel1,2mm::mm2kernel1,1890,5001,1890.0,5001.0,False,0.9763786924983164,0.9680134767447636,-2.3621307501683564,3.198652325523643,False,1890,5001,1890.0,5001.0,False,0.9763786924983164,0.9680134767447636,-2.3621307501683564,3.198652325523643,0.0,0.0,,,2.134778062313273,696.625693555271,2.084351813255523,674.3430596081702,2.084351813255523,674.3430596081702
best_global_hindsight,1pct,1.01,2mm,mm2_kernel2,2mm::mm2kernel2,auto,auto,auto,auto,True,1.0,1.0,0.0,0.0,False,1890,5001,1890.0,5001.0,False,0.9963153457813638,0.8975959893322133,-0.3684654218636174,10.24040106677867,10.24040106677867,0.1024040106677867,0.0,0.0,2.032619105691057,674.4752032520325,2.032619105691057,674.4752032520325,2.025129607128392,605.4062373430538
loko_global_fixed_clock,1pct,1.01,2mm,mm2_kernel2,2mm::mm2kernel2,auto,auto,auto,auto,True,1.0,1.0,0.0,0.0,False,1890,5001,1890.0,5001.0,False,0.9963153457813638,0.8975959893322133,-0.3684654218636174,10.24040106677867,10.24040106677867,0.1024040106677867,0.0,0.0,2.032619105691057,674.4752032520325,2.032619105691057,674.4752032520325,2.025129607128392,605.4062373430538
strict_global_hindsight,1pct,1.01,2mm,mm2_kernel2,2mm::mm2kernel2,auto,auto,auto,auto,True,1.0,1.0,0.0,0.0,False,1890,5001,1890.0,5001.0,False,0.9963153457813638,0.8975959893322133,-0.3684654218636174,10.24040106677867,10.24040106677867,0.1024040106677867,0.0,0.0,2.032619105691057,674.4752032520325,2.032619105691057,674.4752032520325,2.025129607128392,605.4062373430538
strict_loko_global_fixed_clock,1pct,1.01,2mm,mm2_kernel2,2mm::mm2kernel2,auto,auto,auto,auto,True,1.0,1.0,0.0,0.0,False,1890,5001,1890.0,5001.0,False,0.9963153457813638,0.8975959893322133,-0.3684654218636174,10.24040106677867,10.24040106677867,0.1024040106677867,0.0,0.0,2.032619105691057,674.4752032520325,2.032619105691057,674.4752032520325,2.025129607128392,605.4062373430538
per_kernel_oracle,1pct,1.01,2mm,mm2_kernel2,2mm::mm2kernel2,1890,5001,1890.0,5001.0,False,0.9963153457813638,0.8975959893322133,-0.3684654218636174,10.24040106677867,False,1890,5001,1890.0,5001.0,False,0.9963153457813638,0.8975959893322133,-0.3684654218636174,10.24040106677867,0.0,0.0,,,2.032619105691057,674.4752032520325,2.025129607128392,605.4062373430538,2.025129607128392,605.4062373430538
best_global_hindsight,1pct,1.01,3mm,mm3_kernel1,3mm::mm3kernel1,auto,auto,auto,auto,True,1.0,1.0,0.0,0.0,False,1890,810,1890.0,810.0,False,1.0014697353367508,0.6895903239160999,0.1469735336750766,31.040967608390012,31.040967608390012,0.31040967608390013,0.0,0.0,0.329816160949868,112.27612137203168,0.329816160949868,112.27612137203168,0.33030090341624746,77.42452690498267
loko_global_fixed_clock,1pct,1.01,3mm,mm3_kernel1,3mm::mm3kernel1,auto,auto,auto,auto,True,1.0,1.0,0.0,0.0,False,1890,810,1890.0,810.0,False,1.0014697353367508,0.6895903239160999,0.1469735336750766,31.040967608390012,31.040967608390012,0.31040967608390013,0.0,0.0,0.329816160949868,112.27612137203168,0.329816160949868,112.27612137203168,0.33030090341624746,77.42452690498267
strict_global_hindsight,1pct,1.01,3mm,mm3_kernel1,3mm::mm3kernel1,auto,auto,auto,auto,True,1.0,1.0,0.0,0.0,False,1890,810,1890.0,810.0,False,1.0014697353367508,0.6895903239160999,0.1469735336750766,31.040967608390012,31.040967608390012,0.31040967608390013,0.0,0.0,0.329816160949868,112.27612137203168,0.329816160949868,112.27612137203168,0.33030090341624746,77.42452690498267
strict_loko_global_fixed_clock,1pct,1.01,3mm,mm3_kernel1,3mm::mm3kernel1,auto,auto,auto,auto,True,1.0,1.0,0.0,0.0,False,1890,810,1890.0,810.0,False,1.0014697353367508,0.6895903239160999,0.1469735336750766,31.040967608390012,31.040967608390012,0.31040967608390013,0.0,0.0,0.329816160949868,112.27612137203168,0.329816160949868,112.27612137203168,0.33030090341624746,77.42452690498267
per_kernel_oracle,1pct,1.01,3mm,mm3_kernel1,3mm::mm3kernel1,1890,810,1890.0,810.0,False,1.0014697353367508,0.6895903239160999,0.1469735336750766,31.040967608390012,False,1890,810,1890.0,810.0,False,1.0014697353367508,0.6895903239160999,0.1469735336750766,31.040967608390012,0.0,0.0,,,0.329816160949868,112.27612137203168,0.33030090341624746,77.42452690498267,0.33030090341624746,77.42452690498267
best_global_hindsight,1pct,1.01,3mm,mm3_kernel2,3mm::mm3kernel2,auto,auto,auto,auto,True,1.0,1.0,0.0,0.0,False,1890,810,1890.0,810.0,False,1.0087362248051623,0.6960437035868351,0.873622480516234,30.39562964131649,30.39562964131649,0.3039562964131649,0.0,0.0,0.3275530298067474,112.24828037995414,0.3275530298067474,112.24828037995414,0.3304146067107512,78.12970879691676
loko_global_fixed_clock,1pct,1.01,3mm,mm3_kernel2,3mm::mm3kernel2,auto,auto,auto,auto,True,1.0,1.0,0.0,0.0,False,1890,810,1890.0,810.0,False,1.0087362248051623,0.6960437035868351,0.873622480516234,30.39562964131649,30.39562964131649,0.3039562964131649,0.0,0.0,0.3275530298067474,112.24828037995414,0.3275530298067474,112.24828037995414,0.3304146067107512,78.12970879691676
strict_global_hindsight,1pct,1.01,3mm,mm3_kernel2,3mm::mm3kernel2,auto,auto,auto,auto,True,1.0,1.0,0.0,0.0,False,1890,810,1890.0,810.0,False,1.0087362248051623,0.6960437035868351,0.873622480516234,30.39562964131649,30.39562964131649,0.3039562964131649,0.0,0.0,0.3275530298067474,112.24828037995414,0.3275530298067474,112.24828037995414,0.3304146067107512,78.12970879691676
strict_loko_global_fixed_clock,1pct,1.01,3mm,mm3_kernel2,3mm::mm3kernel2,auto,auto,auto,auto,True,1.0,1.0,0.0,0.0,False,1890,810,1890.0,810.0,False,1.0087362248051623,0.6960437035868351,0.873622480516234,30.39562964131649,30.39562964131649,0.3039562964131649,0.0,0.0,0.3275530298067474,112.24828037995414,0.3275530298067474,112.24828037995414,0.3304146067107512,78.12970879691676
per_kernel_oracle,1pct,1.01,3mm,mm3_kernel2,3mm::mm3kernel2,1890,810,1890.0,810.0,False,1.0087362248051623,0.6960437035868351,0.873622480516234,30.39562964131649,False,1890,810,1890.0,810.0,False,1.0087362248051623,0.6960437035868351,0.873622480516234,30.39562964131649,0.0,0.0,,,0.3275530298067474,112.24828037995414,0.3304146067107512,78.12970879691676,0.3304146067107512,78.12970879691676
best_global_hindsight,1pct,1.01,3mm,mm3_kernel3,3mm::mm3kernel3,auto,auto,auto,auto,True,1.0,1.0,0.0,0.0,False,1890,810,1890.0,810.0,False,1.003093574726729,0.6970121118587808,0.3093574726729109,30.298788814121924,30.298788814121924,0.30298788814121924,0.0,0.0,0.3288522854324235,113.16270963498847,0.3288522854324235,113.16270963498847,0.32986961455146435,78.87577922634532
loko_global_fixed_clock,1pct,1.01,3mm,mm3_kernel3,3mm::mm3kernel3,auto,auto,auto,auto,True,1.0,1.0,0.0,0.0,False,1890,810,1890.0,810.0,False,1.003093574726729,0.6970121118587808,0.3093574726729109,30.298788814121924,30.298788814121924,0.30298788814121924,0.0,0.0,0.3288522854324235,113.16270963498847,0.3288522854324235,113.16270963498847,0.32986961455146435,78.87577922634532
strict_global_hindsight,1pct,1.01,3mm,mm3_kernel3,3mm::mm3kernel3,auto,auto,auto,auto,True,1.0,1.0,0.0,0.0,False,1890,810,1890.0,810.0,False,1.003093574726729,0.6970121118587808,0.3093574726729109,30.298788814121924,30.298788814121924,0.30298788814121924,0.0,0.0,0.3288522854324235,113.16270963498847,0.3288522854324235,113.16270963498847,0.32986961455146435,78.87577922634532
strict_loko_global_fixed_clock,1pct,1.01,3mm,mm3_kernel3,3mm::mm3kernel3,auto,auto,auto,auto,True,1.0,1.0,0.0,0.0,False,1890,810,1890.0,810.0,False,1.003093574726729,0.6970121118587808,0.3093574726729109,30.298788814121924,30.298788814121924,0.30298788814121924,0.0,0.0,0.3288522854324235,113.16270963498847,0.3288522854324235,113.16270963498847,0.32986961455146435,78.87577922634532
per_kernel_oracle,1pct,1.01,3mm,mm3_kernel3,3mm::mm3kernel3,1890,810,1890.0,810.0,False,1.003093574726729,0.6970121118587808,0.3093574726729109,30.298788814121924,False,1890,810,1890.0,810.0,False,1.003093574726729,0.6970121118587808,0.3093574726729109,30.298788814121924,0.0,0.0,,,0.3288522854324235,113.16270963498847,0.32986961455146435,78.87577922634532,0.32986961455146435,78.87577922634532
best_global_hindsight,1pct,1.01,atax,atax_kernel1,atax::ataxkernel1,auto,auto,auto,auto,True,1.0,1.0,0.0,0.0,False,1965,5001,1965.0,5001.0,False,0.9806231304496892,0.825618111257571,-1.9376869550310816,17.4381888742429,17.4381888742429,0.174381888742429,0.0,0.0,1.2237679882525696,296.98164464023495,1.2237679882525696,296.98164464023495,1.2000551955843533,245.19342452603792
loko_global_fixed_clock,1pct,1.01,atax,atax_kernel1,atax::ataxkernel1,auto,auto,auto,auto,True,1.0,1.0,0.0,0.0,False,1965,5001,1965.0,5001.0,False,0.9806231304496892,0.825618111257571,-1.9376869550310816,17.4381888742429,17.4381888742429,0.174381888742429,0.0,0.0,1.2237679882525696,296.98164464023495,1.2237679882525696,296.98164464023495,1.2000551955843533,245.19342452603792
strict_global_hindsight,1pct,1.01,atax,atax_kernel1,atax::ataxkernel1,auto,auto,auto,auto,True,1.0,1.0,0.0,0.0,False,1965,5001,1965.0,5001.0,False,0.9806231304496892,0.825618111257571,-1.9376869550310816,17.4381888742429,17.4381888742429,0.174381888742429,0.0,0.0,1.2237679882525696,296.98164464023495,1.2237679882525696,296.98164464023495,1.2000551955843533,245.19342452603792
strict_loko_global_fixed_clock,1pct,1.01,atax,atax_kernel1,atax::ataxkernel1,auto,auto,auto,auto,True,1.0,1.0,0.0,0.0,False,1965,5001,1965.0,5001.0,False,0.9806231304496892,0.825618111257571,-1.9376869550310816,17.4381888742429,17.4381888742429,0.174381888742429,0.0,0.0,1.2237679882525696,296.98164464023495,1.2237679882525696,296.98164464023495,1.2000551955843533,245.19342452603792
per_kernel_oracle,1pct,1.01,atax,atax_kernel1,atax::ataxkernel1,1965,5001,1965.0,5001.0,False,0.9806231304496892,0.825618111257571,-1.9376869550310816,17.4381888742429,False,1965,5001,1965.0,5001.0,False,0.9806231304496892,0.825618111257571,-1.9376869550310816,17.4381888742429,0.0,0.0,,,1.2237679882525696,296.98164464023495,1.2000551955843533,245.19342452603792,1.2000551955843533,245.19342452603792
best_global_hindsight,1pct,1.01,atax,atax_kernel2,atax::ataxkernel2,auto,auto,auto,auto,True,1.0,1.0,0.0,0.0,False,1965,9251,1965.0,9251.0,False,0.9972474865663185,0.9824988133792668,-0.2752513433681547,1.750118662073319,1.750118662073319,0.01750118662073319,0.0,0.0,1.216248784046693,241.7205739299611,1.216248784046693,241.7205739299611,1.2129010429299056,237.49017705554212
loko_global_fixed_clock,1pct,1.01,atax,atax_kernel2,atax::ataxkernel2,auto,auto,auto,auto,True,1.0,1.0,0.0,0.0,False,1965,9251,1965.0,9251.0,False,0.9972474865663185,0.9824988133792668,-0.2752513433681547,1.750118662073319,1.750118662073319,0.01750118662073319,0.0,0.0,1.216248784046693,241.7205739299611,1.216248784046693,241.7205739299611,1.2129010429299056,237.49017705554212
strict_global_hindsight,1pct,1.01,atax,atax_kernel2,atax::ataxkernel2,auto,auto,auto,auto,True,1.0,1.0,0.0,0.0,False,1965,9251,1965.0,9251.0,False,0.9972474865663185,0.9824988133792668,-0.2752513433681547,1.750118662073319,1.750118662073319,0.01750118662073319,0.0,0.0,1.216248784046693,241.7205739299611,1.216248784046693,241.7205739299611,1.2129010429299056,237.49017705554212
strict_loko_global_fixed_clock,1pct,1.01,atax,atax_kernel2,atax::ataxkernel2,auto,auto,auto,auto,True,1.0,1.0,0.0,0.0,False,1965,9251,1965.0,9251.0,False,0.9972474865663185,0.9824988133792668,-0.2752513433681547,1.750118662073319,1.750118662073319,0.01750118662073319,0.0,0.0,1.216248784046693,241.7205739299611,1.216248784046693,241.7205739299611,1.2129010429299056,237.49017705554212
per_kernel_oracle,1pct,1.01,atax,atax_kernel2,atax::ataxkernel2,1965,9251,1965.0,9251.0,False,0.9972474865663185,0.9824988133792668,-0.2752513433681547,1.750118662073319,False,1965,9251,1965.0,9251.0,False,0.9972474865663185,0.9824988133792668,-0.2752513433681547,1.750118662073319,0.0,0.0,,,1.216248784046693,241.7205739299611,1.2129010429299056,237.49017705554212,1.2129010429299056,237.49017705554212
best_global_hindsight,1pct,1.01,bicg,bicg_kernel1,bicg::bicgkernel1,auto,auto,auto,auto,True,1.0,1.0,0.0,0.0,False,1950,9251,1950.0,9251.0,False,0.9910571128342438,0.9502413056460112,-0.8942887165756197,4.975869435398883,4.975869435398883,0.04975869435398883,0.0,0.0,1.1971323916686616,219.7598755087384,1.1971323916686616,219.7598755087384,1.1864265717674969,208.82491103202844
loko_global_fixed_clock,1pct,1.01,bicg,bicg_kernel1,bicg::bicgkernel1,auto,auto,auto,auto,True,1.0,1.0,0.0,0.0,False,1950,9251,1950.0,9251.0,False,0.9910571128342438,0.9502413056460112,-0.8942887165756197,4.975869435398883,4.975869435398883,0.04975869435398883,0.0,0.0,1.1971323916686616,219.7598755087384,1.1971323916686616,219.7598755087384,1.1864265717674969,208.82491103202844
strict_global_hindsight,1pct,1.01,bicg,bicg_kernel1,bicg::bicgkernel1,auto,auto,auto,auto,True,1.0,1.0,0.0,0.0,False,1950,9251,1950.0,9251.0,False,0.9910571128342438,0.9502413056460112,-0.8942887165756197,4.975869435398883,4.975869435398883,0.04975869435398883,0.0,0.0,1.1971323916686616,219.7598755087384,1.1971323916686616,219.7598755087384,1.1864265717674969,208.82491103202844
strict_loko_global_fixed_clock,1pct,1.01,bicg,bicg_kernel1,bicg::bicgkernel1,auto,auto,auto,auto,True,1.0,1.0,0.0,0.0,False,1950,9251,1950.0,9251.0,False,0.9910571128342438,0.9502413056460112,-0.8942887165756197,4.975869435398883,4.975869435398883,0.04975869435398883,0.0,0.0,1.1971323916686616,219.7598755087384,1.1971323916686616,219.7598755087384,1.1864265717674969,208.82491103202844
per_kernel_oracle,1pct,1.01,bicg,bicg_kernel1,bicg::bicgkernel1,1950,9251,1950.0,9251.0,False,0.9910571128342438,0.9502413056460112,-0.8942887165756197,4.975869435398883,False,1950,9251,1950.0,9251.0,False,0.9910571128342438,0.9502413056460112,-0.8942887165756197,4.975869435398883,0.0,0.0,,,1.1971323916686616,219.7598755087384,1.1864265717674969,208.82491103202844,1.1864265717674969,208.82491103202844
best_global_hindsight,1pct,1.01,bicg,bicg_kernel2,bicg::bicgkernel2,auto,auto,auto,auto,True,1.0,1.0,0.0,0.0,False,1950,5001,1950.0,5001.0,False,0.9990835676599982,0.8655421691601409,-0.0916432340001827,13.445783083985907,13.445783083985907,0.13445783083985907,0.0,0.0,0.6395367694078526,134.00882465788465,0.6395367694078526,134.00882465788465,0.638950677229747,115.99028878098646
loko_global_fixed_clock,1pct,1.01,bicg,bicg_kernel2,bicg::bicgkernel2,auto,auto,auto,auto,True,1.0,1.0,0.0,0.0,False,1950,5001,1950.0,5001.0,False,0.9990835676599982,0.8655421691601409,-0.0916432340001827,13.445783083985907,13.445783083985907,0.13445783083985907,0.0,0.0,0.6395367694078526,134.00882465788465,0.6395367694078526,134.00882465788465,0.638950677229747,115.99028878098646
strict_global_hindsight,1pct,1.01,bicg,bicg_kernel2,bicg::bicgkernel2,auto,auto,auto,auto,True,1.0,1.0,0.0,0.0,False,1950,5001,1950.0,5001.0,False,0.9990835676599982,0.8655421691601409,-0.0916432340001827,13.445783083985907,13.445783083985907,0.13445783083985907,0.0,0.0,0.6395367694078526,134.00882465788465,0.6395367694078526,134.00882465788465,0.638950677229747,115.99028878098646
strict_loko_global_fixed_clock,1pct,1.01,bicg,bicg_kernel2,bicg::bicgkernel2,auto,auto,auto,auto,True,1.0,1.0,0.0,0.0,False,1950,5001,1950.0,5001.0,False,0.9990835676599982,0.8655421691601409,-0.0916432340001827,13.445783083985907,13.445783083985907,0.13445783083985907,0.0,0.0,0.6395367694078526,134.00882465788465,0.6395367694078526,134.00882465788465,0.638950677229747,115.99028878098646
per_kernel_oracle,1pct,1.01,bicg,bicg_kernel2,bicg::bicgkernel2,1950,5001,1950.0,5001.0,False,0.9990835676599982,0.8655421691601409,-0.0916432340001827,13.445783083985907,False,1950,5001,1950.0,5001.0,False,0.9990835676599982,0.8655421691601409,-0.0916432340001827,13.445783083985907,0.0,0.0,,,0.6395367694078526,134.00882465788465,0.638950677229747,115.99028878098646,0.638950677229747,115.99028878098646
best_global_hindsight,1pct,1.01,correlation,corr_kernel,correlation::corrkernel,auto,auto,auto,auto,True,1.0,1.0,0.0,0.0,False,1950,9251,1950.0,9251.0,False,0.9924064269844408,0.9122072943750038,-0.7593573015559185,8.779270562499619,8.779270562499619,0.08779270562499619,0.0,0.0,1351.50475,243653.5,1351.50475,243653.5,1341.242,222262.5
loko_global_fixed_clock,1pct,1.01,correlation,corr_kernel,correlation::corrkernel,auto,auto,auto,auto,True,1.0,1.0,0.0,0.0,False,1950,9251,1950.0,9251.0,False,0.9924064269844408,0.9122072943750038,-0.7593573015559185,8.779270562499619,8.779270562499619,0.08779270562499619,0.0,0.0,1351.50475,243653.5,1351.50475,243653.5,1341.242,222262.5
strict_global_hindsight,1pct,1.01,correlation,corr_kernel,correlation::corrkernel,auto,auto,auto,auto,True,1.0,1.0,0.0,0.0,False,1950,9251,1950.0,9251.0,False,0.9924064269844408,0.9122072943750038,-0.7593573015559185,8.779270562499619,8.779270562499619,0.08779270562499619,0.0,0.0,1351.50475,243653.5,1351.50475,243653.5,1341.242,222262.5
strict_loko_global_fixed_clock,1pct,1.01,correlation,corr_kernel,correlation::corrkernel,auto,auto,auto,auto,True,1.0,1.0,0.0,0.0,False,1950,9251,1950.0,9251.0,False,0.9924064269844408,0.9122072943750038,-0.7593573015559185,8.779270562499619,8.779270562499619,0.08779270562499619,0.0,0.0,1351.50475,243653.5,1351.50475,243653.5,1341.242,222262.5
per_kernel_oracle,1pct,1.01,correlation,corr_kernel,correlation::corrkernel,1950,9251,1950.0,9251.0,False,0.9924064269844408,0.9122072943750038,-0.7593573015559185,8.779270562499619,False,1950,9251,1950.0,9251.0,False,0.9924064269844408,0.9122072943750038,-0.7593573015559185,8.779270562499619,0.0,0.0,,,1351.50475,243653.5,1341.242,222262.5,1341.242,222262.5
best_global_hindsight,1pct,1.01,correlation,mean_kernel,correlation::meankernel,auto,auto,auto,auto,True,1.0,1.0,0.0,0.0,False,1965,9251,1965.0,9251.0,False,1.0016398520351026,0.895171930503959,0.16398520351026402,10.482806949604095,10.482806949604095,0.10482806949604095,0.0,0.0,0.6022942664418213,104.5072271741749,0.6022942664418213,104.5072271741749,0.6032819399203765,93.55193630112196
loko_global_fixed_clock,1pct,1.01,correlation,mean_kernel,correlation::meankernel,auto,auto,auto,auto,True,1.0,1.0,0.0,0.0,False,1965,9251,1965.0,9251.0,False,1.0016398520351026,0.895171930503959,0.16398520351026402,10.482806949604095,10.482806949604095,0.10482806949604095,0.0,0.0,0.6022942664418213,104.5072271741749,0.6022942664418213,104.5072271741749,0.6032819399203765,93.55193630112196
strict_global_hindsight,1pct,1.01,correlation,mean_kernel,correlation::meankernel,auto,auto,auto,auto,True,1.0,1.0,0.0,0.0,False,1965,9251,1965.0,9251.0,False,1.0016398520351026,0.895171930503959,0.16398520351026402,10.482806949604095,10.482806949604095,0.10482806949604095,0.0,0.0,0.6022942664418213,104.5072271741749,0.6022942664418213,104.5072271741749,0.6032819399203765,93.55193630112196
strict_loko_global_fixed_clock,1pct,1.01,correlation,mean_kernel,correlation::meankernel,auto,auto,auto,auto,True,1.0,1.0,0.0,0.0,False,1965,9251,1965.0,9251.0,False,1.0016398520351026,0.895171930503959,0.16398520351026402,10.482806949604095,10.482806949604095,0.10482806949604095,0.0,0.0,0.6022942664418213,104.5072271741749,0.6022942664418213,104.5072271741749,0.6032819399203765,93.55193630112196
per_kernel_oracle,1pct,1.01,correlation,mean_kernel,correlation::meankernel,1965,9251,1965.0,9251.0,False,1.0016398520351026,0.895171930503959,0.16398520351026402,10.482806949604095,False,1965,9251,1965.0,9251.0,False,1.0016398520351026,0.895171930503959,0.16398520351026402,10.482806949604095,0.0,0.0,,,0.6022942664418213,104.5072271741749,0.6032819399203765,93.55193630112196,0.6032819399203765,93.55193630112196
best_global_hindsight,1pct,1.01,correlation,reduce_kernel,correlation::reducekernel,auto,auto,auto,auto,True,1.0,1.0,0.0,0.0,False,1890,9501,1890.0,9501.0,False,1.0027598761908325,0.9997630596429558,0.2759876190832511,0.023694035704424632,0.023694035704424632,0.00023694035704424632,0.0,0.0,0.0463599376923932,16.07854281793569,0.0463599376923932,16.07854281793569,0.046487885380638916,16.07473316225966
loko_global_fixed_clock,1pct,1.01,correlation,reduce_kernel,correlation::reducekernel,auto,auto,auto,auto,True,1.0,1.0,0.0,0.0,False,1890,9501,1890.0,9501.0,False,1.0027598761908325,0.9997630596429558,0.2759876190832511,0.023694035704424632,0.023694035704424632,0.00023694035704424632,0.0,0.0,0.0463599376923932,16.07854281793569,0.0463599376923932,16.07854281793569,0.046487885380638916,16.07473316225966
strict_global_hindsight,1pct,1.01,correlation,reduce_kernel,correlation::reducekernel,auto,auto,auto,auto,True,1.0,1.0,0.0,0.0,False,1890,9501,1890.0,9501.0,False,1.0027598761908325,0.9997630596429558,0.2759876190832511,0.023694035704424632,0.023694035704424632,0.00023694035704424632,0.0,0.0,0.0463599376923932,16.07854281793569,0.0463599376923932,16.07854281793569,0.046487885380638916,16.07473316225966
strict_loko_global_fixed_clock,1pct,1.01,correlation,reduce_kernel,correlation::reducekernel,auto,auto,auto,auto,True,1.0,1.0,0.0,0.0,False,1890,9501,1890.0,9501.0,False,1.0027598761908325,0.9997630596429558,0.2759876190832511,0.023694035704424632,0.023694035704424632,0.00023694035704424632,0.0,0.0,0.0463599376923932,16.07854281793569,0.0463599376923932,16.07854281793569,0.046487885380638916,16.07473316225966
per_kernel_oracle,1pct,1.01,correlation,reduce_kernel,correlation::reducekernel,1890,9501,1890.0,9501.0,False,1.0027598761908325,0.9997630596429558,0.2759876190832511,0.023694035704424632,False,1890,9501,1890.0,9501.0,False,1.0027598761908325,0.9997630596429558,0.2759876190832511,0.023694035704424632,0.0,0.0,,,0.0463599376923932,16.07854281793569,0.046487885380638916,16.07473316225966,0.046487885380638916,16.07473316225966
best_global_hindsight,1pct,1.01,correlation,std_kernel,correlation::stdkernel,auto,auto,auto,auto,True,1.0,1.0,0.0,0.0,False,1965,9251,1965.0,9251.0,False,1.0045048701204624,0.9533916955383442,0.4504870120462412,4.660830446165576,4.660830446165576,0.04660830446165576,0.0,0.0,0.604474492263056,99.23972437137331,0.604474492263056,99.23972437137331,0.6071975713418336,94.61432908318154
loko_global_fixed_clock,1pct,1.01,correlation,std_kernel,correlation::stdkernel,auto,auto,auto,auto,True,1.0,1.0,0.0,0.0,False,1965,9251,1965.0,9251.0,False,1.0045048701204624,0.9533916955383442,0.4504870120462412,4.660830446165576,4.660830446165576,0.04660830446165576,0.0,0.0,0.604474492263056,99.23972437137331,0.604474492263056,99.23972437137331,0.6071975713418336,94.61432908318154
strict_global_hindsight,1pct,1.01,correlation,std_kernel,correlation::stdkernel,auto,auto,auto,auto,True,1.0,1.0,0.0,0.0,False,1965,9251,1965.0,9251.0,False,1.0045048701204624,0.9533916955383442,0.4504870120462412,4.660830446165576,4.660830446165576,0.04660830446165576,0.0,0.0,0.604474492263056,99.23972437137331,0.604474492263056,99.23972437137331,0.6071975713418336,94.61432908318154
strict_loko_global_fixed_clock,1pct,1.01,correlation,std_kernel,correlation::stdkernel,auto,auto,auto,auto,True,1.0,1.0,0.0,0.0,False,1965,9251,1965.0,9251.0,False,1.0045048701204624,0.9533916955383442,0.4504870120462412,4.660830446165576,4.660830446165576,0.04660830446165576,0.0,0.0,0.604474492263056,99.23972437137331,0.604474492263056,99.23972437137331,0.6071975713418336,94.61432908318154
per_kernel_oracle,1pct,1.01,correlation,std_kernel,correlation::stdkernel,1965,9251,1965.0,9251.0,False,1.0045048701204624,0.9533916955383442,0.4504870120462412,4.660830446165576,False,1965,9251,1965.0,9251.0,False,1.0045048701204624,0.9533916955383442,0.4504870120462412,4.660830446165576,0.0,0.0,,,0.604474492263056,99.23972437137331,0.6071975713418336,94.61432908318154,0.6071975713418336,94.61432908318154
best_global_hindsight,1pct,1.01,covariance,covar_kernel,covariance::covarkernel,auto,auto,auto,auto,True,1.0,1.0,0.0,0.0,False,1950,9251,1950.0,9251.0,False,0.9952776953492584,0.9309162704704248,-0.4722304650741638,6.90837295295752,6.90837295295752,0.0690837295295752,0.0,0.0,1348.81175,242987.75,1348.81175,242987.75,1342.44225,226201.24999999997
loko_global_fixed_clock,1pct,1.01,covariance,covar_kernel,covariance::covarkernel,auto,auto,auto,auto,True,1.0,1.0,0.0,0.0,False,1950,9251,1950.0,9251.0,False,0.9952776953492584,0.9309162704704248,-0.4722304650741638,6.90837295295752,6.90837295295752,0.0690837295295752,0.0,0.0,1348.81175,242987.75,1348.81175,242987.75,1342.44225,226201.24999999997
strict_global_hindsight,1pct,1.01,covariance,covar_kernel,covariance::covarkernel,auto,auto,auto,auto,True,1.0,1.0,0.0,0.0,False,1950,9251,1950.0,9251.0,False,0.9952776953492584,0.9309162704704248,-0.4722304650741638,6.90837295295752,6.90837295295752,0.0690837295295752,0.0,0.0,1348.81175,242987.75,1348.81175,242987.75,1342.44225,226201.24999999997
strict_loko_global_fixed_clock,1pct,1.01,covariance,covar_kernel,covariance::covarkernel,auto,auto,auto,auto,True,1.0,1.0,0.0,0.0,False,1950,9251,1950.0,9251.0,False,0.9952776953492584,0.9309162704704248,-0.4722304650741638,6.90837295295752,6.90837295295752,0.0690837295295752,0.0,0.0,1348.81175,242987.75,1348.81175,242987.75,1342.44225,226201.24999999997
per_kernel_oracle,1pct,1.01,covariance,covar_kernel,covariance::covarkernel,1950,9251,1950.0,9251.0,False,0.9952776953492584,0.9309162704704248,-0.4722304650741638,6.90837295295752,False,1950,9251,1950.0,9251.0,False,0.9952776953492584,0.9309162704704248,-0.4722304650741638,6.90837295295752,0.0,0.0,,,1348.81175,242987.75,1342.44225,226201.24999999997,1342.44225,226201.24999999997
best_global_hindsight,1pct,1.01,covariance,mean_kernel,covariance::meankernel,auto,auto,auto,auto,True,1.0,1.0,0.0,0.0,False,1950,9251,1950.0,9251.0,False,0.99768770739218,0.9072724561324588,-0.23122926078199546,9.272754386754123,9.272754386754123,0.09272754386754123,0.0,0.0,0.6037243419463898,104.34581019077515,0.6037243419463898,104.34581019077515,0.6023283546133462,94.67007949891592
loko_global_fixed_clock,1pct,1.01,covariance,mean_kernel,covariance::meankernel,auto,auto,auto,auto,True,1.0,1.0,0.0,0.0,False,1950,9251,1950.0,9251.0,False,0.99768770739218,0.9072724561324588,-0.23122926078199546,9.272754386754123,9.272754386754123,0.09272754386754123,0.0,0.0,0.6037243419463898,104.34581019077515,0.6037243419463898,104.34581019077515,0.6023283546133462,94.67007949891592
strict_global_hindsight,1pct,1.01,covariance,mean_kernel,covariance::meankernel,auto,auto,auto,auto,True,1.0,1.0,0.0,0.0,False,1950,9251,1950.0,9251.0,False,0.99768770739218,0.9072724561324588,-0.23122926078199546,9.272754386754123,9.272754386754123,0.09272754386754123,0.0,0.0,0.6037243419463898,104.34581019077515,0.6037243419463898,104.34581019077515,0.6023283546133462,94.67007949891592
strict_loko_global_fixed_clock,1pct,1.01,covariance,mean_kernel,covariance::meankernel,auto,auto,auto,auto,True,1.0,1.0,0.0,0.0,False,1950,9251,1950.0,9251.0,False,0.99768770739218,0.9072724561324588,-0.23122926078199546,9.272754386754123,9.272754386754123,0.09272754386754123,0.0,0.0,0.6037243419463898,104.34581019077515,0.6037243419463898,104.34581019077515,0.6023283546133462,94.67007949891592
per_kernel_oracle,1pct,1.01,covariance,mean_kernel,covariance::meankernel,1950,9251,1950.0,9251.0,False,0.99768770739218,0.9072724561324588,-0.23122926078199546,9.272754386754123,False,1950,9251,1950.0,9251.0,False,0.99768770739218,0.9072724561324588,-0.23122926078199546,9.272754386754123,0.0,0.0,,,0.6037243419463898,104.34581019077515,0.6023283546133462,94.67007949891592,0.6023283546133462,94.67007949891592
best_global_hindsight,1pct,1.01,covariance,reduce_kernel,covariance::reducekernel,auto,auto,auto,auto,True,1.0,1.0,0.0,0.0,False,1890,9501,1890.0,9501.0,False,1.001891721972868,0.9170829682417032,0.18917219728680212,8.291703175829678,8.291703175829678,0.08291703175829679,0.0,0.0,0.0462931264350788,15.581790237760163,0.0462931264350788,15.581790237760163,0.0463807001595488,14.289794441764686
loko_global_fixed_clock,1pct,1.01,covariance,reduce_kernel,covariance::reducekernel,auto,auto,auto,auto,True,1.0,1.0,0.0,0.0,False,1890,9501,1890.0,9501.0,False,1.001891721972868,0.9170829682417032,0.18917219728680212,8.291703175829678,8.291703175829678,0.08291703175829679,0.0,0.0,0.0462931264350788,15.581790237760163,0.0462931264350788,15.581790237760163,0.0463807001595488,14.289794441764686
strict_global_hindsight,1pct,1.01,covariance,reduce_kernel,covariance::reducekernel,auto,auto,auto,auto,True,1.0,1.0,0.0,0.0,False,1890,9501,1890.0,9501.0,False,1.001891721972868,0.9170829682417032,0.18917219728680212,8.291703175829678,8.291703175829678,0.08291703175829679,0.0,0.0,0.0462931264350788,15.581790237760163,0.0462931264350788,15.581790237760163,0.0463807001595488,14.289794441764686
strict_loko_global_fixed_clock,1pct,1.01,covariance,reduce_kernel,covariance::reducekernel,auto,auto,auto,auto,True,1.0,1.0,0.0,0.0,False,1890,9501,1890.0,9501.0,False,1.001891721972868,0.9170829682417032,0.18917219728680212,8.291703175829678,8.291703175829678,0.08291703175829679,0.0,0.0,0.0462931264350788,15.581790237760163,0.0462931264350788,15.581790237760163,0.0463807001595488,14.289794441764686
per_kernel_oracle,1pct,1.01,covariance,reduce_kernel,covariance::reducekernel,1890,9501,1890.0,9501.0,False,1.001891721972868,0.9170829682417032,0.18917219728680212,8.291703175829678,False,1890,9501,1890.0,9501.0,False,1.001891721972868,0.9170829682417032,0.18917219728680212,8.291703175829678,0.0,0.0,,,0.0462931264350788,15.581790237760163,0.0463807001595488,14.289794441764686,0.0463807001595488,14.289794441764686
best_global_hindsight,1pct,1.01,doitgen,kernel1,doitgen::kernel1,auto,auto,auto,auto,True,1.0,1.0,0.0,0.0,False,1950,5001,1950.0,5001.0,False,0.9934758966594404,0.8275182399385096,-0.6524103340559639,17.24817600614904,17.24817600614904,0.1724817600614904,0.0,0.0,0.0242435354754874,4.764261228368753,0.0242435354754874,4.764261228368753,0.024085368144704796,3.942513066306992
loko_global_fixed_clock,1pct,1.01,doitgen,kernel1,doitgen::kernel1,auto,auto,auto,auto,True,1.0,1.0,0.0,0.0,False,1950,5001,1950.0,5001.0,False,0.9934758966594404,0.8275182399385096,-0.6524103340559639,17.24817600614904,17.24817600614904,0.1724817600614904,0.0,0.0,0.0242435354754874,4.764261228368753,0.0242435354754874,4.764261228368753,0.024085368144704796,3.942513066306992
strict_global_hindsight,1pct,1.01,doitgen,kernel1,doitgen::kernel1,auto,auto,auto,auto,True,1.0,1.0,0.0,0.0,False,1950,5001,1950.0,5001.0,False,0.9934758966594404,0.8275182399385096,-0.6524103340559639,17.24817600614904,17.24817600614904,0.1724817600614904,0.0,0.0,0.0242435354754874,4.764261228368753,0.0242435354754874,4.764261228368753,0.024085368144704796,3.942513066306992
strict_loko_global_fixed_clock,1pct,1.01,doitgen,kernel1,doitgen::kernel1,auto,auto,auto,auto,True,1.0,1.0,0.0,0.0,False,1950,5001,1950.0,5001.0,False,0.9934758966594404,0.8275182399385096,-0.6524103340559639,17.24817600614904,17.24817600614904,0.1724817600614904,0.0,0.0,0.0242435354754874,4.764261228368753,0.0242435354754874,4.764261228368753,0.024085368144704796,3.942513066306992
per_kernel_oracle,1pct,1.01,doitgen,kernel1,doitgen::kernel1,1950,5001,1950.0,5001.0,False,0.9934758966594404,0.8275182399385096,-0.6524103340559639,17.24817600614904,False,1950,5001,1950.0,5001.0,False,0.9934758966594404,0.8275182399385096,-0.6524103340559639,17.24817600614904,0.0,0.0,,,0.0242435354754874,4.764261228368753,0.024085368144704796,3.942513066306992,0.024085368144704796,3.942513066306992
best_global_hindsight,1pct,1.01,doitgen,kernel2,doitgen::kernel2,auto,auto,auto,auto,True,1.0,1.0,0.0,0.0,False,1890,810,1890.0,810.0,False,1.0019096550778408,0.6605809621056491,0.19096550778407995,33.94190378943509,33.94190378943509,0.3394190378943509,0.0,0.0,0.0062991934528833,0.6842749768820062,0.0062991934528833,0.6842749768820062,0.0063112227396469,0.4520190225735365
loko_global_fixed_clock,1pct,1.01,doitgen,kernel2,doitgen::kernel2,auto,auto,auto,auto,True,1.0,1.0,0.0,0.0,False,1890,810,1890.0,810.0,False,1.0019096550778408,0.6605809621056491,0.19096550778407995,33.94190378943509,33.94190378943509,0.3394190378943509,0.0,0.0,0.0062991934528833,0.6842749768820062,0.0062991934528833,0.6842749768820062,0.0063112227396469,0.4520190225735365
strict_global_hindsight,1pct,1.01,doitgen,kernel2,doitgen::kernel2,auto,auto,auto,auto,True,1.0,1.0,0.0,0.0,False,1890,810,1890.0,810.0,False,1.0019096550778408,0.6605809621056491,0.19096550778407995,33.94190378943509,33.94190378943509,0.3394190378943509,0.0,0.0,0.0062991934528833,0.6842749768820062,0.0062991934528833,0.6842749768820062,0.0063112227396469,0.4520190225735365
strict_loko_global_fixed_clock,1pct,1.01,doitgen,kernel2,doitgen::kernel2,auto,auto,auto,auto,True,1.0,1.0,0.0,0.0,False,1890,810,1890.0,810.0,False,1.0019096550778408,0.6605809621056491,0.19096550778407995,33.94190378943509,33.94190378943509,0.3394190378943509,0.0,0.0,0.0062991934528833,0.6842749768820062,0.0062991934528833,0.6842749768820062,0.0063112227396469,0.4520190225735365
per_kernel_oracle,1pct,1.01,doitgen,kernel2,doitgen::kernel2,1890,810,1890.0,810.0,False,1.0019096550778408,0.6605809621056491,0.19096550778407995,33.94190378943509,False,1890,810,1890.0,810.0,False,1.0019096550778408,0.6605809621056491,0.19096550778407995,33.94190378943509,0.0,0.0,,,0.0062991934528833,0.6842749768820062,0.0063112227396469,0.4520190225735365,0.0063112227396469,0.4520190225735365
best_global_hindsight,1pct,1.01,euler3d,compute_flux,euler3d::computeflux,auto,auto,auto,auto,True,1.0,1.0,0.0,0.0,False,1890,9251,1890.0,9251.0,False,0.9754070658041488,0.9509094933368708,-2.459293419585118,4.90905066631292,4.90905066631292,0.049090506663129196,0.0,0.0,0.0256531047822317,8.83643649087523,0.0256531047822317,8.83643649087523,0.025022219664403,8.402651346441601
loko_global_fixed_clock,1pct,1.01,euler3d,compute_flux,euler3d::computeflux,auto,auto,auto,auto,True,1.0,1.0,0.0,0.0,False,1890,9251,1890.0,9251.0,False,0.9754070658041488,0.9509094933368708,-2.459293419585118,4.90905066631292,4.90905066631292,0.049090506663129196,0.0,0.0,0.0256531047822317,8.83643649087523,0.0256531047822317,8.83643649087523,0.025022219664403,8.402651346441601
strict_global_hindsight,1pct,1.01,euler3d,compute_flux,euler3d::computeflux,auto,auto,auto,auto,True,1.0,1.0,0.0,0.0,False,1890,9251,1890.0,9251.0,False,0.9754070658041488,0.9509094933368708,-2.459293419585118,4.90905066631292,4.90905066631292,0.049090506663129196,0.0,0.0,0.0256531047822317,8.83643649087523,0.0256531047822317,8.83643649087523,0.025022219664403,8.402651346441601
strict_loko_global_fixed_clock,1pct,1.01,euler3d,compute_flux,euler3d::computeflux,auto,auto,auto,auto,True,1.0,1.0,0.0,0.0,False,1890,9251,1890.0,9251.0,False,0.9754070658041488,0.9509094933368708,-2.459293419585118,4.90905066631292,4.90905066631292,0.049090506663129196,0.0,0.0,0.0256531047822317,8.83643649087523,0.0256531047822317,8.83643649087523,0.025022219664403,8.402651346441601
per_kernel_oracle,1pct,1.01,euler3d,compute_flux,euler3d::computeflux,1890,9251,1890.0,9251.0,False,0.9754070658041488,0.9509094933368708,-2.459293419585118,4.90905066631292,False,1890,9251,1890.0,9251.0,False,0.9754070658041488,0.9509094933368708,-2.459293419585118,4.90905066631292,0.0,0.0,,,0.0256531047822317,8.83643649087523,0.025022219664403,8.402651346441601,0.025022219664403,8.402651346441601
best_global_hindsight,1pct,1.01,euler3d,compute_step_factor,euler3d::computestepfactor,auto,auto,auto,auto,True,1.0,1.0,0.0,0.0,False,1965,5001,1965.0,5001.0,False,0.9990506353434307,0.8757008175699922,-0.09493646565692515,12.429918243000781,12.429918243000781,0.12429918243000782,0.0,0.0,0.0072604597604343,1.4915873221009406,0.0072604597604343,1.4915873221009406,0.0072535669365473,1.306184237440829
loko_global_fixed_clock,1pct,1.01,euler3d,compute_step_factor,euler3d::computestepfactor,auto,auto,auto,auto,True,1.0,1.0,0.0,0.0,False,1965,5001,1965.0,5001.0,False,0.9990506353434307,0.8757008175699922,-0.09493646565692515,12.429918243000781,12.429918243000781,0.12429918243000782,0.0,0.0,0.0072604597604343,1.4915873221009406,0.0072604597604343,1.4915873221009406,0.0072535669365473,1.306184237440829
strict_global_hindsight,1pct,1.01,euler3d,compute_step_factor,euler3d::computestepfactor,auto,auto,auto,auto,True,1.0,1.0,0.0,0.0,False,1965,5001,1965.0,5001.0,False,0.9990506353434307,0.8757008175699922,-0.09493646565692515,12.429918243000781,12.429918243000781,0.12429918243000782,0.0,0.0,0.0072604597604343,1.4915873221009406,0.0072604597604343,1.4915873221009406,0.0072535669365473,1.306184237440829
strict_loko_global_fixed_clock,1pct,1.01,euler3d,compute_step_factor,euler3d::computestepfactor,auto,auto,auto,auto,True,1.0,1.0,0.0,0.0,False,1965,5001,1965.0,5001.0,False,0.9990506353434307,0.8757008175699922,-0.09493646565692515,12.429918243000781,12.429918243000781,0.12429918243000782,0.0,0.0,0.0072604597604343,1.4915873221009406,0.0072604597604343,1.4915873221009406,0.0072535669365473,1.306184237440829
per_kernel_oracle,1pct,1.01,euler3d,compute_step_factor,euler3d::computestepfactor,1965,5001,1965.0,5001.0,False,0.9990506353434307,0.8757008175699922,-0.09493646565692515,12.429918243000781,False,1965,5001,1965.0,5001.0,False,0.9990506353434307,0.8757008175699922,-0.09493646565692515,12.429918243000781,0.0,0.0,,,0.0072604597604343,1.4915873221009406,0.0072535669365473,1.306184237440829,0.0072535669365473,1.306184237440829
best_global_hindsight,1pct,1.01,euler3d,time_step,euler3d::timestep,auto,auto,auto,auto,True,1.0,1.0,0.0,0.0,False,1890,9251,1890.0,9251.0,False,0.9760249467619264,0.8520485544594156,-2.3975053238073585,14.795144554058437,14.795144554058437,0.14795144554058437,0.0,0.0,0.0088314572408104,2.095693965829387,0.0088314572408104,2.095693965829387,0.0086197225832922,1.7856330141742491
loko_global_fixed_clock,1pct,1.01,euler3d,time_step,euler3d::timestep,auto,auto,auto,auto,True,1.0,1.0,0.0,0.0,False,1890,9251,1890.0,9251.0,False,0.9760249467619264,0.8520485544594156,-2.3975053238073585,14.795144554058437,14.795144554058437,0.14795144554058437,0.0,0.0,0.0088314572408104,2.095693965829387,0.0088314572408104,2.095693965829387,0.0086197225832922,1.7856330141742491
strict_global_hindsight,1pct,1.01,euler3d,time_step,euler3d::timestep,auto,auto,auto,auto,True,1.0,1.0,0.0,0.0,False,1890,9251,1890.0,9251.0,False,0.9760249467619264,0.8520485544594156,-2.3975053238073585,14.795144554058437,14.795144554058437,0.14795144554058437,0.0,0.0,0.0088314572408104,2.095693965829387,0.0088314572408104,2.095693965829387,0.0086197225832922,1.7856330141742491
strict_loko_global_fixed_clock,1pct,1.01,euler3d,time_step,euler3d::timestep,auto,auto,auto,auto,True,1.0,1.0,0.0,0.0,False,1890,9251,1890.0,9251.0,False,0.9760249467619264,0.8520485544594156,-2.3975053238073585,14.795144554058437,14.795144554058437,0.14795144554058437,0.0,0.0,0.0088314572408104,2.095693965829387,0.0088314572408104,2.095693965829387,0.0086197225832922,1.7856330141742491
per_kernel_oracle,1pct,1.01,euler3d,time_step,euler3d::timestep,1890,9251,1890.0,9251.0,False,0.9760249467619264,0.8520485544594156,-2.3975053238073585,14.795144554058437,False,1890,9251,1890.0,9251.0,False,0.9760249467619264,0.8520485544594156,-2.3975053238073585,14.795144554058437,0.0,0.0,,,0.0088314572408104,2.095693965829387,0.0086197225832922,1.7856330141742491,0.0086197225832922,1.7856330141742491
best_global_hindsight,1pct,1.01,fdtd2d,step1,fdtd2d::step1,auto,auto,auto,auto,True,1.0,1.0,0.0,0.0,False,630,9251,630.0,9251.0,False,1.0047362571263485,0.6099160397111852,0.47362571263485087,39.00839602888148,39.00839602888148,0.39008396028881476,0.0,0.0,0.0677983972664036,22.852255623805068,0.0677983972664036,22.852255623805068,0.06811950790861161,13.937957248538847
loko_global_fixed_clock,1pct,1.01,fdtd2d,step1,fdtd2d::step1,auto,auto,auto,auto,True,1.0,1.0,0.0,0.0,False,630,9251,630.0,9251.0,False,1.0047362571263485,0.6099160397111852,0.47362571263485087,39.00839602888148,39.00839602888148,0.39008396028881476,0.0,0.0,0.0677983972664036,22.852255623805068,0.0677983972664036,22.852255623805068,0.06811950790861161,13.937957248538847
strict_global_hindsight,1pct,1.01,fdtd2d,step1,fdtd2d::step1,auto,auto,auto,auto,True,1.0,1.0,0.0,0.0,False,630,9251,630.0,9251.0,False,1.0047362571263485,0.6099160397111852,0.47362571263485087,39.00839602888148,39.00839602888148,0.39008396028881476,0.0,0.0,0.0677983972664036,22.852255623805068,0.0677983972664036,22.852255623805068,0.06811950790861161,13.937957248538847
strict_loko_global_fixed_clock,1pct,1.01,fdtd2d,step1,fdtd2d::step1,auto,auto,auto,auto,True,1.0,1.0,0.0,0.0,False,630,9251,630.0,9251.0,False,1.0047362571263485,0.6099160397111852,0.47362571263485087,39.00839602888148,39.00839602888148,0.39008396028881476,0.0,0.0,0.0677983972664036,22.852255623805068,0.0677983972664036,22.852255623805068,0.06811950790861161,13.937957248538847
per_kernel_oracle,1pct,1.01,fdtd2d,step1,fdtd2d::step1,630,9251,630.0,9251.0,False,1.0047362571263485,0.6099160397111852,0.47362571263485087,39.00839602888148,False,630,9251,630.0,9251.0,False,1.0047362571263485,0.6099160397111852,0.47362571263485087,39.00839602888148,0.0,0.0,,,0.0677983972664036,22.852255623805068,0.06811950790861161,13.937957248538847,0.06811950790861161,13.937957248538847
best_global_hindsight,1pct,1.01,fdtd2d,step2,fdtd2d::step2,auto,auto,auto,auto,True,1.0,1.0,0.0,0.0,False,1050,9251,1050.0,9251.0,False,1.0015569901073185,0.6243767321023226,0.15569901073184678,37.56232678976774,37.56232678976774,0.3756232678976774,0.0,0.0,0.067651138562286,22.77645482958773,0.067651138562286,22.77645482958773,0.0677564707157763,14.221088435374151
loko_global_fixed_clock,1pct,1.01,fdtd2d,step2,fdtd2d::step2,auto,auto,auto,auto,True,1.0,1.0,0.0,0.0,False,1050,9251,1050.0,9251.0,False,1.0015569901073185,0.6243767321023226,0.15569901073184678,37.56232678976774,37.56232678976774,0.3756232678976774,0.0,0.0,0.067651138562286,22.77645482958773,0.067651138562286,22.77645482958773,0.0677564707157763,14.221088435374151
strict_global_hindsight,1pct,1.01,fdtd2d,step2,fdtd2d::step2,auto,auto,auto,auto,True,1.0,1.0,0.0,0.0,False,1050,9251,1050.0,9251.0,False,1.0015569901073185,0.6243767321023226,0.15569901073184678,37.56232678976774,37.56232678976774,0.3756232678976774,0.0,0.0,0.067651138562286,22.77645482958773,0.067651138562286,22.77645482958773,0.0677564707157763,14.221088435374151
strict_loko_global_fixed_clock,1pct,1.01,fdtd2d,step2,fdtd2d::step2,auto,auto,auto,auto,True,1.0,1.0,0.0,0.0,False,1050,9251,1050.0,9251.0,False,1.0015569901073185,0.6243767321023226,0.15569901073184678,37.56232678976774,37.56232678976774,0.3756232678976774,0.0,0.0,0.067651138562286,22.77645482958773,0.067651138562286,22.77645482958773,0.0677564707157763,14.221088435374151
per_kernel_oracle,1pct,1.01,fdtd2d,step2,fdtd2d::step2,1050,9251,1050.0,9251.0,False,1.0015569901073185,0.6243767321023226,0.15569901073184678,37.56232678976774,False,1050,9251,1050.0,9251.0,False,1.0015569901073185,0.6243767321023226,0.15569901073184678,37.56232678976774,0.0,0.0,,,0.067651138562286,22.77645482958773,0.0677564707157763,14.221088435374151,0.0677564707157763,14.221088435374151
best_global_hindsight,1pct,1.01,fdtd2d,step3,fdtd2d::step3,auto,auto,auto,auto,True,1.0,1.0,0.0,0.0,False,630,9251,630.0,9251.0,False,1.0009200345631082,0.6288631808885659,0.09200345631081852,37.113681911143416,37.113681911143416,0.37113681911143415,0.0,0.0,0.0867349905459087,29.282460492306623,0.0867349905459087,29.282460492306623,0.08681478973504181,18.414661249435703
loko_global_fixed_clock,1pct,1.01,fdtd2d,step3,fdtd2d::step3,auto,auto,auto,auto,True,1.0,1.0,0.0,0.0,False,630,9251,630.0,9251.0,False,1.0009200345631082,0.6288631808885659,0.09200345631081852,37.113681911143416,37.113681911143416,0.37113681911143415,0.0,0.0,0.0867349905459087,29.282460492306623,0.0867349905459087,29.282460492306623,0.08681478973504181,18.414661249435703
strict_global_hindsight,1pct,1.01,fdtd2d,step3,fdtd2d::step3,auto,auto,auto,auto,True,1.0,1.0,0.0,0.0,False,630,9251,630.0,9251.0,False,1.0009200345631082,0.6288631808885659,0.09200345631081852,37.113681911143416,37.113681911143416,0.37113681911143415,0.0,0.0,0.0867349905459087,29.282460492306623,0.0867349905459087,29.282460492306623,0.08681478973504181,18.414661249435703
strict_loko_global_fixed_clock,1pct,1.01,fdtd2d,step3,fdtd2d::step3,auto,auto,auto,auto,True,1.0,1.0,0.0,0.0,False,630,9251,630.0,9251.0,False,1.0009200345631082,0.6288631808885659,0.09200345631081852,37.113681911143416,37.113681911143416,0.37113681911143415,0.0,0.0,0.0867349905459087,29.282460492306623,0.0867349905459087,29.282460492306623,0.08681478973504181,18.414661249435703
per_kernel_oracle,1pct,1.01,fdtd2d,step3,fdtd2d::step3,630,9251,630.0,9251.0,False,1.0009200345631082,0.6288631808885659,0.09200345631081852,37.113681911143416,False,630,9251,630.0,9251.0,False,1.0009200345631082,0.6288631808885659,0.09200345631081852,37.113681911143416,0.0,0.0,,,0.0867349905459087,29.282460492306623,0.08681478973504181,18.414661249435703,0.08681478973504181,18.414661249435703
best_global_hindsight,1pct,1.01,gemm,gemm_kernel,gemm::gemmkernel,auto,auto,auto,auto,True,1.0,1.0,0.0,0.0,False,1890,810,1890.0,810.0,False,1.0082765420025408,0.6454702217565333,0.8276542002540799,35.45297782434667,35.45297782434667,0.35452977824346665,0.0,0.0,0.3255344401041666,103.93723958333334,0.3255344401041666,103.93723958333334,0.3282287395709623,67.08839308261611
loko_global_fixed_clock,1pct,1.01,gemm,gemm_kernel,gemm::gemmkernel,auto,auto,auto,auto,True,1.0,1.0,0.0,0.0,False,1890,810,1890.0,810.0,False,1.0082765420025408,0.6454702217565333,0.8276542002540799,35.45297782434667,35.45297782434667,0.35452977824346665,0.0,0.0,0.3255344401041666,103.93723958333334,0.3255344401041666,103.93723958333334,0.3282287395709623,67.08839308261611
strict_global_hindsight,1pct,1.01,gemm,gemm_kernel,gemm::gemmkernel,auto,auto,auto,auto,True,1.0,1.0,0.0,0.0,False,1890,810,1890.0,810.0,False,1.0082765420025408,0.6454702217565333,0.8276542002540799,35.45297782434667,35.45297782434667,0.35452977824346665,0.0,0.0,0.3255344401041666,103.93723958333334,0.3255344401041666,103.93723958333334,0.3282287395709623,67.08839308261611
strict_loko_global_fixed_clock,1pct,1.01,gemm,gemm_kernel,gemm::gemmkernel,auto,auto,auto,auto,True,1.0,1.0,0.0,0.0,False,1890,810,1890.0,810.0,False,1.0082765420025408,0.6454702217565333,0.8276542002540799,35.45297782434667,35.45297782434667,0.35452977824346665,0.0,0.0,0.3255344401041666,103.93723958333334,0.3255344401041666,103.93723958333334,0.3282287395709623,67.08839308261611
per_kernel_oracle,1pct,1.01,gemm,gemm_kernel,gemm::gemmkernel,1890,810,1890.0,810.0,False,1.0082765420025408,0.6454702217565333,0.8276542002540799,35.45297782434667,False,1890,810,1890.0,810.0,False,1.0082765420025408,0.6454702217565333,0.8276542002540799,35.45297782434667,0.0,0.0,,,0.3255344401041666,103.93723958333334,0.3282287395709623,67.08839308261611,0.3282287395709623,67.08839308261611
best_global_hindsight,1pct,1.01,gemver,gemver_kernel1,gemver::gemverkernel1,auto,auto,auto,auto,True,1.0,1.0,0.0,0.0,False,1890,9251,1890.0,9251.0,False,1.0016145116718176,0.992543772771014,0.16145116718175867,0.7456227228985979,0.7456227228985979,0.007456227228985979,0.0,0.0,0.1792517209235623,60.94808547253693,0.1792517209235623,60.94808547253693,0.1795411249191868,60.493642698082034
loko_global_fixed_clock,1pct,1.01,gemver,gemver_kernel1,gemver::gemverkernel1,auto,auto,auto,auto,True,1.0,1.0,0.0,0.0,False,1890,9251,1890.0,9251.0,False,1.0016145116718176,0.992543772771014,0.16145116718175867,0.7456227228985979,0.7456227228985979,0.007456227228985979,0.0,0.0,0.1792517209235623,60.94808547253693,0.1792517209235623,60.94808547253693,0.1795411249191868,60.493642698082034
strict_global_hindsight,1pct,1.01,gemver,gemver_kernel1,gemver::gemverkernel1,auto,auto,auto,auto,True,1.0,1.0,0.0,0.0,False,1890,9251,1890.0,9251.0,False,1.0016145116718176,0.992543772771014,0.16145116718175867,0.7456227228985979,0.7456227228985979,0.007456227228985979,0.0,0.0,0.1792517209235623,60.94808547253693,0.1792517209235623,60.94808547253693,0.1795411249191868,60.493642698082034
strict_loko_global_fixed_clock,1pct,1.01,gemver,gemver_kernel1,gemver::gemverkernel1,auto,auto,auto,auto,True,1.0,1.0,0.0,0.0,False,1890,9251,1890.0,9251.0,False,1.0016145116718176,0.992543772771014,0.16145116718175867,0.7456227228985979,0.7456227228985979,0.007456227228985979,0.0,0.0,0.1792517209235623,60.94808547253693,0.1792517209235623,60.94808547253693,0.1795411249191868,60.493642698082034
per_kernel_oracle,1pct,1.01,gemver,gemver_kernel1,gemver::gemverkernel1,1890,9251,1890.0,9251.0,False,1.0016145116718176,0.992543772771014,0.16145116718175867,0.7456227228985979,False,1890,9251,1890.0,9251.0,False,1.0016145116718176,0.992543772771014,0.16145116718175867,0.7456227228985979,0.0,0.0,,,0.1792517209235623,60.94808547253693,0.1795411249191868,60.493642698082034,0.1795411249191868,60.493642698082034
best_global_hindsight,1pct,1.01,gemver,gemver_kernel2,gemver::gemverkernel2,auto,auto,auto,auto,True,1.0,1.0,0.0,0.0,False,1950,9251,1950.0,9251.0,False,1.0042939489650209,0.9984902080856384,0.42939489650208884,0.15097919143616245,0.15097919143616245,0.0015097919143616245,0.0,0.0,1.1949811230585423,212.01003584229392,1.1949811230585423,212.01003584229392,1.200112311015119,211.68994480441572
loko_global_fixed_clock,1pct,1.01,gemver,gemver_kernel2,gemver::gemverkernel2,auto,auto,auto,auto,True,1.0,1.0,0.0,0.0,False,1950,9251,1950.0,9251.0,False,1.0042939489650209,0.9984902080856384,0.42939489650208884,0.15097919143616245,0.15097919143616245,0.0015097919143616245,0.0,0.0,1.1949811230585423,212.01003584229392,1.1949811230585423,212.01003584229392,1.200112311015119,211.68994480441572
strict_global_hindsight,1pct,1.01,gemver,gemver_kernel2,gemver::gemverkernel2,auto,auto,auto,auto,True,1.0,1.0,0.0,0.0,False,1950,9251,1950.0,9251.0,False,1.0042939489650209,0.9984902080856384,0.42939489650208884,0.15097919143616245,0.15097919143616245,0.0015097919143616245,0.0,0.0,1.1949811230585423,212.01003584229392,1.1949811230585423,212.01003584229392,1.200112311015119,211.68994480441572
strict_loko_global_fixed_clock,1pct,1.01,gemver,gemver_kernel2,gemver::gemverkernel2,auto,auto,auto,auto,True,1.0,1.0,0.0,0.0,False,1950,9251,1950.0,9251.0,False,1.0042939489650209,0.9984902080856384,0.42939489650208884,0.15097919143616245,0.15097919143616245,0.0015097919143616245,0.0,0.0,1.1949811230585423,212.01003584229392,1.1949811230585423,212.01003584229392,1.200112311015119,211.68994480441572
per_kernel_oracle,1pct,1.01,gemver,gemver_kernel2,gemver::gemverkernel2,1950,9251,1950.0,9251.0,False,1.0042939489650209,0.9984902080856384,0.42939489650208884,0.15097919143616245,False,1950,9251,1950.0,9251.0,False,1.0042939489650209,0.9984902080856384,0.42939489650208884,0.15097919143616245,0.0,0.0,,,1.1949811230585423,212.01003584229392,1.200112311015119,211.68994480441572,1.200112311015119,211.68994480441572
best_global_hindsight,1pct,1.01,gemver,gemver_kernel3,gemver::gemverkernel3,auto,auto,auto,auto,True,1.0,1.0,0.0,0.0,False,1950,5001,1950.0,5001.0,False,0.9963833076172568,0.8538482750416868,-0.3616692382743203,14.615172495831318,14.615172495831318,0.1461517249583132,0.0,0.0,0.6776776904310111,142.11371645432365,0.6776776904310111,142.11371645432365,0.6752267386900743,121.34355165428764
loko_global_fixed_clock,1pct,1.01,gemver,gemver_kernel3,gemver::gemverkernel3,auto,auto,auto,auto,True,1.0,1.0,0.0,0.0,False,1950,5001,1950.0,5001.0,False,0.9963833076172568,0.8538482750416868,-0.3616692382743203,14.615172495831318,14.615172495831318,0.1461517249583132,0.0,0.0,0.6776776904310111,142.11371645432365,0.6776776904310111,142.11371645432365,0.6752267386900743,121.34355165428764
strict_global_hindsight,1pct,1.01,gemver,gemver_kernel3,gemver::gemverkernel3,auto,auto,auto,auto,True,1.0,1.0,0.0,0.0,False,1950,5001,1950.0,5001.0,False,0.9963833076172568,0.8538482750416868,-0.3616692382743203,14.615172495831318,14.615172495831318,0.1461517249583132,0.0,0.0,0.6776776904310111,142.11371645432365,0.6776776904310111,142.11371645432365,0.6752267386900743,121.34355165428764
strict_loko_global_fixed_clock,1pct,1.01,gemver,gemver_kernel3,gemver::gemverkernel3,auto,auto,auto,auto,True,1.0,1.0,0.0,0.0,False,1950,5001,1950.0,5001.0,False,0.9963833076172568,0.8538482750416868,-0.3616692382743203,14.615172495831318,14.615172495831318,0.1461517249583132,0.0,0.0,0.6776776904310111,142.11371645432365,0.6776776904310111,142.11371645432365,0.6752267386900743,121.34355165428764
per_kernel_oracle,1pct,1.01,gemver,gemver_kernel3,gemver::gemverkernel3,1950,5001,1950.0,5001.0,False,0.9963833076172568,0.8538482750416868,-0.3616692382743203,14.615172495831318,False,1950,5001,1950.0,5001.0,False,0.9963833076172568,0.8538482750416868,-0.3616692382743203,14.615172495831318,0.0,0.0,,,0.6776776904310111,142.11371645432365,0.6752267386900743,121.34355165428764,0.6752267386900743,121.34355165428764
best_global_hindsight,1pct,1.01,gesummv,gesummv_kernel,gesummv::gesummvkernel,auto,auto,auto,auto,True,1.0,1.0,0.0,0.0,False,1935,5001,1935.0,5001.0,False,0.9961749388845896,0.8129868625901592,-0.38250611154103664,18.701313740984084,18.701313740984084,0.18701313740984082,0.0,0.0,1.413187623622492,303.2195535461995,1.413187623622492,303.2195535461995,1.4077820945945945,246.51351351351352
loko_global_fixed_clock,1pct,1.01,gesummv,gesummv_kernel,gesummv::gesummvkernel,auto,auto,auto,auto,True,1.0,1.0,0.0,0.0,False,1935,5001,1935.0,5001.0,False,0.9961749388845896,0.8129868625901592,-0.38250611154103664,18.701313740984084,18.701313740984084,0.18701313740984082,0.0,0.0,1.413187623622492,303.2195535461995,1.413187623622492,303.2195535461995,1.4077820945945945,246.51351351351352
strict_global_hindsight,1pct,1.01,gesummv,gesummv_kernel,gesummv::gesummvkernel,auto,auto,auto,auto,True,1.0,1.0,0.0,0.0,False,1935,5001,1935.0,5001.0,False,0.9961749388845896,0.8129868625901592,-0.38250611154103664,18.701313740984084,18.701313740984084,0.18701313740984082,0.0,0.0,1.413187623622492,303.2195535461995,1.413187623622492,303.2195535461995,1.4077820945945945,246.51351351351352
strict_loko_global_fixed_clock,1pct,1.01,gesummv,gesummv_kernel,gesummv::gesummvkernel,auto,auto,auto,auto,True,1.0,1.0,0.0,0.0,False,1935,5001,1935.0,5001.0,False,0.9961749388845896,0.8129868625901592,-0.38250611154103664,18.701313740984084,18.701313740984084,0.18701313740984082,0.0,0.0,1.413187623622492,303.2195535461995,1.413187623622492,303.2195535461995,1.4077820945945945,246.51351351351352
per_kernel_oracle,1pct,1.01,gesummv,gesummv_kernel,gesummv::gesummvkernel,1935,5001,1935.0,5001.0,False,0.9961749388845896,0.8129868625901592,-0.38250611154103664,18.701313740984084,False,1935,5001,1935.0,5001.0,False,0.9961749388845896,0.8129868625901592,-0.38250611154103664,18.701313740984084,0.0,0.0,,,1.413187623622492,303.2195535461995,1.4077820945945945,246.51351351351352,1.4077820945945945,246.51351351351352
best_global_hindsight,1pct,1.01,gramschmidt,kernel1,gramschmidt::kernel1,auto,auto,auto,auto,True,1.0,1.0,0.0,0.0,False,1950,810,1950.0,810.0,False,0.9982694319824744,0.5477261324810895,-0.173056801752558,45.22738675189105,45.22738675189105,0.4522738675189105,0.0,0.0,0.0796207363291824,12.213621452912513,0.0796207363291824,12.213621452912513,0.07948294722935928,6.689719641991836
loko_global_fixed_clock,1pct,1.01,gramschmidt,kernel1,gramschmidt::kernel1,auto,auto,auto,auto,True,1.0,1.0,0.0,0.0,False,1950,810,1950.0,810.0,False,0.9982694319824744,0.5477261324810895,-0.173056801752558,45.22738675189105,45.22738675189105,0.4522738675189105,0.0,0.0,0.0796207363291824,12.213621452912513,0.0796207363291824,12.213621452912513,0.07948294722935928,6.689719641991836
strict_global_hindsight,1pct,1.01,gramschmidt,kernel1,gramschmidt::kernel1,auto,auto,auto,auto,True,1.0,1.0,0.0,0.0,False,1950,810,1950.0,810.0,False,0.9982694319824744,0.5477261324810895,-0.173056801752558,45.22738675189105,45.22738675189105,0.4522738675189105,0.0,0.0,0.0796207363291824,12.213621452912513,0.0796207363291824,12.213621452912513,0.07948294722935928,6.689719641991836
strict_loko_global_fixed_clock,1pct,1.01,gramschmidt,kernel1,gramschmidt::kernel1,auto,auto,auto,auto,True,1.0,1.0,0.0,0.0,False,1950,810,1950.0,810.0,False,0.9982694319824744,0.5477261324810895,-0.173056801752558,45.22738675189105,45.22738675189105,0.4522738675189105,0.0,0.0,0.0796207363291824,12.213621452912513,0.0796207363291824,12.213621452912513,0.07948294722935928,6.689719641991836
per_kernel_oracle,1pct,1.01,gramschmidt,kernel1,gramschmidt::kernel1,1950,810,1950.0,810.0,False,0.9982694319824744,0.5477261324810895,-0.173056801752558,45.22738675189105,False,1950,810,1950.0,810.0,False,0.9982694319824744,0.5477261324810895,-0.173056801752558,45.22738675189105,0.0,0.0,,,0.0796207363291824,12.213621452912513,0.07948294722935928,6.689719641991836,0.07948294722935928,6.689719641991836
best_global_hindsight,1pct,1.01,gramschmidt,kernel2,gramschmidt::kernel2,auto,auto,auto,auto,True,1.0,1.0,0.0,0.0,False,1890,810,1890.0,810.0,False,0.9857399485895656,0.6479672443109288,-1.4260051410434404,35.203275568907124,35.203275568907124,0.3520327556890712,0.0,0.0,0.0068690622239501,0.7647887149798805,0.0068690622239501,0.7647887149798805,0.006771109043495099,0.49555803612560956
loko_global_fixed_clock,1pct,1.01,gramschmidt,kernel2,gramschmidt::kernel2,auto,auto,auto,auto,True,1.0,1.0,0.0,0.0,False,1890,810,1890.0,810.0,False,0.9857399485895656,0.6479672443109288,-1.4260051410434404,35.203275568907124,35.203275568907124,0.3520327556890712,0.0,0.0,0.0068690622239501,0.7647887149798805,0.0068690622239501,0.7647887149798805,0.006771109043495099,0.49555803612560956
strict_global_hindsight,1pct,1.01,gramschmidt,kernel2,gramschmidt::kernel2,auto,auto,auto,auto,True,1.0,1.0,0.0,0.0,False,1890,810,1890.0,810.0,False,0.9857399485895656,0.6479672443109288,-1.4260051410434404,35.203275568907124,35.203275568907124,0.3520327556890712,0.0,0.0,0.0068690622239501,0.7647887149798805,0.0068690622239501,0.7647887149798805,0.006771109043495099,0.49555803612560956
strict_loko_global_fixed_clock,1pct,1.01,gramschmidt,kernel2,gramschmidt::kernel2,auto,auto,auto,auto,True,1.0,1.0,0.0,0.0,False,1890,810,1890.0,810.0,False,0.9857399485895656,0.6479672443109288,-1.4260051410434404,35.203275568907124,35.203275568907124,0.3520327556890712,0.0,0.0,0.0068690622239501,0.7647887149798805,0.0068690622239501,0.7647887149798805,0.006771109043495099,0.49555803612560956
per_kernel_oracle,1pct,1.01,gramschmidt,kernel2,gramschmidt::kernel2,1890,810,1890.0,810.0,False,0.9857399485895656,0.6479672443109288,-1.4260051410434404,35.203275568907124,False,1890,810,1890.0,810.0,False,0.9857399485895656,0.6479672443109288,-1.4260051410434404,35.203275568907124,0.0,0.0,,,0.0068690622239501,0.7647887149798805,0.006771109043495099,0.49555803612560956,0.006771109043495099,0.49555803612560956
best_global_hindsight,1pct,1.01,gramschmidt,kernel3,gramschmidt::kernel3,auto,auto,auto,auto,True,1.0,1.0,0.0,0.0,False,1950,9251,1950.0,9251.0,False,0.9988034512793974,0.9947407362882916,-0.11965487206025971,0.5259263711708373,0.5259263711708373,0.005259263711708373,0.0,0.0,1.1533431734317343,177.33694649446494,1.1533431734317343,177.33694649446494,1.1519631421331489,176.40428472702143
loko_global_fixed_clock,1pct,1.01,gramschmidt,kernel3,gramschmidt::kernel3,auto,auto,auto,auto,True,1.0,1.0,0.0,0.0,False,1950,9251,1950.0,9251.0,False,0.9988034512793974,0.9947407362882916,-0.11965487206025971,0.5259263711708373,0.5259263711708373,0.005259263711708373,0.0,0.0,1.1533431734317343,177.33694649446494,1.1533431734317343,177.33694649446494,1.1519631421331489,176.40428472702143
strict_global_hindsight,1pct,1.01,gramschmidt,kernel3,gramschmidt::kernel3,auto,auto,auto,auto,True,1.0,1.0,0.0,0.0,False,1950,9251,1950.0,9251.0,False,0.9988034512793974,0.9947407362882916,-0.11965487206025971,0.5259263711708373,0.5259263711708373,0.005259263711708373,0.0,0.0,1.1533431734317343,177.33694649446494,1.1533431734317343,177.33694649446494,1.1519631421331489,176.40428472702143
strict_loko_global_fixed_clock,1pct,1.01,gramschmidt,kernel3,gramschmidt::kernel3,auto,auto,auto,auto,True,1.0,1.0,0.0,0.0,False,1950,9251,1950.0,9251.0,False,0.9988034512793974,0.9947407362882916,-0.11965487206025971,0.5259263711708373,0.5259263711708373,0.005259263711708373,0.0,0.0,1.1533431734317343,177.33694649446494,1.1533431734317343,177.33694649446494,1.1519631421331489,176.40428472702143
per_kernel_oracle,1pct,1.01,gramschmidt,kernel3,gramschmidt::kernel3,1950,9251,1950.0,9251.0,False,0.9988034512793974,0.9947407362882916,-0.11965487206025971,0.5259263711708373,False,1950,9251,1950.0,9251.0,False,0.9988034512793974,0.9947407362882916,-0.11965487206025971,0.5259263711708373,0.0,0.0,,,1.1533431734317343,177.33694649446494,1.1519631421331489,176.40428472702143,1.1519631421331489,176.40428472702143
best_global_hindsight,1pct,1.01,hotspot3d,hotspotOpt1,hotspot3d::hotspotopt1,auto,auto,auto,auto,True,1.0,1.0,0.0,0.0,False,1890,9251,1890.0,9251.0,False,1.000557090258683,0.8767512726109138,0.055709025868289075,12.32487273890862,12.32487273890862,0.12324872738908621,0.0,0.0,0.0382728219102585,13.520491113118291,0.0382728219102585,13.520491113118291,0.03829414332651701,11.854107789751012
loko_global_fixed_clock,1pct,1.01,hotspot3d,hotspotOpt1,hotspot3d::hotspotopt1,auto,auto,auto,auto,True,1.0,1.0,0.0,0.0,False,1890,9251,1890.0,9251.0,False,1.000557090258683,0.8767512726109138,0.055709025868289075,12.32487273890862,12.32487273890862,0.12324872738908621,0.0,0.0,0.0382728219102585,13.520491113118291,0.0382728219102585,13.520491113118291,0.03829414332651701,11.854107789751012
strict_global_hindsight,1pct,1.01,hotspot3d,hotspotOpt1,hotspot3d::hotspotopt1,auto,auto,auto,auto,True,1.0,1.0,0.0,0.0,False,1890,9251,1890.0,9251.0,False,1.000557090258683,0.8767512726109138,0.055709025868289075,12.32487273890862,12.32487273890862,0.12324872738908621,0.0,0.0,0.0382728219102585,13.520491113118291,0.0382728219102585,13.520491113118291,0.03829414332651701,11.854107789751012
strict_loko_global_fixed_clock,1pct,1.01,hotspot3d,hotspotOpt1,hotspot3d::hotspotopt1,auto,auto,auto,auto,True,1.0,1.0,0.0,0.0,False,1890,9251,1890.0,9251.0,False,1.000557090258683,0.8767512726109138,0.055709025868289075,12.32487273890862,12.32487273890862,0.12324872738908621,0.0,0.0,0.0382728219102585,13.520491113118291,0.0382728219102585,13.520491113118291,0.03829414332651701,11.854107789751012
per_kernel_oracle,1pct,1.01,hotspot3d,hotspotOpt1,hotspot3d::hotspotopt1,1890,9251,1890.0,9251.0,False,1.000557090258683,0.8767512726109138,0.055709025868289075,12.32487273890862,False,1890,9251,1890.0,9251.0,False,1.000557090258683,0.8767512726109138,0.055709025868289075,12.32487273890862,0.0,0.0,,,0.0382728219102585,13.520491113118291,0.03829414332651701,11.854107789751012,0.03829414332651701,11.854107789751012
best_global_hindsight,1pct,1.01,hotspot,calculate_temp,hotspot::calculatetemp,auto,auto,auto,auto,True,1.0,1.0,0.0,0.0,False,1950,9251,1950.0,9251.0,False,0.998170340635137,0.9939337418723444,-0.18296593648630122,0.6066258127655599,0.6066258127655599,0.006066258127655599,0.0,0.0,0.0092787035834245,2.4721231465845195,0.0092787035834245,2.4721231465845195,0.0092617267165193,2.4571266094539856
loko_global_fixed_clock,1pct,1.01,hotspot,calculate_temp,hotspot::calculatetemp,auto,auto,auto,auto,True,1.0,1.0,0.0,0.0,False,1950,9251,1950.0,9251.0,False,0.998170340635137,0.9939337418723444,-0.18296593648630122,0.6066258127655599,0.6066258127655599,0.006066258127655599,0.0,0.0,0.0092787035834245,2.4721231465845195,0.0092787035834245,2.4721231465845195,0.0092617267165193,2.4571266094539856
strict_global_hindsight,1pct,1.01,hotspot,calculate_temp,hotspot::calculatetemp,auto,auto,auto,auto,True,1.0,1.0,0.0,0.0,False,1950,9251,1950.0,9251.0,False,0.998170340635137,0.9939337418723444,-0.18296593648630122,0.6066258127655599,0.6066258127655599,0.006066258127655599,0.0,0.0,0.0092787035834245,2.4721231465845195,0.0092787035834245,2.4721231465845195,0.0092617267165193,2.4571266094539856
strict_loko_global_fixed_clock,1pct,1.01,hotspot,calculate_temp,hotspot::calculatetemp,auto,auto,auto,auto,True,1.0,1.0,0.0,0.0,False,1950,9251,1950.0,9251.0,False,0.998170340635137,0.9939337418723444,-0.18296593648630122,0.6066258127655599,0.6066258127655599,0.006066258127655599,0.0,0.0,0.0092787035834245,2.4721231465845195,0.0092787035834245,2.4721231465845195,0.0092617267165193,2.4571266094539856
per_kernel_oracle,1pct,1.01,hotspot,calculate_temp,hotspot::calculatetemp,1950,9251,1950.0,9251.0,False,0.998170340635137,0.9939337418723444,-0.18296593648630122,0.6066258127655599,False,1950,9251,1950.0,9251.0,False,0.998170340635137,0.9939337418723444,-0.18296593648630122,0.6066258127655599,0.0,0.0,,,0.0092787035834245,2.4721231465845195,0.0092617267165193,2.4571266094539856,0.0092617267165193,2.4571266094539856
best_global_hindsight,1pct,1.01,jacobi1d,kernel1,jacobi1d::kernel1,auto,auto,auto,auto,True,1.0,1.0,0.0,0.0,False,auto,auto,auto,auto,True,1.0,1.0,0.0,0.0,0.0,0.0,0.0,0.0,0.0058807652047093,0.6770520917869283,0.0058807652047093,0.6770520917869283,0.0058807652047093,0.6770520917869283
loko_global_fixed_clock,1pct,1.01,jacobi1d,kernel1,jacobi1d::kernel1,auto,auto,auto,auto,True,1.0,1.0,0.0,0.0,False,auto,auto,auto,auto,True,1.0,1.0,0.0,0.0,0.0,0.0,0.0,0.0,0.0058807652047093,0.6770520917869283,0.0058807652047093,0.6770520917869283,0.0058807652047093,0.6770520917869283
strict_global_hindsight,1pct,1.01,jacobi1d,kernel1,jacobi1d::kernel1,auto,auto,auto,auto,True,1.0,1.0,0.0,0.0,False,auto,auto,auto,auto,True,1.0,1.0,0.0,0.0,0.0,0.0,0.0,0.0,0.0058807652047093,0.6770520917869283,0.0058807652047093,0.6770520917869283,0.0058807652047093,0.6770520917869283
strict_loko_global_fixed_clock,1pct,1.01,jacobi1d,kernel1,jacobi1d::kernel1,auto,auto,auto,auto,True,1.0,1.0,0.0,0.0,False,auto,auto,auto,auto,True,1.0,1.0,0.0,0.0,0.0,0.0,0.0,0.0,0.0058807652047093,0.6770520917869283,0.0058807652047093,0.6770520917869283,0.0058807652047093,0.6770520917869283
per_kernel_oracle,1pct,1.01,jacobi1d,kernel1,jacobi1d::kernel1,auto,auto,auto,auto,True,1.0,1.0,0.0,0.0,False,auto,auto,auto,auto,True,1.0,1.0,0.0,0.0,0.0,0.0,,,0.0058807652047093,0.6770520917869283,0.0058807652047093,0.6770520917869283,0.0058807652047093,0.6770520917869283
best_global_hindsight,1pct,1.01,jacobi1d,kernel2,jacobi1d::kernel2,auto,auto,auto,auto,True,1.0,1.0,0.0,0.0,False,1890,810,1890.0,810.0,False,0.9289723205126736,0.631606160036712,-7.102767948732636,36.8393839963288,36.8393839963288,0.368393839963288,0.0,0.0,0.0063036988755488,0.6731565192066941,0.0063036988755488,0.6731565192066941,0.0058559617722317,0.4251698041998192
loko_global_fixed_clock,1pct,1.01,jacobi1d,kernel2,jacobi1d::kernel2,auto,auto,auto,auto,True,1.0,1.0,0.0,0.0,False,1890,810,1890.0,810.0,False,0.9289723205126736,0.631606160036712,-7.102767948732636,36.8393839963288,36.8393839963288,0.368393839963288,0.0,0.0,0.0063036988755488,0.6731565192066941,0.0063036988755488,0.6731565192066941,0.0058559617722317,0.4251698041998192
strict_global_hindsight,1pct,1.01,jacobi1d,kernel2,jacobi1d::kernel2,auto,auto,auto,auto,True,1.0,1.0,0.0,0.0,False,1890,810,1890.0,810.0,False,0.9289723205126736,0.631606160036712,-7.102767948732636,36.8393839963288,36.8393839963288,0.368393839963288,0.0,0.0,0.0063036988755488,0.6731565192066941,0.0063036988755488,0.6731565192066941,0.0058559617722317,0.4251698041998192
strict_loko_global_fixed_clock,1pct,1.01,jacobi1d,kernel2,jacobi1d::kernel2,auto,auto,auto,auto,True,1.0,1.0,0.0,0.0,False,1890,810,1890.0,810.0,False,0.9289723205126736,0.631606160036712,-7.102767948732636,36.8393839963288,36.8393839963288,0.368393839963288,0.0,0.0,0.0063036988755488,0.6731565192066941,0.0063036988755488,0.6731565192066941,0.0058559617722317,0.4251698041998192
per_kernel_oracle,1pct,1.01,jacobi1d,kernel2,jacobi1d::kernel2,1890,810,1890.0,810.0,False,0.9289723205126736,0.631606160036712,-7.102767948732636,36.8393839963288,False,1890,810,1890.0,810.0,False,0.9289723205126736,0.631606160036712,-7.102767948732636,36.8393839963288,0.0,0.0,,,0.0063036988755488,0.6731565192066941,0.0058559617722317,0.4251698041998192,0.0058559617722317,0.4251698041998192
best_global_hindsight,1pct,1.01,jacobi2d,kernel1,jacobi2d::kernel1,auto,auto,auto,auto,True,1.0,1.0,0.0,0.0,False,1470,9251,1470.0,9251.0,False,0.9863178576566504,0.5967939863116596,-1.3682142343349635,40.32060136883404,40.32060136883404,0.4032060136883404,0.0,0.0,0.0169041370986554,5.46050367325136,0.0169041370986554,5.46050367325136,0.0166728522886801,3.258795754429139
loko_global_fixed_clock,1pct,1.01,jacobi2d,kernel1,jacobi2d::kernel1,auto,auto,auto,auto,True,1.0,1.0,0.0,0.0,False,1470,9251,1470.0,9251.0,False,0.9863178576566504,0.5967939863116596,-1.3682142343349635,40.32060136883404,40.32060136883404,0.4032060136883404,0.0,0.0,0.0169041370986554,5.46050367325136,0.0169041370986554,5.46050367325136,0.0166728522886801,3.258795754429139
strict_global_hindsight,1pct,1.01,jacobi2d,kernel1,jacobi2d::kernel1,auto,auto,auto,auto,True,1.0,1.0,0.0,0.0,False,1470,9251,1470.0,9251.0,False,0.9863178576566504,0.5967939863116596,-1.3682142343349635,40.32060136883404,40.32060136883404,0.4032060136883404,0.0,0.0,0.0169041370986554,5.46050367325136,0.0169041370986554,5.46050367325136,0.0166728522886801,3.258795754429139
strict_loko_global_fixed_clock,1pct,1.01,jacobi2d,kernel1,jacobi2d::kernel1,auto,auto,auto,auto,True,1.0,1.0,0.0,0.0,False,1470,9251,1470.0,9251.0,False,0.9863178576566504,0.5967939863116596,-1.3682142343349635,40.32060136883404,40.32060136883404,0.4032060136883404,0.0,0.0,0.0169041370986554,5.46050367325136,0.0169041370986554,5.46050367325136,0.0166728522886801,3.258795754429139
per_kernel_oracle,1pct,1.01,jacobi2d,kernel1,jacobi2d::kernel1,1470,9251,1470.0,9251.0,False,0.9863178576566504,0.5967939863116596,-1.3682142343349635,40.32060136883404,False,1470,9251,1470.0,9251.0,False,0.9863178576566504,0.5967939863116596,-1.3682142343349635,40.32060136883404,0.0,0.0,,,0.0169041370986554,5.46050367325136,0.0166728522886801,3.258795754429139,0.0166728522886801,3.258795754429139
best_global_hindsight,1pct,1.01,jacobi2d,kernel2,jacobi2d::kernel2,auto,auto,auto,auto,True,1.0,1.0,0.0,0.0,False,1470,9251,1470.0,9251.0,False,0.9947384895142684,0.6448816867747978,-0.5261510485731646,35.511831322520216,35.511831322520216,0.35511831322520215,0.0,0.0,0.0164680881897647,4.615767181128919,0.0164680881897647,4.615767181128919,0.016381441171074297,2.976623725526171
loko_global_fixed_clock,1pct,1.01,jacobi2d,kernel2,jacobi2d::kernel2,auto,auto,auto,auto,True,1.0,1.0,0.0,0.0,False,1470,9251,1470.0,9251.0,False,0.9947384895142684,0.6448816867747978,-0.5261510485731646,35.511831322520216,35.511831322520216,0.35511831322520215,0.0,0.0,0.0164680881897647,4.615767181128919,0.0164680881897647,4.615767181128919,0.016381441171074297,2.976623725526171
strict_global_hindsight,1pct,1.01,jacobi2d,kernel2,jacobi2d::kernel2,auto,auto,auto,auto,True,1.0,1.0,0.0,0.0,False,1470,9251,1470.0,9251.0,False,0.9947384895142684,0.6448816867747978,-0.5261510485731646,35.511831322520216,35.511831322520216,0.35511831322520215,0.0,0.0,0.0164680881897647,4.615767181128919,0.0164680881897647,4.615767181128919,0.016381441171074297,2.976623725526171
strict_loko_global_fixed_clock,1pct,1.01,jacobi2d,kernel2,jacobi2d::kernel2,auto,auto,auto,auto,True,1.0,1.0,0.0,0.0,False,1470,9251,1470.0,9251.0,False,0.9947384895142684,0.6448816867747978,-0.5261510485731646,35.511831322520216,35.511831322520216,0.35511831322520215,0.0,0.0,0.0164680881897647,4.615767181128919,0.0164680881897647,4.615767181128919,0.016381441171074297,2.976623725526171
per_kernel_oracle,1pct,1.01,jacobi2d,kernel2,jacobi2d::kernel2,1470,9251,1470.0,9251.0,False,0.9947384895142684,0.6448816867747978,-0.5261510485731646,35.511831322520216,False,1470,9251,1470.0,9251.0,False,0.9947384895142684,0.6448816867747978,-0.5261510485731646,35.511831322520216,0.0,0.0,,,0.0164680881897647,4.615767181128919,0.016381441171074297,2.976623725526171,0.016381441171074297,2.976623725526171
best_global_hindsight,1pct,1.01,kmeans,kmeansPoint,kmeans::kmeanspoint,auto,auto,auto,auto,True,1.0,1.0,0.0,0.0,False,1950,9251,1950.0,9251.0,False,0.9967778710075408,0.9960375136231194,-0.32221289924592167,0.39624863768805696,0.39624863768805696,0.00396248637688057,0.0,0.0,2.374225546058879,794.7644824311491,2.374225546058879,794.7644824311491,2.3665754850922855,791.6152389966871
loko_global_fixed_clock,1pct,1.01,kmeans,kmeansPoint,kmeans::kmeanspoint,auto,auto,auto,auto,True,1.0,1.0,0.0,0.0,False,1950,9251,1950.0,9251.0,False,0.9967778710075408,0.9960375136231194,-0.32221289924592167,0.39624863768805696,0.39624863768805696,0.00396248637688057,0.0,0.0,2.374225546058879,794.7644824311491,2.374225546058879,794.7644824311491,2.3665754850922855,791.6152389966871
strict_global_hindsight,1pct,1.01,kmeans,kmeansPoint,kmeans::kmeanspoint,auto,auto,auto,auto,True,1.0,1.0,0.0,0.0,False,1950,9251,1950.0,9251.0,False,0.9967778710075408,0.9960375136231194,-0.32221289924592167,0.39624863768805696,0.39624863768805696,0.00396248637688057,0.0,0.0,2.374225546058879,794.7644824311491,2.374225546058879,794.7644824311491,2.3665754850922855,791.6152389966871
strict_loko_global_fixed_clock,1pct,1.01,kmeans,kmeansPoint,kmeans::kmeanspoint,auto,auto,auto,auto,True,1.0,1.0,0.0,0.0,False,1950,9251,1950.0,9251.0,False,0.9967778710075408,0.9960375136231194,-0.32221289924592167,0.39624863768805696,0.39624863768805696,0.00396248637688057,0.0,0.0,2.374225546058879,794.7644824311491,2.374225546058879,794.7644824311491,2.3665754850922855,791.6152389966871
per_kernel_oracle,1pct,1.01,kmeans,kmeansPoint,kmeans::kmeanspoint,1950,9251,1950.0,9251.0,False,0.9967778710075408,0.9960375136231194,-0.32221289924592167,0.39624863768805696,False,1950,9251,1950.0,9251.0,False,0.9967778710075408,0.9960375136231194,-0.32221289924592167,0.39624863768805696,0.0,0.0,,,2.374225546058879,794.7644824311491,2.3665754850922855,791.6152389966871,2.3665754850922855,791.6152389966871
best_global_hindsight,1pct,1.01,lavamd,kernel_gpu_cuda,lavamd::kernelgpucuda,auto,auto,auto,auto,True,1.0,1.0,0.0,0.0,False,1890,810,1890.0,810.0,False,0.961163045926818,0.936196537688285,-3.8836954073181995,6.3803462311714965,6.3803462311714965,0.06380346231171496,0.0,0.0,0.6408376265538895,217.95347943098807,0.6408376265538895,217.95347943098807,0.6159494450830492,204.0472928204059
loko_global_fixed_clock,1pct,1.01,lavamd,kernel_gpu_cuda,lavamd::kernelgpucuda,auto,auto,auto,auto,True,1.0,1.0,0.0,0.0,False,1890,810,1890.0,810.0,False,0.961163045926818,0.936196537688285,-3.8836954073181995,6.3803462311714965,6.3803462311714965,0.06380346231171496,0.0,0.0,0.6408376265538895,217.95347943098807,0.6408376265538895,217.95347943098807,0.6159494450830492,204.0472928204059
strict_global_hindsight,1pct,1.01,lavamd,kernel_gpu_cuda,lavamd::kernelgpucuda,auto,auto,auto,auto,True,1.0,1.0,0.0,0.0,False,1890,810,1890.0,810.0,False,0.961163045926818,0.936196537688285,-3.8836954073181995,6.3803462311714965,6.3803462311714965,0.06380346231171496,0.0,0.0,0.6408376265538895,217.95347943098807,0.6408376265538895,217.95347943098807,0.6159494450830492,204.0472928204059
strict_loko_global_fixed_clock,1pct,1.01,lavamd,kernel_gpu_cuda,lavamd::kernelgpucuda,auto,auto,auto,auto,True,1.0,1.0,0.0,0.0,False,1890,810,1890.0,810.0,False,0.961163045926818,0.936196537688285,-3.8836954073181995,6.3803462311714965,6.3803462311714965,0.06380346231171496,0.0,0.0,0.6408376265538895,217.95347943098807,0.6408376265538895,217.95347943098807,0.6159494450830492,204.0472928204059
per_kernel_oracle,1pct,1.01,lavamd,kernel_gpu_cuda,lavamd::kernelgpucuda,1890,810,1890.0,810.0,False,0.961163045926818,0.936196537688285,-3.8836954073181995,6.3803462311714965,False,1890,810,1890.0,810.0,False,0.961163045926818,0.936196537688285,-3.8836954073181995,6.3803462311714965,0.0,0.0,,,0.6408376265538895,217.95347943098807,0.6159494450830492,204.0472928204059,0.6159494450830492,204.0472928204059
best_global_hindsight,1pct,1.01,mvt,kernel1,mvt::kernel1,auto,auto,auto,auto,True,1.0,1.0,0.0,0.0,False,1890,9251,1890.0,9251.0,False,1.003465174277094,0.8472492737190401,0.34651742770939187,15.275072628095987,15.275072628095987,0.15275072628095987,0.0,0.0,0.460322592524397,111.79534155772416,0.460322592524397,111.79534155772416,0.4619176905311777,94.71852193995382
loko_global_fixed_clock,1pct,1.01,mvt,kernel1,mvt::kernel1,auto,auto,auto,auto,True,1.0,1.0,0.0,0.0,False,1890,9251,1890.0,9251.0,False,1.003465174277094,0.8472492737190401,0.34651742770939187,15.275072628095987,15.275072628095987,0.15275072628095987,0.0,0.0,0.460322592524397,111.79534155772416,0.460322592524397,111.79534155772416,0.4619176905311777,94.71852193995382
strict_global_hindsight,1pct,1.01,mvt,kernel1,mvt::kernel1,auto,auto,auto,auto,True,1.0,1.0,0.0,0.0,False,1890,9251,1890.0,9251.0,False,1.003465174277094,0.8472492737190401,0.34651742770939187,15.275072628095987,15.275072628095987,0.15275072628095987,0.0,0.0,0.460322592524397,111.79534155772416,0.460322592524397,111.79534155772416,0.4619176905311777,94.71852193995382
strict_loko_global_fixed_clock,1pct,1.01,mvt,kernel1,mvt::kernel1,auto,auto,auto,auto,True,1.0,1.0,0.0,0.0,False,1890,9251,1890.0,9251.0,False,1.003465174277094,0.8472492737190401,0.34651742770939187,15.275072628095987,15.275072628095987,0.15275072628095987,0.0,0.0,0.460322592524397,111.79534155772416,0.460322592524397,111.79534155772416,0.4619176905311777,94.71852193995382
per_kernel_oracle,1pct,1.01,mvt,kernel1,mvt::kernel1,1890,9251,1890.0,9251.0,False,1.003465174277094,0.8472492737190401,0.34651742770939187,15.275072628095987,False,1890,9251,1890.0,9251.0,False,1.003465174277094,0.8472492737190401,0.34651742770939187,15.275072628095987,0.0,0.0,,,0.460322592524397,111.79534155772416,0.4619176905311777,94.71852193995382,0.4619176905311777,94.71852193995382
best_global_hindsight,1pct,1.01,mvt,kernel2,mvt::kernel2,auto,auto,auto,auto,True,1.0,1.0,0.0,0.0,False,1950,9251,1950.0,9251.0,False,0.999401897654927,0.9720769890049143,-0.059810234507295945,2.792301099508565,2.792301099508565,0.02792301099508565,0.0,0.0,1.182297635933806,214.6075650118204,1.182297635933806,214.6075650118204,1.1815905009451797,208.6150756143668
loko_global_fixed_clock,1pct,1.01,mvt,kernel2,mvt::kernel2,auto,auto,auto,auto,True,1.0,1.0,0.0,0.0,False,1950,9251,1950.0,9251.0,False,0.999401897654927,0.9720769890049143,-0.059810234507295945,2.792301099508565,2.792301099508565,0.02792301099508565,0.0,0.0,1.182297635933806,214.6075650118204,1.182297635933806,214.6075650118204,1.1815905009451797,208.6150756143668
strict_global_hindsight,1pct,1.01,mvt,kernel2,mvt::kernel2,auto,auto,auto,auto,True,1.0,1.0,0.0,0.0,False,1950,9251,1950.0,9251.0,False,0.999401897654927,0.9720769890049143,-0.059810234507295945,2.792301099508565,2.792301099508565,0.02792301099508565,0.0,0.0,1.182297635933806,214.6075650118204,1.182297635933806,214.6075650118204,1.1815905009451797,208.6150756143668
strict_loko_global_fixed_clock,1pct,1.01,mvt,kernel2,mvt::kernel2,auto,auto,auto,auto,True,1.0,1.0,0.0,0.0,False,1950,9251,1950.0,9251.0,False,0.999401897654927,0.9720769890049143,-0.059810234507295945,2.792301099508565,2.792301099508565,0.02792301099508565,0.0,0.0,1.182297635933806,214.6075650118204,1.182297635933806,214.6075650118204,1.1815905009451797,208.6150756143668
per_kernel_oracle,1pct,1.01,mvt,kernel2,mvt::kernel2,1950,9251,1950.0,9251.0,False,0.999401897654927,0.9720769890049143,-0.059810234507295945,2.792301099508565,False,1950,9251,1950.0,9251.0,False,0.999401897654927,0.9720769890049143,-0.059810234507295945,2.792301099508565,0.0,0.0,,,1.182297635933806,214.6075650118204,1.1815905009451797,208.6150756143668,1.1815905009451797,208.6150756143668
best_global_hindsight,1pct,1.01,myocyte,solver_2,myocyte::solver2,auto,auto,auto,auto,True,1.0,1.0,0.0,0.0,False,1965,810,1965.0,810.0,False,0.9907012055466862,0.5789799631344,-0.929879445331383,42.102003686559996,42.102003686559996,0.42102003686559997,0.0,0.0,443.8926666666667,62705.25,443.8926666666667,62705.25,439.765,36305.083333333336
loko_global_fixed_clock,1pct,1.01,myocyte,solver_2,myocyte::solver2,auto,auto,auto,auto,True,1.0,1.0,0.0,0.0,False,1965,810,1965.0,810.0,False,0.9907012055466862,0.5789799631344,-0.929879445331383,42.102003686559996,42.102003686559996,0.42102003686559997,0.0,0.0,443.8926666666667,62705.25,443.8926666666667,62705.25,439.765,36305.083333333336
strict_global_hindsight,1pct,1.01,myocyte,solver_2,myocyte::solver2,auto,auto,auto,auto,True,1.0,1.0,0.0,0.0,False,1965,810,1965.0,810.0,False,0.9907012055466862,0.5789799631344,-0.929879445331383,42.102003686559996,42.102003686559996,0.42102003686559997,0.0,0.0,443.8926666666667,62705.25,443.8926666666667,62705.25,439.765,36305.083333333336
strict_loko_global_fixed_clock,1pct,1.01,myocyte,solver_2,myocyte::solver2,auto,auto,auto,auto,True,1.0,1.0,0.0,0.0,False,1965,810,1965.0,810.0,False,0.9907012055466862,0.5789799631344,-0.929879445331383,42.102003686559996,42.102003686559996,0.42102003686559997,0.0,0.0,443.8926666666667,62705.25,443.8926666666667,62705.25,439.765,36305.083333333336
per_kernel_oracle,1pct,1.01,myocyte,solver_2,myocyte::solver2,1965,810,1965.0,810.0,False,0.9907012055466862,0.5789799631344,-0.929879445331383,42.102003686559996,False,1965,810,1965.0,810.0,False,0.9907012055466862,0.5789799631344,-0.929879445331383,42.102003686559996,0.0,0.0,,,443.8926666666667,62705.25,439.765,36305.083333333336,439.765,36305.083333333336
best_global_hindsight,1pct,1.01,nn,euclid,nn::euclid,auto,auto,auto,auto,True,1.0,1.0,0.0,0.0,False,630,9251,630.0,9251.0,False,1.0066291609049676,0.6414606462275406,0.6629160904967568,35.85393537724594,35.85393537724594,0.3585393537724594,0.0,0.0,0.1508754978877489,51.16599275799638,0.1508754978877489,51.16599275799638,0.1518756758398639,32.82097077941802
loko_global_fixed_clock,1pct,1.01,nn,euclid,nn::euclid,auto,auto,auto,auto,True,1.0,1.0,0.0,0.0,False,630,9251,630.0,9251.0,False,1.0066291609049676,0.6414606462275406,0.6629160904967568,35.85393537724594,35.85393537724594,0.3585393537724594,0.0,0.0,0.1508754978877489,51.16599275799638,0.1508754978877489,51.16599275799638,0.1518756758398639,32.82097077941802
strict_global_hindsight,1pct,1.01,nn,euclid,nn::euclid,auto,auto,auto,auto,True,1.0,1.0,0.0,0.0,False,630,9251,630.0,9251.0,False,1.0066291609049676,0.6414606462275406,0.6629160904967568,35.85393537724594,35.85393537724594,0.3585393537724594,0.0,0.0,0.1508754978877489,51.16599275799638,0.1508754978877489,51.16599275799638,0.1518756758398639,32.82097077941802
strict_loko_global_fixed_clock,1pct,1.01,nn,euclid,nn::euclid,auto,auto,auto,auto,True,1.0,1.0,0.0,0.0,False,630,9251,630.0,9251.0,False,1.0066291609049676,0.6414606462275406,0.6629160904967568,35.85393537724594,35.85393537724594,0.3585393537724594,0.0,0.0,0.1508754978877489,51.16599275799638,0.1508754978877489,51.16599275799638,0.1518756758398639,32.82097077941802
per_kernel_oracle,1pct,1.01,nn,euclid,nn::euclid,630,9251,630.0,9251.0,False,1.0066291609049676,0.6414606462275406,0.6629160904967568,35.85393537724594,False,630,9251,630.0,9251.0,False,1.0066291609049676,0.6414606462275406,0.6629160904967568,35.85393537724594,0.0,0.0,,,0.1508754978877489,51.16599275799638,0.1518756758398639,32.82097077941802,0.1518756758398639,32.82097077941802
best_global_hindsight,1pct,1.01,nw,shared_1,nw::shared1,auto,auto,auto,auto,True,1.0,1.0,0.0,0.0,False,1950,5001,1950.0,5001.0,False,0.9594526252711564,0.802781540914452,-4.054737472884362,19.7218459085548,19.7218459085548,0.19721845908554803,0.0,0.0,0.0088833896835563,1.458549273428575,0.0088833896835563,1.458549273428575,0.0085231915531948,1.1708964332226457
loko_global_fixed_clock,1pct,1.01,nw,shared_1,nw::shared1,auto,auto,auto,auto,True,1.0,1.0,0.0,0.0,False,1950,5001,1950.0,5001.0,False,0.9594526252711564,0.802781540914452,-4.054737472884362,19.7218459085548,19.7218459085548,0.19721845908554803,0.0,0.0,0.0088833896835563,1.458549273428575,0.0088833896835563,1.458549273428575,0.0085231915531948,1.1708964332226457
strict_global_hindsight,1pct,1.01,nw,shared_1,nw::shared1,auto,auto,auto,auto,True,1.0,1.0,0.0,0.0,False,1950,5001,1950.0,5001.0,False,0.9594526252711564,0.802781540914452,-4.054737472884362,19.7218459085548,19.7218459085548,0.19721845908554803,0.0,0.0,0.0088833896835563,1.458549273428575,0.0088833896835563,1.458549273428575,0.0085231915531948,1.1708964332226457
strict_loko_global_fixed_clock,1pct,1.01,nw,shared_1,nw::shared1,auto,auto,auto,auto,True,1.0,1.0,0.0,0.0,False,1950,5001,1950.0,5001.0,False,0.9594526252711564,0.802781540914452,-4.054737472884362,19.7218459085548,19.7218459085548,0.19721845908554803,0.0,0.0,0.0088833896835563,1.458549273428575,0.0088833896835563,1.458549273428575,0.0085231915531948,1.1708964332226457
per_kernel_oracle,1pct,1.01,nw,shared_1,nw::shared1,1950,5001,1950.0,5001.0,False,0.9594526252711564,0.802781540914452,-4.054737472884362,19.7218459085548,False,1950,5001,1950.0,5001.0,False,0.9594526252711564,0.802781540914452,-4.054737472884362,19.7218459085548,0.0,0.0,,,0.0088833896835563,1.458549273428575,0.0085231915531948,1.1708964332226457,0.0085231915531948,1.1708964332226457
best_global_hindsight,1pct,1.01,nw,shared_2,nw::shared2,auto,auto,auto,auto,True,1.0,1.0,0.0,0.0,False,1950,5001,1950.0,5001.0,False,1.0056496886730932,0.8379817954244907,0.5649688673093234,16.20182045755093,16.20182045755093,0.1620182045755093,0.0,0.0,0.0084325397762344,1.4027999365873896,0.0084325397762344,1.4027999365873896,0.0084801810006936,1.1755208094828624
loko_global_fixed_clock,1pct,1.01,nw,shared_2,nw::shared2,auto,auto,auto,auto,True,1.0,1.0,0.0,0.0,False,1950,5001,1950.0,5001.0,False,1.0056496886730932,0.8379817954244907,0.5649688673093234,16.20182045755093,16.20182045755093,0.1620182045755093,0.0,0.0,0.0084325397762344,1.4027999365873896,0.0084325397762344,1.4027999365873896,0.0084801810006936,1.1755208094828624
strict_global_hindsight,1pct,1.01,nw,shared_2,nw::shared2,auto,auto,auto,auto,True,1.0,1.0,0.0,0.0,False,1950,5001,1950.0,5001.0,False,1.0056496886730932,0.8379817954244907,0.5649688673093234,16.20182045755093,16.20182045755093,0.1620182045755093,0.0,0.0,0.0084325397762344,1.4027999365873896,0.0084325397762344,1.4027999365873896,0.0084801810006936,1.1755208094828624
strict_loko_global_fixed_clock,1pct,1.01,nw,shared_2,nw::shared2,auto,auto,auto,auto,True,1.0,1.0,0.0,0.0,False,1950,5001,1950.0,5001.0,False,1.0056496886730932,0.8379817954244907,0.5649688673093234,16.20182045755093,16.20182045755093,0.1620182045755093,0.0,0.0,0.0084325397762344,1.4027999365873896,0.0084325397762344,1.4027999365873896,0.0084801810006936,1.1755208094828624
per_kernel_oracle,1pct,1.01,nw,shared_2,nw::shared2,1950,5001,1950.0,5001.0,False,1.0056496886730932,0.8379817954244907,0.5649688673093234,16.20182045755093,False,1950,5001,1950.0,5001.0,False,1.0056496886730932,0.8379817954244907,0.5649688673093234,16.20182045755093,0.0,0.0,,,0.0084325397762344,1.4027999365873896,0.0084801810006936,1.1755208094828624,0.0084801810006936,1.1755208094828624
best_global_hindsight,1pct,1.01,particlefilter,find_index,particlefilter::findindex,auto,auto,auto,auto,True,1.0,1.0,0.0,0.0,False,1965,810,1965.0,810.0,False,0.9923766483225416,0.6759585726044027,-0.7623351677458423,32.404142739559724,32.404142739559724,0.32404142739559727,0.0,0.0,28.80391379310345,5425.362068965517,28.80391379310345,5425.362068965517,28.584331428571428,3667.32
loko_global_fixed_clock,1pct,1.01,particlefilter,find_index,particlefilter::findindex,auto,auto,auto,auto,True,1.0,1.0,0.0,0.0,False,1965,810,1965.0,810.0,False,0.9923766483225416,0.6759585726044027,-0.7623351677458423,32.404142739559724,32.404142739559724,0.32404142739559727,0.0,0.0,28.80391379310345,5425.362068965517,28.80391379310345,5425.362068965517,28.584331428571428,3667.32
strict_global_hindsight,1pct,1.01,particlefilter,find_index,particlefilter::findindex,auto,auto,auto,auto,True,1.0,1.0,0.0,0.0,False,1965,810,1965.0,810.0,False,0.9923766483225416,0.6759585726044027,-0.7623351677458423,32.404142739559724,32.404142739559724,0.32404142739559727,0.0,0.0,28.80391379310345,5425.362068965517,28.80391379310345,5425.362068965517,28.584331428571428,3667.32
strict_loko_global_fixed_clock,1pct,1.01,particlefilter,find_index,particlefilter::findindex,auto,auto,auto,auto,True,1.0,1.0,0.0,0.0,False,1965,810,1965.0,810.0,False,0.9923766483225416,0.6759585726044027,-0.7623351677458423,32.404142739559724,32.404142739559724,0.32404142739559727,0.0,0.0,28.80391379310345,5425.362068965517,28.80391379310345,5425.362068965517,28.584331428571428,3667.32
per_kernel_oracle,1pct,1.01,particlefilter,find_index,particlefilter::findindex,1965,810,1965.0,810.0,False,0.9923766483225416,0.6759585726044027,-0.7623351677458423,32.404142739559724,False,1965,810,1965.0,810.0,False,0.9923766483225416,0.6759585726044027,-0.7623351677458423,32.404142739559724,0.0,0.0,,,28.80391379310345,5425.362068965517,28.584331428571428,3667.32,28.584331428571428,3667.32
best_global_hindsight,1pct,1.01,particlefilter,likelihood,particlefilter::likelihood,auto,auto,auto,auto,True,1.0,1.0,0.0,0.0,False,1950,9251,1950.0,9251.0,False,0.9951251468581004,0.9931338044216946,-0.48748531418996155,0.6866195578305367,0.6866195578305367,0.006866195578305367,0.0,0.0,6.209976426799008,1225.0111662531017,6.209976426799008,1225.0111662531017,6.179703703703704,1216.6
loko_global_fixed_clock,1pct,1.01,particlefilter,likelihood,particlefilter::likelihood,auto,auto,auto,auto,True,1.0,1.0,0.0,0.0,False,1950,9251,1950.0,9251.0,False,0.9951251468581004,0.9931338044216946,-0.48748531418996155,0.6866195578305367,0.6866195578305367,0.006866195578305367,0.0,0.0,6.209976426799008,1225.0111662531017,6.209976426799008,1225.0111662531017,6.179703703703704,1216.6
strict_global_hindsight,1pct,1.01,particlefilter,likelihood,particlefilter::likelihood,auto,auto,auto,auto,True,1.0,1.0,0.0,0.0,False,1950,9251,1950.0,9251.0,False,0.9951251468581004,0.9931338044216946,-0.48748531418996155,0.6866195578305367,0.6866195578305367,0.006866195578305367,0.0,0.0,6.209976426799008,1225.0111662531017,6.209976426799008,1225.0111662531017,6.179703703703704,1216.6
strict_loko_global_fixed_clock,1pct,1.01,particlefilter,likelihood,particlefilter::likelihood,auto,auto,auto,auto,True,1.0,1.0,0.0,0.0,False,1950,9251,1950.0,9251.0,False,0.9951251468581004,0.9931338044216946,-0.48748531418996155,0.6866195578305367,0.6866195578305367,0.006866195578305367,0.0,0.0,6.209976426799008,1225.0111662531017,6.209976426799008,1225.0111662531017,6.179703703703704,1216.6
per_kernel_oracle,1pct,1.01,particlefilter,likelihood,particlefilter::likelihood,1950,9251,1950.0,9251.0,False,0.9951251468581004,0.9931338044216946,-0.48748531418996155,0.6866195578305367,False,1950,9251,1950.0,9251.0,False,0.9951251468581004,0.9931338044216946,-0.48748531418996155,0.6866195578305367,0.0,0.0,,,6.209976426799008,1225.0111662531017,6.179703703703704,1216.6,6.179703703703704,1216.6
best_global_hindsight,1pct,1.01,particlefilter,normalize_weights,particlefilter::normalizeweights,auto,auto,auto,auto,True,1.0,1.0,0.0,0.0,False,1965,810,1965.0,810.0,False,0.9984138467173324,0.5603284789794012,-0.1586153282667646,43.967152102059885,43.967152102059885,0.4396715210205988,0.0,0.0,7.351093979441997,1018.2613803230544,7.351093979441997,1018.2613803230544,7.339434017595307,570.5608504398826
loko_global_fixed_clock,1pct,1.01,particlefilter,normalize_weights,particlefilter::normalizeweights,auto,auto,auto,auto,True,1.0,1.0,0.0,0.0,False,1965,810,1965.0,810.0,False,0.9984138467173324,0.5603284789794012,-0.1586153282667646,43.967152102059885,43.967152102059885,0.4396715210205988,0.0,0.0,7.351093979441997,1018.2613803230544,7.351093979441997,1018.2613803230544,7.339434017595307,570.5608504398826
strict_global_hindsight,1pct,1.01,particlefilter,normalize_weights,particlefilter::normalizeweights,auto,auto,auto,auto,True,1.0,1.0,0.0,0.0,False,1965,810,1965.0,810.0,False,0.9984138467173324,0.5603284789794012,-0.1586153282667646,43.967152102059885,43.967152102059885,0.4396715210205988,0.0,0.0,7.351093979441997,1018.2613803230544,7.351093979441997,1018.2613803230544,7.339434017595307,570.5608504398826
strict_loko_global_fixed_clock,1pct,1.01,particlefilter,normalize_weights,particlefilter::normalizeweights,auto,auto,auto,auto,True,1.0,1.0,0.0,0.0,False,1965,810,1965.0,810.0,False,0.9984138467173324,0.5603284789794012,-0.1586153282667646,43.967152102059885,43.967152102059885,0.4396715210205988,0.0,0.0,7.351093979441997,1018.2613803230544,7.351093979441997,1018.2613803230544,7.339434017595307,570.5608504398826
per_kernel_oracle,1pct,1.01,particlefilter,normalize_weights,particlefilter::normalizeweights,1965,810,1965.0,810.0,False,0.9984138467173324,0.5603284789794012,-0.1586153282667646,43.967152102059885,False,1965,810,1965.0,810.0,False,0.9984138467173324,0.5603284789794012,-0.1586153282667646,43.967152102059885,0.0,0.0,,,7.351093979441997,1018.2613803230544,7.339434017595307,570.5608504398826,7.339434017595307,570.5608504398826
best_global_hindsight,1pct,1.01,particlefilter,sum,particlefilter::sum,auto,auto,auto,auto,True,1.0,1.0,0.0,0.0,False,1950,9501,1950.0,9501.0,False,0.9965229716774326,0.9926523099359706,-0.3477028322567355,0.7347690064029355,0.7347690064029355,0.007347690064029355,0.0,0.0,0.0117943472199616,1.6474419306824428,0.0117943472199616,1.6474419306824428,0.0117533379406316,1.635337037977302
loko_global_fixed_clock,1pct,1.01,particlefilter,sum,particlefilter::sum,auto,auto,auto,auto,True,1.0,1.0,0.0,0.0,False,1950,9501,1950.0,9501.0,False,0.9965229716774326,0.9926523099359706,-0.3477028322567355,0.7347690064029355,0.7347690064029355,0.007347690064029355,0.0,0.0,0.0117943472199616,1.6474419306824428,0.0117943472199616,1.6474419306824428,0.0117533379406316,1.635337037977302
strict_global_hindsight,1pct,1.01,particlefilter,sum,particlefilter::sum,auto,auto,auto,auto,True,1.0,1.0,0.0,0.0,False,1950,9501,1950.0,9501.0,False,0.9965229716774326,0.9926523099359706,-0.3477028322567355,0.7347690064029355,0.7347690064029355,0.007347690064029355,0.0,0.0,0.0117943472199616,1.6474419306824428,0.0117943472199616,1.6474419306824428,0.0117533379406316,1.635337037977302
strict_loko_global_fixed_clock,1pct,1.01,particlefilter,sum,particlefilter::sum,auto,auto,auto,auto,True,1.0,1.0,0.0,0.0,False,1950,9501,1950.0,9501.0,False,0.9965229716774326,0.9926523099359706,-0.3477028322567355,0.7347690064029355,0.7347690064029355,0.007347690064029355,0.0,0.0,0.0117943472199616,1.6474419306824428,0.0117943472199616,1.6474419306824428,0.0117533379406316,1.635337037977302
per_kernel_oracle,1pct,1.01,particlefilter,sum,particlefilter::sum,1950,9501,1950.0,9501.0,False,0.9965229716774326,0.9926523099359706,-0.3477028322567355,0.7347690064029355,False,1950,9501,1950.0,9501.0,False,0.9965229716774326,0.9926523099359706,-0.3477028322567355,0.7347690064029355,0.0,0.0,,,0.0117943472199616,1.6474419306824428,0.0117533379406316,1.635337037977302,0.0117533379406316,1.635337037977302
best_global_hindsight,1pct,1.01,pathfinder,dynproc,pathfinder::dynproc,auto,auto,auto,auto,True,1.0,1.0,0.0,0.0,False,1890,9251,1890.0,9251.0,False,0.9763774072280028,0.8750743783194054,-2.3622592771997186,12.492562168059463,12.492562168059463,0.12492562168059462,0.0,0.0,0.0196384567346025,6.037481883559895,0.0196384567346025,6.037481883559895,0.019174545468490498,5.283245705870848
loko_global_fixed_clock,1pct,1.01,pathfinder,dynproc,pathfinder::dynproc,auto,auto,auto,auto,True,1.0,1.0,0.0,0.0,False,1890,9251,1890.0,9251.0,False,0.9763774072280028,0.8750743783194054,-2.3622592771997186,12.492562168059463,12.492562168059463,0.12492562168059462,0.0,0.0,0.0196384567346025,6.037481883559895,0.0196384567346025,6.037481883559895,0.019174545468490498,5.283245705870848
strict_global_hindsight,1pct,1.01,pathfinder,dynproc,pathfinder::dynproc,auto,auto,auto,auto,True,1.0,1.0,0.0,0.0,False,1890,9251,1890.0,9251.0,False,0.9763774072280028,0.8750743783194054,-2.3622592771997186,12.492562168059463,12.492562168059463,0.12492562168059462,0.0,0.0,0.0196384567346025,6.037481883559895,0.0196384567346025,6.037481883559895,0.019174545468490498,5.283245705870848
strict_loko_global_fixed_clock,1pct,1.01,pathfinder,dynproc,pathfinder::dynproc,auto,auto,auto,auto,True,1.0,1.0,0.0,0.0,False,1890,9251,1890.0,9251.0,False,0.9763774072280028,0.8750743783194054,-2.3622592771997186,12.492562168059463,12.492562168059463,0.12492562168059462,0.0,0.0,0.0196384567346025,6.037481883559895,0.0196384567346025,6.037481883559895,0.019174545468490498,5.283245705870848
per_kernel_oracle,1pct,1.01,pathfinder,dynproc,pathfinder::dynproc,1890,9251,1890.0,9251.0,False,0.9763774072280028,0.8750743783194054,-2.3622592771997186,12.492562168059463,False,1890,9251,1890.0,9251.0,False,0.9763774072280028,0.8750743783194054,-2.3622592771997186,12.492562168059463,0.0,0.0,,,0.0196384567346025,6.037481883559895,0.019174545468490498,5.283245705870848,0.019174545468490498,5.283245705870848
best_global_hindsight,1pct,1.01,pre_euler3d,compute_flux,preeuler3d::computeflux,auto,auto,auto,auto,True,1.0,1.0,0.0,0.0,False,1935,9251,1935.0,9251.0,False,0.9995602258741704,0.9939541431716576,-0.04397741258296284,0.6045856828342355,0.6045856828342355,0.006045856828342355,0.0,0.0,0.0512522730301259,17.42720665867134,0.0512522730301259,17.42720665867134,0.0512297336065573,17.32184426229508
loko_global_fixed_clock,1pct,1.01,pre_euler3d,compute_flux,preeuler3d::computeflux,auto,auto,auto,auto,True,1.0,1.0,0.0,0.0,False,1935,9251,1935.0,9251.0,False,0.9995602258741704,0.9939541431716576,-0.04397741258296284,0.6045856828342355,0.6045856828342355,0.006045856828342355,0.0,0.0,0.0512522730301259,17.42720665867134,0.0512522730301259,17.42720665867134,0.0512297336065573,17.32184426229508
strict_global_hindsight,1pct,1.01,pre_euler3d,compute_flux,preeuler3d::computeflux,auto,auto,auto,auto,True,1.0,1.0,0.0,0.0,False,1935,9251,1935.0,9251.0,False,0.9995602258741704,0.9939541431716576,-0.04397741258296284,0.6045856828342355,0.6045856828342355,0.006045856828342355,0.0,0.0,0.0512522730301259,17.42720665867134,0.0512522730301259,17.42720665867134,0.0512297336065573,17.32184426229508
strict_loko_global_fixed_clock,1pct,1.01,pre_euler3d,compute_flux,preeuler3d::computeflux,auto,auto,auto,auto,True,1.0,1.0,0.0,0.0,False,1935,9251,1935.0,9251.0,False,0.9995602258741704,0.9939541431716576,-0.04397741258296284,0.6045856828342355,0.6045856828342355,0.006045856828342355,0.0,0.0,0.0512522730301259,17.42720665867134,0.0512522730301259,17.42720665867134,0.0512297336065573,17.32184426229508
per_kernel_oracle,1pct,1.01,pre_euler3d,compute_flux,preeuler3d::computeflux,1935,9251,1935.0,9251.0,False,0.9995602258741704,0.9939541431716576,-0.04397741258296284,0.6045856828342355,False,1935,9251,1935.0,9251.0,False,0.9995602258741704,0.9939541431716576,-0.04397741258296284,0.6045856828342355,0.0,0.0,,,0.0512522730301259,17.42720665867134,0.0512297336065573,17.32184426229508,0.0512297336065573,17.32184426229508
best_global_hindsight,1pct,1.01,pre_euler3d,compute_flux_contributions,preeuler3d::computefluxcontributions,auto,auto,auto,auto,True,1.0,1.0,0.0,0.0,False,1890,9251,1890.0,9251.0,False,0.9671170548091504,0.8650432402204088,-3.2882945190849555,13.49567597795912,13.49567597795912,0.1349567597795912,0.0,0.0,0.0109878013673192,2.609109748138121,0.0109878013673192,2.609109748138121,0.010626490097189701,2.256992750620055
loko_global_fixed_clock,1pct,1.01,pre_euler3d,compute_flux_contributions,preeuler3d::computefluxcontributions,auto,auto,auto,auto,True,1.0,1.0,0.0,0.0,False,1890,9251,1890.0,9251.0,False,0.9671170548091504,0.8650432402204088,-3.2882945190849555,13.49567597795912,13.49567597795912,0.1349567597795912,0.0,0.0,0.0109878013673192,2.609109748138121,0.0109878013673192,2.609109748138121,0.010626490097189701,2.256992750620055
strict_global_hindsight,1pct,1.01,pre_euler3d,compute_flux_contributions,preeuler3d::computefluxcontributions,auto,auto,auto,auto,True,1.0,1.0,0.0,0.0,False,1890,9251,1890.0,9251.0,False,0.9671170548091504,0.8650432402204088,-3.2882945190849555,13.49567597795912,13.49567597795912,0.1349567597795912,0.0,0.0,0.0109878013673192,2.609109748138121,0.0109878013673192,2.609109748138121,0.010626490097189701,2.256992750620055
strict_loko_global_fixed_clock,1pct,1.01,pre_euler3d,compute_flux_contributions,preeuler3d::computefluxcontributions,auto,auto,auto,auto,True,1.0,1.0,0.0,0.0,False,1890,9251,1890.0,9251.0,False,0.9671170548091504,0.8650432402204088,-3.2882945190849555,13.49567597795912,13.49567597795912,0.1349567597795912,0.0,0.0,0.0109878013673192,2.609109748138121,0.0109878013673192,2.609109748138121,0.010626490097189701,2.256992750620055
per_kernel_oracle,1pct,1.01,pre_euler3d,compute_flux_contributions,preeuler3d::computefluxcontributions,1890,9251,1890.0,9251.0,False,0.9671170548091504,0.8650432402204088,-3.2882945190849555,13.49567597795912,False,1890,9251,1890.0,9251.0,False,0.9671170548091504,0.8650432402204088,-3.2882945190849555,13.49567597795912,0.0,0.0,,,0.0109878013673192,2.609109748138121,0.010626490097189701,2.256992750620055,0.010626490097189701,2.256992750620055
best_global_hindsight,1pct,1.01,pre_euler3d,compute_step_factor,preeuler3d::computestepfactor,auto,auto,auto,auto,True,1.0,1.0,0.0,0.0,False,1935,5001,1935.0,5001.0,False,1.0037931099856094,0.8763797787566299,0.3793109985609444,12.362022124337013,12.362022124337013,0.12362022124337013,0.0,0.0,0.0072640945028315,1.5152429545646051,0.0072640945028315,1.5152429545646051,0.007291648012226601,1.3279282852838707
loko_global_fixed_clock,1pct,1.01,pre_euler3d,compute_step_factor,preeuler3d::computestepfactor,auto,auto,auto,auto,True,1.0,1.0,0.0,0.0,False,1935,5001,1935.0,5001.0,False,1.0037931099856094,0.8763797787566299,0.3793109985609444,12.362022124337013,12.362022124337013,0.12362022124337013,0.0,0.0,0.0072640945028315,1.5152429545646051,0.0072640945028315,1.5152429545646051,0.007291648012226601,1.3279282852838707
strict_global_hindsight,1pct,1.01,pre_euler3d,compute_step_factor,preeuler3d::computestepfactor,auto,auto,auto,auto,True,1.0,1.0,0.0,0.0,False,1935,5001,1935.0,5001.0,False,1.0037931099856094,0.8763797787566299,0.3793109985609444,12.362022124337013,12.362022124337013,0.12362022124337013,0.0,0.0,0.0072640945028315,1.5152429545646051,0.0072640945028315,1.5152429545646051,0.007291648012226601,1.3279282852838707
strict_loko_global_fixed_clock,1pct,1.01,pre_euler3d,compute_step_factor,preeuler3d::computestepfactor,auto,auto,auto,auto,True,1.0,1.0,0.0,0.0,False,1935,5001,1935.0,5001.0,False,1.0037931099856094,0.8763797787566299,0.3793109985609444,12.362022124337013,12.362022124337013,0.12362022124337013,0.0,0.0,0.0072640945028315,1.5152429545646051,0.0072640945028315,1.5152429545646051,0.007291648012226601,1.3279282852838707
per_kernel_oracle,1pct,1.01,pre_euler3d,compute_step_factor,preeuler3d::computestepfactor,1935,5001,1935.0,5001.0,False,1.0037931099856094,0.8763797787566299,0.3793109985609444,12.362022124337013,False,1935,5001,1935.0,5001.0,False,1.0037931099856094,0.8763797787566299,0.3793109985609444,12.362022124337013,0.0,0.0,,,0.0072640945028315,1.5152429545646051,0.007291648012226601,1.3279282852838707,0.007291648012226601,1.3279282852838707
best_global_hindsight,1pct,1.01,pre_euler3d,time_step,preeuler3d::timestep,auto,auto,auto,auto,True,1.0,1.0,0.0,0.0,False,1890,9251,1890.0,9251.0,False,1.004870004951157,0.8647249835985911,0.487000495115697,13.527501640140894,13.527501640140894,0.13527501640140893,0.0,0.0,0.0080555347902019,1.9303712630418952,0.0080555347902019,1.9303712630418952,0.0080947652845144,1.6692402587730943
loko_global_fixed_clock,1pct,1.01,pre_euler3d,time_step,preeuler3d::timestep,auto,auto,auto,auto,True,1.0,1.0,0.0,0.0,False,1890,9251,1890.0,9251.0,False,1.004870004951157,0.8647249835985911,0.487000495115697,13.527501640140894,13.527501640140894,0.13527501640140893,0.0,0.0,0.0080555347902019,1.9303712630418952,0.0080555347902019,1.9303712630418952,0.0080947652845144,1.6692402587730943
strict_global_hindsight,1pct,1.01,pre_euler3d,time_step,preeuler3d::timestep,auto,auto,auto,auto,True,1.0,1.0,0.0,0.0,False,1890,9251,1890.0,9251.0,False,1.004870004951157,0.8647249835985911,0.487000495115697,13.527501640140894,13.527501640140894,0.13527501640140893,0.0,0.0,0.0080555347902019,1.9303712630418952,0.0080555347902019,1.9303712630418952,0.0080947652845144,1.6692402587730943
strict_loko_global_fixed_clock,1pct,1.01,pre_euler3d,time_step,preeuler3d::timestep,auto,auto,auto,auto,True,1.0,1.0,0.0,0.0,False,1890,9251,1890.0,9251.0,False,1.004870004951157,0.8647249835985911,0.487000495115697,13.527501640140894,13.527501640140894,0.13527501640140893,0.0,0.0,0.0080555347902019,1.9303712630418952,0.0080555347902019,1.9303712630418952,0.0080947652845144,1.6692402587730943
per_kernel_oracle,1pct,1.01,pre_euler3d,time_step,preeuler3d::timestep,1890,9251,1890.0,9251.0,False,1.004870004951157,0.8647249835985911,0.487000495115697,13.527501640140894,False,1890,9251,1890.0,9251.0,False,1.004870004951157,0.8647249835985911,0.487000495115697,13.527501640140894,0.0,0.0,,,0.0080555347902019,1.9303712630418952,0.0080947652845144,1.6692402587730943,0.0080947652845144,1.6692402587730943
best_global_hindsight,1pct,1.01,srad_v1,compress,sradv1::compress,auto,auto,auto,auto,True,1.0,1.0,0.0,0.0,False,1470,9251,1470.0,9251.0,False,1.0083701008331436,0.6242108203925013,0.8370100833143601,37.57891796074987,37.57891796074987,0.3757891796074987,0.0,0.0,0.0468210132034834,14.976018353778445,0.0468210132034834,14.976018353778445,0.0472129098051065,9.3481927028252
loko_global_fixed_clock,1pct,1.01,srad_v1,compress,sradv1::compress,auto,auto,auto,auto,True,1.0,1.0,0.0,0.0,False,1470,9251,1470.0,9251.0,False,1.0083701008331436,0.6242108203925013,0.8370100833143601,37.57891796074987,37.57891796074987,0.3757891796074987,0.0,0.0,0.0468210132034834,14.976018353778445,0.0468210132034834,14.976018353778445,0.0472129098051065,9.3481927028252
strict_global_hindsight,1pct,1.01,srad_v1,compress,sradv1::compress,auto,auto,auto,auto,True,1.0,1.0,0.0,0.0,False,1470,9251,1470.0,9251.0,False,1.0083701008331436,0.6242108203925013,0.8370100833143601,37.57891796074987,37.57891796074987,0.3757891796074987,0.0,0.0,0.0468210132034834,14.976018353778445,0.0468210132034834,14.976018353778445,0.0472129098051065,9.3481927028252
strict_loko_global_fixed_clock,1pct,1.01,srad_v1,compress,sradv1::compress,auto,auto,auto,auto,True,1.0,1.0,0.0,0.0,False,1470,9251,1470.0,9251.0,False,1.0083701008331436,0.6242108203925013,0.8370100833143601,37.57891796074987,37.57891796074987,0.3757891796074987,0.0,0.0,0.0468210132034834,14.976018353778445,0.0468210132034834,14.976018353778445,0.0472129098051065,9.3481927028252
per_kernel_oracle,1pct,1.01,srad_v1,compress,sradv1::compress,1470,9251,1470.0,9251.0,False,1.0083701008331436,0.6242108203925013,0.8370100833143601,37.57891796074987,False,1470,9251,1470.0,9251.0,False,1.0083701008331436,0.6242108203925013,0.8370100833143601,37.57891796074987,0.0,0.0,,,0.0468210132034834,14.976018353778445,0.0472129098051065,9.3481927028252,0.0472129098051065,9.3481927028252
best_global_hindsight,1pct,1.01,srad_v1,extract,sradv1::extract,auto,auto,auto,auto,True,1.0,1.0,0.0,0.0,False,1470,9251,1470.0,9251.0,False,1.0092187613718244,0.6360047878540409,0.9218761371824424,36.39952121459591,36.39952121459591,0.3639952121459591,0.0,0.0,0.0467676313229571,14.500636037114637,0.0467676313229571,14.500636037114637,0.04719877095604891,9.222473946533755
loko_global_fixed_clock,1pct,1.01,srad_v1,extract,sradv1::extract,auto,auto,auto,auto,True,1.0,1.0,0.0,0.0,False,1470,9251,1470.0,9251.0,False,1.0092187613718244,0.6360047878540409,0.9218761371824424,36.39952121459591,36.39952121459591,0.3639952121459591,0.0,0.0,0.0467676313229571,14.500636037114637,0.0467676313229571,14.500636037114637,0.04719877095604891,9.222473946533755
strict_global_hindsight,1pct,1.01,srad_v1,extract,sradv1::extract,auto,auto,auto,auto,True,1.0,1.0,0.0,0.0,False,1470,9251,1470.0,9251.0,False,1.0092187613718244,0.6360047878540409,0.9218761371824424,36.39952121459591,36.39952121459591,0.3639952121459591,0.0,0.0,0.0467676313229571,14.500636037114637,0.0467676313229571,14.500636037114637,0.04719877095604891,9.222473946533755
strict_loko_global_fixed_clock,1pct,1.01,srad_v1,extract,sradv1::extract,auto,auto,auto,auto,True,1.0,1.0,0.0,0.0,False,1470,9251,1470.0,9251.0,False,1.0092187613718244,0.6360047878540409,0.9218761371824424,36.39952121459591,36.39952121459591,0.3639952121459591,0.0,0.0,0.0467676313229571,14.500636037114637,0.0467676313229571,14.500636037114637,0.04719877095604891,9.222473946533755
per_kernel_oracle,1pct,1.01,srad_v1,extract,sradv1::extract,1470,9251,1470.0,9251.0,False,1.0092187613718244,0.6360047878540409,0.9218761371824424,36.39952121459591,False,1470,9251,1470.0,9251.0,False,1.0092187613718244,0.6360047878540409,0.9218761371824424,36.39952121459591,0.0,0.0,,,0.0467676313229571,14.500636037114637,0.04719877095604891,9.222473946533755,0.04719877095604891,9.222473946533755
best_global_hindsight,1pct,1.01,srad_v1,prepare,sradv1::prepare,auto,auto,auto,auto,True,1.0,1.0,0.0,0.0,False,1470,9251,1470.0,9251.0,False,1.0083487418554702,0.6458361945215435,0.8348741855470188,35.41638054784565,35.41638054784565,0.3541638054784565,0.0,0.0,0.0676408279220779,22.657237554112555,0.0676408279220779,22.657237554112555,0.0682055437332896,14.632864080318656
loko_global_fixed_clock,1pct,1.01,srad_v1,prepare,sradv1::prepare,auto,auto,auto,auto,True,1.0,1.0,0.0,0.0,False,1470,9251,1470.0,9251.0,False,1.0083487418554702,0.6458361945215435,0.8348741855470188,35.41638054784565,35.41638054784565,0.3541638054784565,0.0,0.0,0.0676408279220779,22.657237554112555,0.0676408279220779,22.657237554112555,0.0682055437332896,14.632864080318656
strict_global_hindsight,1pct,1.01,srad_v1,prepare,sradv1::prepare,auto,auto,auto,auto,True,1.0,1.0,0.0,0.0,False,1470,9251,1470.0,9251.0,False,1.0083487418554702,0.6458361945215435,0.8348741855470188,35.41638054784565,35.41638054784565,0.3541638054784565,0.0,0.0,0.0676408279220779,22.657237554112555,0.0676408279220779,22.657237554112555,0.0682055437332896,14.632864080318656
strict_loko_global_fixed_clock,1pct,1.01,srad_v1,prepare,sradv1::prepare,auto,auto,auto,auto,True,1.0,1.0,0.0,0.0,False,1470,9251,1470.0,9251.0,False,1.0083487418554702,0.6458361945215435,0.8348741855470188,35.41638054784565,35.41638054784565,0.3541638054784565,0.0,0.0,0.0676408279220779,22.657237554112555,0.0676408279220779,22.657237554112555,0.0682055437332896,14.632864080318656
per_kernel_oracle,1pct,1.01,srad_v1,prepare,sradv1::prepare,1470,9251,1470.0,9251.0,False,1.0083487418554702,0.6458361945215435,0.8348741855470188,35.41638054784565,False,1470,9251,1470.0,9251.0,False,1.0083487418554702,0.6458361945215435,0.8348741855470188,35.41638054784565,0.0,0.0,,,0.0676408279220779,22.657237554112555,0.0682055437332896,14.632864080318656,0.0682055437332896,14.632864080318656
best_global_hindsight,1pct,1.01,srad_v1,reduce,sradv1::reduce,auto,auto,auto,auto,True,1.0,1.0,0.0,0.0,False,1950,5001,1950.0,5001.0,False,0.9995507693319764,0.8732793905556866,-0.044923066802360356,12.67206094443134,12.67206094443134,0.1267206094443134,0.0,0.0,0.1156414265229659,36.027290809010594,0.1156414265229659,36.027290809010594,0.11558947684767779,31.46189056106526
loko_global_fixed_clock,1pct,1.01,srad_v1,reduce,sradv1::reduce,auto,auto,auto,auto,True,1.0,1.0,0.0,0.0,False,1950,5001,1950.0,5001.0,False,0.9995507693319764,0.8732793905556866,-0.044923066802360356,12.67206094443134,12.67206094443134,0.1267206094443134,0.0,0.0,0.1156414265229659,36.027290809010594,0.1156414265229659,36.027290809010594,0.11558947684767779,31.46189056106526
strict_global_hindsight,1pct,1.01,srad_v1,reduce,sradv1::reduce,auto,auto,auto,auto,True,1.0,1.0,0.0,0.0,False,1950,5001,1950.0,5001.0,False,0.9995507693319764,0.8732793905556866,-0.044923066802360356,12.67206094443134,12.67206094443134,0.1267206094443134,0.0,0.0,0.1156414265229659,36.027290809010594,0.1156414265229659,36.027290809010594,0.11558947684767779,31.46189056106526
strict_loko_global_fixed_clock,1pct,1.01,srad_v1,reduce,sradv1::reduce,auto,auto,auto,auto,True,1.0,1.0,0.0,0.0,False,1950,5001,1950.0,5001.0,False,0.9995507693319764,0.8732793905556866,-0.044923066802360356,12.67206094443134,12.67206094443134,0.1267206094443134,0.0,0.0,0.1156414265229659,36.027290809010594,0.1156414265229659,36.027290809010594,0.11558947684767779,31.46189056106526
per_kernel_oracle,1pct,1.01,srad_v1,reduce,sradv1::reduce,1950,5001,1950.0,5001.0,False,0.9995507693319764,0.8732793905556866,-0.044923066802360356,12.67206094443134,False,1950,5001,1950.0,5001.0,False,0.9995507693319764,0.8732793905556866,-0.044923066802360356,12.67206094443134,0.0,0.0,,,0.1156414265229659,36.027290809010594,0.11558947684767779,31.46189056106526,0.11558947684767779,31.46189056106526
best_global_hindsight,1pct,1.01,srad_v1,srad,sradv1::srad,auto,auto,auto,auto,True,1.0,1.0,0.0,0.0,False,1050,9501,1050.0,9501.0,False,1.0047000764654388,0.7095447120990463,0.4700076465438796,29.045528790095364,29.045528790095364,0.29045528790095365,0.0,0.0,0.131279491690078,45.71882794654344,0.131279491690078,45.71882794654344,0.1318965153393653,32.439552612836
loko_global_fixed_clock,1pct,1.01,srad_v1,srad,sradv1::srad,auto,auto,auto,auto,True,1.0,1.0,0.0,0.0,False,1050,9501,1050.0,9501.0,False,1.0047000764654388,0.7095447120990463,0.4700076465438796,29.045528790095364,29.045528790095364,0.29045528790095365,0.0,0.0,0.131279491690078,45.71882794654344,0.131279491690078,45.71882794654344,0.1318965153393653,32.439552612836
strict_global_hindsight,1pct,1.01,srad_v1,srad,sradv1::srad,auto,auto,auto,auto,True,1.0,1.0,0.0,0.0,False,1050,9501,1050.0,9501.0,False,1.0047000764654388,0.7095447120990463,0.4700076465438796,29.045528790095364,29.045528790095364,0.29045528790095365,0.0,0.0,0.131279491690078,45.71882794654344,0.131279491690078,45.71882794654344,0.1318965153393653,32.439552612836
strict_loko_global_fixed_clock,1pct,1.01,srad_v1,srad,sradv1::srad,auto,auto,auto,auto,True,1.0,1.0,0.0,0.0,False,1050,9501,1050.0,9501.0,False,1.0047000764654388,0.7095447120990463,0.4700076465438796,29.045528790095364,29.045528790095364,0.29045528790095365,0.0,0.0,0.131279491690078,45.71882794654344,0.131279491690078,45.71882794654344,0.1318965153393653,32.439552612836
per_kernel_oracle,1pct,1.01,srad_v1,srad,sradv1::srad,1050,9501,1050.0,9501.0,False,1.0047000764654388,0.7095447120990463,0.4700076465438796,29.045528790095364,False,1050,9501,1050.0,9501.0,False,1.0047000764654388,0.7095447120990463,0.4700076465438796,29.045528790095364,0.0,0.0,,,0.131279491690078,45.71882794654344,0.1318965153393653,32.439552612836,0.1318965153393653,32.439552612836
best_global_hindsight,1pct,1.01,srad_v1,srad2,sradv1::srad2,auto,auto,auto,auto,True,1.0,1.0,0.0,0.0,False,1050,9251,1050.0,9251.0,False,1.003279873429771,0.6696903264002497,0.32798734297709853,33.03096735997503,33.03096735997503,0.3303096735997503,0.0,0.0,0.1452390856014175,50.05771632730124,0.1452390856014175,50.05771632730124,0.1457154514192458,33.52316838608148
loko_global_fixed_clock,1pct,1.01,srad_v1,srad2,sradv1::srad2,auto,auto,auto,auto,True,1.0,1.0,0.0,0.0,False,1050,9251,1050.0,9251.0,False,1.003279873429771,0.6696903264002497,0.32798734297709853,33.03096735997503,33.03096735997503,0.3303096735997503,0.0,0.0,0.1452390856014175,50.05771632730124,0.1452390856014175,50.05771632730124,0.1457154514192458,33.52316838608148
strict_global_hindsight,1pct,1.01,srad_v1,srad2,sradv1::srad2,auto,auto,auto,auto,True,1.0,1.0,0.0,0.0,False,1050,9251,1050.0,9251.0,False,1.003279873429771,0.6696903264002497,0.32798734297709853,33.03096735997503,33.03096735997503,0.3303096735997503,0.0,0.0,0.1452390856014175,50.05771632730124,0.1452390856014175,50.05771632730124,0.1457154514192458,33.52316838608148
strict_loko_global_fixed_clock,1pct,1.01,srad_v1,srad2,sradv1::srad2,auto,auto,auto,auto,True,1.0,1.0,0.0,0.0,False,1050,9251,1050.0,9251.0,False,1.003279873429771,0.6696903264002497,0.32798734297709853,33.03096735997503,33.03096735997503,0.3303096735997503,0.0,0.0,0.1452390856014175,50.05771632730124,0.1452390856014175,50.05771632730124,0.1457154514192458,33.52316838608148
per_kernel_oracle,1pct,1.01,srad_v1,srad2,sradv1::srad2,1050,9251,1050.0,9251.0,False,1.003279873429771,0.6696903264002497,0.32798734297709853,33.03096735997503,False,1050,9251,1050.0,9251.0,False,1.003279873429771,0.6696903264002497,0.32798734297709853,33.03096735997503,0.0,0.0,,,0.1452390856014175,50.05771632730124,0.1457154514192458,33.52316838608148,0.1457154514192458,33.52316838608148
best_global_hindsight,1pct,1.01,streamcluster,compute_cost,streamcluster::computecost,auto,auto,auto,auto,True,1.0,1.0,0.0,0.0,False,630,9501,630.0,9501.0,False,1.0081588147647913,0.6095997846109132,0.81588147647913,39.040021538908675,39.040021538908675,0.39040021538908676,0.0,0.0,0.3867962404270132,126.6268275702019,0.3867962404270132,126.6268275702019,0.3899520393043749,77.19168681275832
loko_global_fixed_clock,1pct,1.01,streamcluster,compute_cost,streamcluster::computecost,auto,auto,auto,auto,True,1.0,1.0,0.0,0.0,False,630,9501,630.0,9501.0,False,1.0081588147647913,0.6095997846109132,0.81588147647913,39.040021538908675,39.040021538908675,0.39040021538908676,0.0,0.0,0.3867962404270132,126.6268275702019,0.3867962404270132,126.6268275702019,0.3899520393043749,77.19168681275832
strict_global_hindsight,1pct,1.01,streamcluster,compute_cost,streamcluster::computecost,auto,auto,auto,auto,True,1.0,1.0,0.0,0.0,False,630,9501,630.0,9501.0,False,1.0081588147647913,0.6095997846109132,0.81588147647913,39.040021538908675,39.040021538908675,0.39040021538908676,0.0,0.0,0.3867962404270132,126.6268275702019,0.3867962404270132,126.6268275702019,0.3899520393043749,77.19168681275832
strict_loko_global_fixed_clock,1pct,1.01,streamcluster,compute_cost,streamcluster::computecost,auto,auto,auto,auto,True,1.0,1.0,0.0,0.0,False,630,9501,630.0,9501.0,False,1.0081588147647913,0.6095997846109132,0.81588147647913,39.040021538908675,39.040021538908675,0.39040021538908676,0.0,0.0,0.3867962404270132,126.6268275702019,0.3867962404270132,126.6268275702019,0.3899520393043749,77.19168681275832
per_kernel_oracle,1pct,1.01,streamcluster,compute_cost,streamcluster::computecost,630,9501,630.0,9501.0,False,1.0081588147647913,0.6095997846109132,0.81588147647913,39.040021538908675,False,630,9501,630.0,9501.0,False,1.0081588147647913,0.6095997846109132,0.81588147647913,39.040021538908675,0.0,0.0,,,0.3867962404270132,126.6268275702019,0.3899520393043749,77.19168681275832,0.3899520393043749,77.19168681275832
best_global_hindsight,1pct,1.01,syr2k,syr2k_kernel,syr2k::syr2kkernel,auto,auto,auto,auto,True,1.0,1.0,0.0,0.0,False,1950,810,1950.0,810.0,False,0.9808222233220476,0.702398587500284,-1.9177776677952396,29.760141249971596,29.760141249971596,0.29760141249971594,0.0,0.0,15.537757763975156,3970.515527950311,15.537757763975156,3970.515527950311,15.239778115501519,2788.884498480243
loko_global_fixed_clock,1pct,1.01,syr2k,syr2k_kernel,syr2k::syr2kkernel,auto,auto,auto,auto,True,1.0,1.0,0.0,0.0,False,1950,810,1950.0,810.0,False,0.9808222233220476,0.702398587500284,-1.9177776677952396,29.760141249971596,29.760141249971596,0.29760141249971594,0.0,0.0,15.537757763975156,3970.515527950311,15.537757763975156,3970.515527950311,15.239778115501519,2788.884498480243
strict_global_hindsight,1pct,1.01,syr2k,syr2k_kernel,syr2k::syr2kkernel,auto,auto,auto,auto,True,1.0,1.0,0.0,0.0,False,1950,810,1950.0,810.0,False,0.9808222233220476,0.702398587500284,-1.9177776677952396,29.760141249971596,29.760141249971596,0.29760141249971594,0.0,0.0,15.537757763975156,3970.515527950311,15.537757763975156,3970.515527950311,15.239778115501519,2788.884498480243
strict_loko_global_fixed_clock,1pct,1.01,syr2k,syr2k_kernel,syr2k::syr2kkernel,auto,auto,auto,auto,True,1.0,1.0,0.0,0.0,False,1950,810,1950.0,810.0,False,0.9808222233220476,0.702398587500284,-1.9177776677952396,29.760141249971596,29.760141249971596,0.29760141249971594,0.0,0.0,15.537757763975156,3970.515527950311,15.537757763975156,3970.515527950311,15.239778115501519,2788.884498480243
per_kernel_oracle,1pct,1.01,syr2k,syr2k_kernel,syr2k::syr2kkernel,1950,810,1950.0,810.0,False,0.9808222233220476,0.702398587500284,-1.9177776677952396,29.760141249971596,False,1950,810,1950.0,810.0,False,0.9808222233220476,0.702398587500284,-1.9177776677952396,29.760141249971596,0.0,0.0,,,15.537757763975156,3970.515527950311,15.239778115501519,2788.884498480243,15.239778115501519,2788.884498480243
best_global_hindsight,1pct,1.01,syrk,syrk_kernel,syrk::syrkkernel,auto,auto,auto,auto,True,1.0,1.0,0.0,0.0,False,1950,810,1950.0,810.0,False,0.9827321099284988,0.7209188313265972,-1.7267890071501202,27.908116867340283,27.908116867340283,0.2790811686734028,0.0,0.0,7.959238473767885,1987.608903020668,7.959238473767885,1987.608903020668,7.821799218749999,1432.9046875
loko_global_fixed_clock,1pct,1.01,syrk,syrk_kernel,syrk::syrkkernel,auto,auto,auto,auto,True,1.0,1.0,0.0,0.0,False,1950,810,1950.0,810.0,False,0.9827321099284988,0.7209188313265972,-1.7267890071501202,27.908116867340283,27.908116867340283,0.2790811686734028,0.0,0.0,7.959238473767885,1987.608903020668,7.959238473767885,1987.608903020668,7.821799218749999,1432.9046875
strict_global_hindsight,1pct,1.01,syrk,syrk_kernel,syrk::syrkkernel,auto,auto,auto,auto,True,1.0,1.0,0.0,0.0,False,1950,810,1950.0,810.0,False,0.9827321099284988,0.7209188313265972,-1.7267890071501202,27.908116867340283,27.908116867340283,0.2790811686734028,0.0,0.0,7.959238473767885,1987.608903020668,7.959238473767885,1987.608903020668,7.821799218749999,1432.9046875
strict_loko_global_fixed_clock,1pct,1.01,syrk,syrk_kernel,syrk::syrkkernel,auto,auto,auto,auto,True,1.0,1.0,0.0,0.0,False,1950,810,1950.0,810.0,False,0.9827321099284988,0.7209188313265972,-1.7267890071501202,27.908116867340283,27.908116867340283,0.2790811686734028,0.0,0.0,7.959238473767885,1987.608903020668,7.959238473767885,1987.608903020668,7.821799218749999,1432.9046875
per_kernel_oracle,1pct,1.01,syrk,syrk_kernel,syrk::syrkkernel,1950,810,1950.0,810.0,False,0.9827321099284988,0.7209188313265972,-1.7267890071501202,27.908116867340283,False,1950,810,1950.0,810.0,False,0.9827321099284988,0.7209188313265972,-1.7267890071501202,27.908116867340283,0.0,0.0,,,7.959238473767885,1987.608903020668,7.821799218749999,1432.9046875,7.821799218749999,1432.9046875
best_global_hindsight,2pct,1.02,2dconv,convolution2D_kernel,2dconv::convolution2dkernel,auto,auto,auto,auto,True,1.0,1.0,0.0,0.0,False,1470,9501,1470.0,9501.0,False,1.0149650803044403,0.8261142218486971,1.4965080304440326,17.38857781513029,17.38857781513029,0.1738857781513029,0.0,0.0,0.1732624922032019,59.52214290664634,0.1732624922032019,59.52214290664634,0.17585537931277026,49.17208877009109
loko_global_fixed_clock,2pct,1.02,2dconv,convolution2D_kernel,2dconv::convolution2dkernel,auto,auto,auto,auto,True,1.0,1.0,0.0,0.0,False,1470,9501,1470.0,9501.0,False,1.0149650803044403,0.8261142218486971,1.4965080304440326,17.38857781513029,17.38857781513029,0.1738857781513029,0.0,0.0,0.1732624922032019,59.52214290664634,0.1732624922032019,59.52214290664634,0.17585537931277026,49.17208877009109
strict_global_hindsight,2pct,1.02,2dconv,convolution2D_kernel,2dconv::convolution2dkernel,auto,auto,auto,auto,True,1.0,1.0,0.0,0.0,False,1470,9501,1470.0,9501.0,False,1.0149650803044403,0.8261142218486971,1.4965080304440326,17.38857781513029,17.38857781513029,0.1738857781513029,0.0,0.0,0.1732624922032019,59.52214290664634,0.1732624922032019,59.52214290664634,0.17585537931277026,49.17208877009109
strict_loko_global_fixed_clock,2pct,1.02,2dconv,convolution2D_kernel,2dconv::convolution2dkernel,auto,auto,auto,auto,True,1.0,1.0,0.0,0.0,False,1470,9501,1470.0,9501.0,False,1.0149650803044403,0.8261142218486971,1.4965080304440326,17.38857781513029,17.38857781513029,0.1738857781513029,0.0,0.0,0.1732624922032019,59.52214290664634,0.1732624922032019,59.52214290664634,0.17585537931277026,49.17208877009109
per_kernel_oracle,2pct,1.02,2dconv,convolution2D_kernel,2dconv::convolution2dkernel,1470,9501,1470.0,9501.0,False,1.0149650803044403,0.8261142218486971,1.4965080304440326,17.38857781513029,False,1470,9501,1470.0,9501.0,False,1.0149650803044403,0.8261142218486971,1.4965080304440326,17.38857781513029,0.0,0.0,,,0.1732624922032019,59.52214290664634,0.17585537931277026,49.17208877009109,0.17585537931277026,49.17208877009109
best_global_hindsight,2pct,1.02,2mm,mm2_kernel1,2mm::mm2kernel1,auto,auto,auto,auto,True,1.0,1.0,0.0,0.0,False,1890,5001,1890.0,5001.0,False,0.9763786924983164,0.9680134767447636,-2.3621307501683564,3.198652325523643,3.198652325523643,0.03198652325523643,0.0,0.0,2.134778062313273,696.625693555271,2.134778062313273,696.625693555271,2.084351813255523,674.3430596081702
loko_global_fixed_clock,2pct,1.02,2mm,mm2_kernel1,2mm::mm2kernel1,auto,auto,auto,auto,True,1.0,1.0,0.0,0.0,False,1890,5001,1890.0,5001.0,False,0.9763786924983164,0.9680134767447636,-2.3621307501683564,3.198652325523643,3.198652325523643,0.03198652325523643,0.0,0.0,2.134778062313273,696.625693555271,2.134778062313273,696.625693555271,2.084351813255523,674.3430596081702
strict_global_hindsight,2pct,1.02,2mm,mm2_kernel1,2mm::mm2kernel1,auto,auto,auto,auto,True,1.0,1.0,0.0,0.0,False,1890,5001,1890.0,5001.0,False,0.9763786924983164,0.9680134767447636,-2.3621307501683564,3.198652325523643,3.198652325523643,0.03198652325523643,0.0,0.0,2.134778062313273,696.625693555271,2.134778062313273,696.625693555271,2.084351813255523,674.3430596081702
strict_loko_global_fixed_clock,2pct,1.02,2mm,mm2_kernel1,2mm::mm2kernel1,auto,auto,auto,auto,True,1.0,1.0,0.0,0.0,False,1890,5001,1890.0,5001.0,False,0.9763786924983164,0.9680134767447636,-2.3621307501683564,3.198652325523643,3.198652325523643,0.03198652325523643,0.0,0.0,2.134778062313273,696.625693555271,2.134778062313273,696.625693555271,2.084351813255523,674.3430596081702
per_kernel_oracle,2pct,1.02,2mm,mm2_kernel1,2mm::mm2kernel1,1890,5001,1890.0,5001.0,False,0.9763786924983164,0.9680134767447636,-2.3621307501683564,3.198652325523643,False,1890,5001,1890.0,5001.0,False,0.9763786924983164,0.9680134767447636,-2.3621307501683564,3.198652325523643,0.0,0.0,,,2.134778062313273,696.625693555271,2.084351813255523,674.3430596081702,2.084351813255523,674.3430596081702
best_global_hindsight,2pct,1.02,2mm,mm2_kernel2,2mm::mm2kernel2,auto,auto,auto,auto,True,1.0,1.0,0.0,0.0,False,1890,5001,1890.0,5001.0,False,0.9963153457813638,0.8975959893322133,-0.3684654218636174,10.24040106677867,10.24040106677867,0.1024040106677867,0.0,0.0,2.032619105691057,674.4752032520325,2.032619105691057,674.4752032520325,2.025129607128392,605.4062373430538
loko_global_fixed_clock,2pct,1.02,2mm,mm2_kernel2,2mm::mm2kernel2,auto,auto,auto,auto,True,1.0,1.0,0.0,0.0,False,1890,5001,1890.0,5001.0,False,0.9963153457813638,0.8975959893322133,-0.3684654218636174,10.24040106677867,10.24040106677867,0.1024040106677867,0.0,0.0,2.032619105691057,674.4752032520325,2.032619105691057,674.4752032520325,2.025129607128392,605.4062373430538
strict_global_hindsight,2pct,1.02,2mm,mm2_kernel2,2mm::mm2kernel2,auto,auto,auto,auto,True,1.0,1.0,0.0,0.0,False,1890,5001,1890.0,5001.0,False,0.9963153457813638,0.8975959893322133,-0.3684654218636174,10.24040106677867,10.24040106677867,0.1024040106677867,0.0,0.0,2.032619105691057,674.4752032520325,2.032619105691057,674.4752032520325,2.025129607128392,605.4062373430538
strict_loko_global_fixed_clock,2pct,1.02,2mm,mm2_kernel2,2mm::mm2kernel2,auto,auto,auto,auto,True,1.0,1.0,0.0,0.0,False,1890,5001,1890.0,5001.0,False,0.9963153457813638,0.8975959893322133,-0.3684654218636174,10.24040106677867,10.24040106677867,0.1024040106677867,0.0,0.0,2.032619105691057,674.4752032520325,2.032619105691057,674.4752032520325,2.025129607128392,605.4062373430538
per_kernel_oracle,2pct,1.02,2mm,mm2_kernel2,2mm::mm2kernel2,1890,5001,1890.0,5001.0,False,0.9963153457813638,0.8975959893322133,-0.3684654218636174,10.24040106677867,False,1890,5001,1890.0,5001.0,False,0.9963153457813638,0.8975959893322133,-0.3684654218636174,10.24040106677867,0.0,0.0,,,2.032619105691057,674.4752032520325,2.025129607128392,605.4062373430538,2.025129607128392,605.4062373430538
best_global_hindsight,2pct,1.02,3mm,mm3_kernel1,3mm::mm3kernel1,auto,auto,auto,auto,True,1.0,1.0,0.0,0.0,False,1890,810,1890.0,810.0,False,1.0014697353367508,0.6895903239160999,0.1469735336750766,31.040967608390012,31.040967608390012,0.31040967608390013,0.0,0.0,0.329816160949868,112.27612137203168,0.329816160949868,112.27612137203168,0.33030090341624746,77.42452690498267
loko_global_fixed_clock,2pct,1.02,3mm,mm3_kernel1,3mm::mm3kernel1,auto,auto,auto,auto,True,1.0,1.0,0.0,0.0,False,1890,810,1890.0,810.0,False,1.0014697353367508,0.6895903239160999,0.1469735336750766,31.040967608390012,31.040967608390012,0.31040967608390013,0.0,0.0,0.329816160949868,112.27612137203168,0.329816160949868,112.27612137203168,0.33030090341624746,77.42452690498267
strict_global_hindsight,2pct,1.02,3mm,mm3_kernel1,3mm::mm3kernel1,auto,auto,auto,auto,True,1.0,1.0,0.0,0.0,False,1890,810,1890.0,810.0,False,1.0014697353367508,0.6895903239160999,0.1469735336750766,31.040967608390012,31.040967608390012,0.31040967608390013,0.0,0.0,0.329816160949868,112.27612137203168,0.329816160949868,112.27612137203168,0.33030090341624746,77.42452690498267
strict_loko_global_fixed_clock,2pct,1.02,3mm,mm3_kernel1,3mm::mm3kernel1,auto,auto,auto,auto,True,1.0,1.0,0.0,0.0,False,1890,810,1890.0,810.0,False,1.0014697353367508,0.6895903239160999,0.1469735336750766,31.040967608390012,31.040967608390012,0.31040967608390013,0.0,0.0,0.329816160949868,112.27612137203168,0.329816160949868,112.27612137203168,0.33030090341624746,77.42452690498267
per_kernel_oracle,2pct,1.02,3mm,mm3_kernel1,3mm::mm3kernel1,1890,810,1890.0,810.0,False,1.0014697353367508,0.6895903239160999,0.1469735336750766,31.040967608390012,False,1890,810,1890.0,810.0,False,1.0014697353367508,0.6895903239160999,0.1469735336750766,31.040967608390012,0.0,0.0,,,0.329816160949868,112.27612137203168,0.33030090341624746,77.42452690498267,0.33030090341624746,77.42452690498267
best_global_hindsight,2pct,1.02,3mm,mm3_kernel2,3mm::mm3kernel2,auto,auto,auto,auto,True,1.0,1.0,0.0,0.0,False,1890,810,1890.0,810.0,False,1.0087362248051623,0.6960437035868351,0.873622480516234,30.39562964131649,30.39562964131649,0.3039562964131649,0.0,0.0,0.3275530298067474,112.24828037995414,0.3275530298067474,112.24828037995414,0.3304146067107512,78.12970879691676
loko_global_fixed_clock,2pct,1.02,3mm,mm3_kernel2,3mm::mm3kernel2,auto,auto,auto,auto,True,1.0,1.0,0.0,0.0,False,1890,810,1890.0,810.0,False,1.0087362248051623,0.6960437035868351,0.873622480516234,30.39562964131649,30.39562964131649,0.3039562964131649,0.0,0.0,0.3275530298067474,112.24828037995414,0.3275530298067474,112.24828037995414,0.3304146067107512,78.12970879691676
strict_global_hindsight,2pct,1.02,3mm,mm3_kernel2,3mm::mm3kernel2,auto,auto,auto,auto,True,1.0,1.0,0.0,0.0,False,1890,810,1890.0,810.0,False,1.0087362248051623,0.6960437035868351,0.873622480516234,30.39562964131649,30.39562964131649,0.3039562964131649,0.0,0.0,0.3275530298067474,112.24828037995414,0.3275530298067474,112.24828037995414,0.3304146067107512,78.12970879691676
strict_loko_global_fixed_clock,2pct,1.02,3mm,mm3_kernel2,3mm::mm3kernel2,auto,auto,auto,auto,True,1.0,1.0,0.0,0.0,False,1890,810,1890.0,810.0,False,1.0087362248051623,0.6960437035868351,0.873622480516234,30.39562964131649,30.39562964131649,0.3039562964131649,0.0,0.0,0.3275530298067474,112.24828037995414,0.3275530298067474,112.24828037995414,0.3304146067107512,78.12970879691676
per_kernel_oracle,2pct,1.02,3mm,mm3_kernel2,3mm::mm3kernel2,1890,810,1890.0,810.0,False,1.0087362248051623,0.6960437035868351,0.873622480516234,30.39562964131649,False,1890,810,1890.0,810.0,False,1.0087362248051623,0.6960437035868351,0.873622480516234,30.39562964131649,0.0,0.0,,,0.3275530298067474,112.24828037995414,0.3304146067107512,78.12970879691676,0.3304146067107512,78.12970879691676
best_global_hindsight,2pct,1.02,3mm,mm3_kernel3,3mm::mm3kernel3,auto,auto,auto,auto,True,1.0,1.0,0.0,0.0,False,1890,810,1890.0,810.0,False,1.003093574726729,0.6970121118587808,0.3093574726729109,30.298788814121924,30.298788814121924,0.30298788814121924,0.0,0.0,0.3288522854324235,113.16270963498847,0.3288522854324235,113.16270963498847,0.32986961455146435,78.87577922634532
loko_global_fixed_clock,2pct,1.02,3mm,mm3_kernel3,3mm::mm3kernel3,auto,auto,auto,auto,True,1.0,1.0,0.0,0.0,False,1890,810,1890.0,810.0,False,1.003093574726729,0.6970121118587808,0.3093574726729109,30.298788814121924,30.298788814121924,0.30298788814121924,0.0,0.0,0.3288522854324235,113.16270963498847,0.3288522854324235,113.16270963498847,0.32986961455146435,78.87577922634532
strict_global_hindsight,2pct,1.02,3mm,mm3_kernel3,3mm::mm3kernel3,auto,auto,auto,auto,True,1.0,1.0,0.0,0.0,False,1890,810,1890.0,810.0,False,1.003093574726729,0.6970121118587808,0.3093574726729109,30.298788814121924,30.298788814121924,0.30298788814121924,0.0,0.0,0.3288522854324235,113.16270963498847,0.3288522854324235,113.16270963498847,0.32986961455146435,78.87577922634532
strict_loko_global_fixed_clock,2pct,1.02,3mm,mm3_kernel3,3mm::mm3kernel3,auto,auto,auto,auto,True,1.0,1.0,0.0,0.0,False,1890,810,1890.0,810.0,False,1.003093574726729,0.6970121118587808,0.3093574726729109,30.298788814121924,30.298788814121924,0.30298788814121924,0.0,0.0,0.3288522854324235,113.16270963498847,0.3288522854324235,113.16270963498847,0.32986961455146435,78.87577922634532
per_kernel_oracle,2pct,1.02,3mm,mm3_kernel3,3mm::mm3kernel3,1890,810,1890.0,810.0,False,1.003093574726729,0.6970121118587808,0.3093574726729109,30.298788814121924,False,1890,810,1890.0,810.0,False,1.003093574726729,0.6970121118587808,0.3093574726729109,30.298788814121924,0.0,0.0,,,0.3288522854324235,113.16270963498847,0.32986961455146435,78.87577922634532,0.32986961455146435,78.87577922634532
best_global_hindsight,2pct,1.02,atax,atax_kernel1,atax::ataxkernel1,auto,auto,auto,auto,True,1.0,1.0,0.0,0.0,False,1890,5001,1890.0,5001.0,False,1.0119963497058844,0.7306481980711437,1.1996349705884368,26.935180192885632,26.935180192885632,0.2693518019288563,0.0,0.0,1.2237679882525696,296.98164464023495,1.2237679882525696,296.98164464023495,1.238448736998514,216.9891035165924
loko_global_fixed_clock,2pct,1.02,atax,atax_kernel1,atax::ataxkernel1,auto,auto,auto,auto,True,1.0,1.0,0.0,0.0,False,1890,5001,1890.0,5001.0,False,1.0119963497058844,0.7306481980711437,1.1996349705884368,26.935180192885632,26.935180192885632,0.2693518019288563,0.0,0.0,1.2237679882525696,296.98164464023495,1.2237679882525696,296.98164464023495,1.238448736998514,216.9891035165924
strict_global_hindsight,2pct,1.02,atax,atax_kernel1,atax::ataxkernel1,auto,auto,auto,auto,True,1.0,1.0,0.0,0.0,False,1890,5001,1890.0,5001.0,False,1.0119963497058844,0.7306481980711437,1.1996349705884368,26.935180192885632,26.935180192885632,0.2693518019288563,0.0,0.0,1.2237679882525696,296.98164464023495,1.2237679882525696,296.98164464023495,1.238448736998514,216.9891035165924
strict_loko_global_fixed_clock,2pct,1.02,atax,atax_kernel1,atax::ataxkernel1,auto,auto,auto,auto,True,1.0,1.0,0.0,0.0,False,1890,5001,1890.0,5001.0,False,1.0119963497058844,0.7306481980711437,1.1996349705884368,26.935180192885632,26.935180192885632,0.2693518019288563,0.0,0.0,1.2237679882525696,296.98164464023495,1.2237679882525696,296.98164464023495,1.238448736998514,216.9891035165924
per_kernel_oracle,2pct,1.02,atax,atax_kernel1,atax::ataxkernel1,1890,5001,1890.0,5001.0,False,1.0119963497058844,0.7306481980711437,1.1996349705884368,26.935180192885632,False,1890,5001,1890.0,5001.0,False,1.0119963497058844,0.7306481980711437,1.1996349705884368,26.935180192885632,0.0,0.0,,,1.2237679882525696,296.98164464023495,1.238448736998514,216.9891035165924,1.238448736998514,216.9891035165924
best_global_hindsight,2pct,1.02,atax,atax_kernel2,atax::ataxkernel2,auto,auto,auto,auto,True,1.0,1.0,0.0,0.0,False,1890,9501,1890.0,9501.0,False,1.0183581926624277,0.880693933046719,1.8358192662427664,11.930606695328105,11.930606695328105,0.11930606695328105,0.0,0.0,1.216248784046693,241.7205739299611,1.216248784046693,241.7205739299611,1.2385769135496654,212.88184295268763
loko_global_fixed_clock,2pct,1.02,atax,atax_kernel2,atax::ataxkernel2,auto,auto,auto,auto,True,1.0,1.0,0.0,0.0,False,1890,9501,1890.0,9501.0,False,1.0183581926624277,0.880693933046719,1.8358192662427664,11.930606695328105,11.930606695328105,0.11930606695328105,0.0,0.0,1.216248784046693,241.7205739299611,1.216248784046693,241.7205739299611,1.2385769135496654,212.88184295268763
strict_global_hindsight,2pct,1.02,atax,atax_kernel2,atax::ataxkernel2,auto,auto,auto,auto,True,1.0,1.0,0.0,0.0,False,1890,9501,1890.0,9501.0,False,1.0183581926624277,0.880693933046719,1.8358192662427664,11.930606695328105,11.930606695328105,0.11930606695328105,0.0,0.0,1.216248784046693,241.7205739299611,1.216248784046693,241.7205739299611,1.2385769135496654,212.88184295268763
strict_loko_global_fixed_clock,2pct,1.02,atax,atax_kernel2,atax::ataxkernel2,auto,auto,auto,auto,True,1.0,1.0,0.0,0.0,False,1890,9501,1890.0,9501.0,False,1.0183581926624277,0.880693933046719,1.8358192662427664,11.930606695328105,11.930606695328105,0.11930606695328105,0.0,0.0,1.216248784046693,241.7205739299611,1.216248784046693,241.7205739299611,1.2385769135496654,212.88184295268763
per_kernel_oracle,2pct,1.02,atax,atax_kernel2,atax::ataxkernel2,1890,9501,1890.0,9501.0,False,1.0183581926624277,0.880693933046719,1.8358192662427664,11.930606695328105,False,1890,9501,1890.0,9501.0,False,1.0183581926624277,0.880693933046719,1.8358192662427664,11.930606695328105,0.0,0.0,,,1.216248784046693,241.7205739299611,1.2385769135496654,212.88184295268763,1.2385769135496654,212.88184295268763
best_global_hindsight,2pct,1.02,bicg,bicg_kernel1,bicg::bicgkernel1,auto,auto,auto,auto,True,1.0,1.0,0.0,0.0,False,1890,9501,1890.0,9501.0,False,1.0134672627322636,0.8602989700830403,1.3467262732263618,13.970102991695965,13.970102991695965,0.13970102991695965,0.0,0.0,1.1971323916686616,219.7598755087384,1.1971323916686616,219.7598755087384,1.2132544881125666,189.0591945657448
loko_global_fixed_clock,2pct,1.02,bicg,bicg_kernel1,bicg::bicgkernel1,auto,auto,auto,auto,True,1.0,1.0,0.0,0.0,False,1890,9501,1890.0,9501.0,False,1.0134672627322636,0.8602989700830403,1.3467262732263618,13.970102991695965,13.970102991695965,0.13970102991695965,0.0,0.0,1.1971323916686616,219.7598755087384,1.1971323916686616,219.7598755087384,1.2132544881125666,189.0591945657448
strict_global_hindsight,2pct,1.02,bicg,bicg_kernel1,bicg::bicgkernel1,auto,auto,auto,auto,True,1.0,1.0,0.0,0.0,False,1890,9501,1890.0,9501.0,False,1.0134672627322636,0.8602989700830403,1.3467262732263618,13.970102991695965,13.970102991695965,0.13970102991695965,0.0,0.0,1.1971323916686616,219.7598755087384,1.1971323916686616,219.7598755087384,1.2132544881125666,189.0591945657448
strict_loko_global_fixed_clock,2pct,1.02,bicg,bicg_kernel1,bicg::bicgkernel1,auto,auto,auto,auto,True,1.0,1.0,0.0,0.0,False,1890,9501,1890.0,9501.0,False,1.0134672627322636,0.8602989700830403,1.3467262732263618,13.970102991695965,13.970102991695965,0.13970102991695965,0.0,0.0,1.1971323916686616,219.7598755087384,1.1971323916686616,219.7598755087384,1.2132544881125666,189.0591945657448
per_kernel_oracle,2pct,1.02,bicg,bicg_kernel1,bicg::bicgkernel1,1890,9501,1890.0,9501.0,False,1.0134672627322636,0.8602989700830403,1.3467262732263618,13.970102991695965,False,1890,9501,1890.0,9501.0,False,1.0134672627322636,0.8602989700830403,1.3467262732263618,13.970102991695965,0.0,0.0,,,1.1971323916686616,219.7598755087384,1.2132544881125666,189.0591945657448,1.2132544881125666,189.0591945657448
best_global_hindsight,2pct,1.02,bicg,bicg_kernel2,bicg::bicgkernel2,auto,auto,auto,auto,True,1.0,1.0,0.0,0.0,False,1950,5001,1950.0,5001.0,False,0.9990835676599982,0.8655421691601409,-0.0916432340001827,13.445783083985907,13.445783083985907,0.13445783083985907,0.0,0.0,0.6395367694078526,134.00882465788465,0.6395367694078526,134.00882465788465,0.638950677229747,115.99028878098646
loko_global_fixed_clock,2pct,1.02,bicg,bicg_kernel2,bicg::bicgkernel2,auto,auto,auto,auto,True,1.0,1.0,0.0,0.0,False,1950,5001,1950.0,5001.0,False,0.9990835676599982,0.8655421691601409,-0.0916432340001827,13.445783083985907,13.445783083985907,0.13445783083985907,0.0,0.0,0.6395367694078526,134.00882465788465,0.6395367694078526,134.00882465788465,0.638950677229747,115.99028878098646
strict_global_hindsight,2pct,1.02,bicg,bicg_kernel2,bicg::bicgkernel2,auto,auto,auto,auto,True,1.0,1.0,0.0,0.0,False,1950,5001,1950.0,5001.0,False,0.9990835676599982,0.8655421691601409,-0.0916432340001827,13.445783083985907,13.445783083985907,0.13445783083985907,0.0,0.0,0.6395367694078526,134.00882465788465,0.6395367694078526,134.00882465788465,0.638950677229747,115.99028878098646
strict_loko_global_fixed_clock,2pct,1.02,bicg,bicg_kernel2,bicg::bicgkernel2,auto,auto,auto,auto,True,1.0,1.0,0.0,0.0,False,1950,5001,1950.0,5001.0,False,0.9990835676599982,0.8655421691601409,-0.0916432340001827,13.445783083985907,13.445783083985907,0.13445783083985907,0.0,0.0,0.6395367694078526,134.00882465788465,0.6395367694078526,134.00882465788465,0.638950677229747,115.99028878098646
per_kernel_oracle,2pct,1.02,bicg,bicg_kernel2,bicg::bicgkernel2,1950,5001,1950.0,5001.0,False,0.9990835676599982,0.8655421691601409,-0.0916432340001827,13.445783083985907,False,1950,5001,1950.0,5001.0,False,0.9990835676599982,0.8655421691601409,-0.0916432340001827,13.445783083985907,0.0,0.0,,,0.6395367694078526,134.00882465788465,0.638950677229747,115.99028878098646,0.638950677229747,115.99028878098646
best_global_hindsight,2pct,1.02,correlation,corr_kernel,correlation::corrkernel,auto,auto,auto,auto,True,1.0,1.0,0.0,0.0,False,1890,9251,1890.0,9251.0,False,1.0183902424316302,0.8389598343549344,1.8390242431630233,16.104016564506562,16.104016564506562,0.16104016564506562,0.0,0.0,1351.50475,243653.5,1351.50475,243653.5,1376.35925,204415.5
loko_global_fixed_clock,2pct,1.02,correlation,corr_kernel,correlation::corrkernel,auto,auto,auto,auto,True,1.0,1.0,0.0,0.0,False,1890,9251,1890.0,9251.0,False,1.0183902424316302,0.8389598343549344,1.8390242431630233,16.104016564506562,16.104016564506562,0.16104016564506562,0.0,0.0,1351.50475,243653.5,1351.50475,243653.5,1376.35925,204415.5
strict_global_hindsight,2pct,1.02,correlation,corr_kernel,correlation::corrkernel,auto,auto,auto,auto,True,1.0,1.0,0.0,0.0,False,1890,9251,1890.0,9251.0,False,1.0183902424316302,0.8389598343549344,1.8390242431630233,16.104016564506562,16.104016564506562,0.16104016564506562,0.0,0.0,1351.50475,243653.5,1351.50475,243653.5,1376.35925,204415.5
strict_loko_global_fixed_clock,2pct,1.02,correlation,corr_kernel,correlation::corrkernel,auto,auto,auto,auto,True,1.0,1.0,0.0,0.0,False,1890,9251,1890.0,9251.0,False,1.0183902424316302,0.8389598343549344,1.8390242431630233,16.104016564506562,16.104016564506562,0.16104016564506562,0.0,0.0,1351.50475,243653.5,1351.50475,243653.5,1376.35925,204415.5
per_kernel_oracle,2pct,1.02,correlation,corr_kernel,correlation::corrkernel,1890,9251,1890.0,9251.0,False,1.0183902424316302,0.8389598343549344,1.8390242431630233,16.104016564506562,False,1890,9251,1890.0,9251.0,False,1.0183902424316302,0.8389598343549344,1.8390242431630233,16.104016564506562,0.0,0.0,,,1351.50475,243653.5,1376.35925,204415.5,1376.35925,204415.5
best_global_hindsight,2pct,1.02,correlation,mean_kernel,correlation::meankernel,auto,auto,auto,auto,True,1.0,1.0,0.0,0.0,False,1890,9251,1890.0,9251.0,False,1.0176798779746556,0.8233611709555464,1.7679877974655644,17.66388290444536,17.66388290444536,0.1766388290444536,0.0,0.0,0.6022942664418213,104.5072271741749,0.6022942664418213,104.5072271741749,0.6129427555773475,86.04719293944595
loko_global_fixed_clock,2pct,1.02,correlation,mean_kernel,correlation::meankernel,auto,auto,auto,auto,True,1.0,1.0,0.0,0.0,False,1890,9251,1890.0,9251.0,False,1.0176798779746556,0.8233611709555464,1.7679877974655644,17.66388290444536,17.66388290444536,0.1766388290444536,0.0,0.0,0.6022942664418213,104.5072271741749,0.6022942664418213,104.5072271741749,0.6129427555773475,86.04719293944595
strict_global_hindsight,2pct,1.02,correlation,mean_kernel,correlation::meankernel,auto,auto,auto,auto,True,1.0,1.0,0.0,0.0,False,1890,9251,1890.0,9251.0,False,1.0176798779746556,0.8233611709555464,1.7679877974655644,17.66388290444536,17.66388290444536,0.1766388290444536,0.0,0.0,0.6022942664418213,104.5072271741749,0.6022942664418213,104.5072271741749,0.6129427555773475,86.04719293944595
strict_loko_global_fixed_clock,2pct,1.02,correlation,mean_kernel,correlation::meankernel,auto,auto,auto,auto,True,1.0,1.0,0.0,0.0,False,1890,9251,1890.0,9251.0,False,1.0176798779746556,0.8233611709555464,1.7679877974655644,17.66388290444536,17.66388290444536,0.1766388290444536,0.0,0.0,0.6022942664418213,104.5072271741749,0.6022942664418213,104.5072271741749,0.6129427555773475,86.04719293944595
per_kernel_oracle,2pct,1.02,correlation,mean_kernel,correlation::meankernel,1890,9251,1890.0,9251.0,False,1.0176798779746556,0.8233611709555464,1.7679877974655644,17.66388290444536,False,1890,9251,1890.0,9251.0,False,1.0176798779746556,0.8233611709555464,1.7679877974655644,17.66388290444536,0.0,0.0,,,0.6022942664418213,104.5072271741749,0.6129427555773475,86.04719293944595,0.6129427555773475,86.04719293944595
best_global_hindsight,2pct,1.02,correlation,reduce_kernel,correlation::reducekernel,auto,auto,auto,auto,True,1.0,1.0,0.0,0.0,False,1890,9251,1890.0,9251.0,False,1.013686346881329,0.970474157410206,1.3686346881329081,2.952584258979396,2.952584258979396,0.02952584258979396,0.0,0.0,0.0463599376923932,16.07854281793569,0.0463599376923932,16.07854281793569,0.0469944358810481,15.60381029362006
loko_global_fixed_clock,2pct,1.02,correlation,reduce_kernel,correlation::reducekernel,auto,auto,auto,auto,True,1.0,1.0,0.0,0.0,False,1890,9251,1890.0,9251.0,False,1.013686346881329,0.970474157410206,1.3686346881329081,2.952584258979396,2.952584258979396,0.02952584258979396,0.0,0.0,0.0463599376923932,16.07854281793569,0.0463599376923932,16.07854281793569,0.0469944358810481,15.60381029362006
strict_global_hindsight,2pct,1.02,correlation,reduce_kernel,correlation::reducekernel,auto,auto,auto,auto,True,1.0,1.0,0.0,0.0,False,1890,9251,1890.0,9251.0,False,1.013686346881329,0.970474157410206,1.3686346881329081,2.952584258979396,2.952584258979396,0.02952584258979396,0.0,0.0,0.0463599376923932,16.07854281793569,0.0463599376923932,16.07854281793569,0.0469944358810481,15.60381029362006
strict_loko_global_fixed_clock,2pct,1.02,correlation,reduce_kernel,correlation::reducekernel,auto,auto,auto,auto,True,1.0,1.0,0.0,0.0,False,1890,9251,1890.0,9251.0,False,1.013686346881329,0.970474157410206,1.3686346881329081,2.952584258979396,2.952584258979396,0.02952584258979396,0.0,0.0,0.0463599376923932,16.07854281793569,0.0463599376923932,16.07854281793569,0.0469944358810481,15.60381029362006
per_kernel_oracle,2pct,1.02,correlation,reduce_kernel,correlation::reducekernel,1890,9251,1890.0,9251.0,False,1.013686346881329,0.970474157410206,1.3686346881329081,2.952584258979396,False,1890,9251,1890.0,9251.0,False,1.013686346881329,0.970474157410206,1.3686346881329081,2.952584258979396,0.0,0.0,,,0.0463599376923932,16.07854281793569,0.0469944358810481,15.60381029362006,0.0469944358810481,15.60381029362006
best_global_hindsight,2pct,1.02,correlation,std_kernel,correlation::stdkernel,auto,auto,auto,auto,True,1.0,1.0,0.0,0.0,False,1965,9251,1965.0,9251.0,False,1.0045048701204624,0.9533916955383442,0.4504870120462412,4.660830446165576,4.660830446165576,0.04660830446165576,0.0,0.0,0.604474492263056,99.23972437137331,0.604474492263056,99.23972437137331,0.6071975713418336,94.61432908318154
loko_global_fixed_clock,2pct,1.02,correlation,std_kernel,correlation::stdkernel,auto,auto,auto,auto,True,1.0,1.0,0.0,0.0,False,1965,9251,1965.0,9251.0,False,1.0045048701204624,0.9533916955383442,0.4504870120462412,4.660830446165576,4.660830446165576,0.04660830446165576,0.0,0.0,0.604474492263056,99.23972437137331,0.604474492263056,99.23972437137331,0.6071975713418336,94.61432908318154
strict_global_hindsight,2pct,1.02,correlation,std_kernel,correlation::stdkernel,auto,auto,auto,auto,True,1.0,1.0,0.0,0.0,False,1965,9251,1965.0,9251.0,False,1.0045048701204624,0.9533916955383442,0.4504870120462412,4.660830446165576,4.660830446165576,0.04660830446165576,0.0,0.0,0.604474492263056,99.23972437137331,0.604474492263056,99.23972437137331,0.6071975713418336,94.61432908318154
strict_loko_global_fixed_clock,2pct,1.02,correlation,std_kernel,correlation::stdkernel,auto,auto,auto,auto,True,1.0,1.0,0.0,0.0,False,1965,9251,1965.0,9251.0,False,1.0045048701204624,0.9533916955383442,0.4504870120462412,4.660830446165576,4.660830446165576,0.04660830446165576,0.0,0.0,0.604474492263056,99.23972437137331,0.604474492263056,99.23972437137331,0.6071975713418336,94.61432908318154
per_kernel_oracle,2pct,1.02,correlation,std_kernel,correlation::stdkernel,1965,9251,1965.0,9251.0,False,1.0045048701204624,0.9533916955383442,0.4504870120462412,4.660830446165576,False,1965,9251,1965.0,9251.0,False,1.0045048701204624,0.9533916955383442,0.4504870120462412,4.660830446165576,0.0,0.0,,,0.604474492263056,99.23972437137331,0.6071975713418336,94.61432908318154,0.6071975713418336,94.61432908318154
best_global_hindsight,2pct,1.02,covariance,covar_kernel,covariance::covarkernel,auto,auto,auto,auto,True,1.0,1.0,0.0,0.0,False,1950,9251,1950.0,9251.0,False,0.9952776953492584,0.9309162704704248,-0.4722304650741638,6.90837295295752,6.90837295295752,0.0690837295295752,0.0,0.0,1348.81175,242987.75,1348.81175,242987.75,1342.44225,226201.24999999997
loko_global_fixed_clock,2pct,1.02,covariance,covar_kernel,covariance::covarkernel,1890,9251,1890.0,9251.0,False,1.021388270082908,0.8580370821162795,2.1388270082908,14.19629178837205,True,1950,9251,1950.0,9251.0,False,0.9952776953492584,0.9309162704704248,-0.4722304650741638,6.90837295295752,-7.287918835414531,-0.07287918835414531,13.854071759847631,1.9803564795481732,1348.81175,242987.75,1377.6605,208492.5,1342.44225,226201.24999999997
strict_global_hindsight,2pct,1.02,covariance,covar_kernel,covariance::covarkernel,auto,auto,auto,auto,True,1.0,1.0,0.0,0.0,False,1950,9251,1950.0,9251.0,False,0.9952776953492584,0.9309162704704248,-0.4722304650741638,6.90837295295752,6.90837295295752,0.0690837295295752,0.0,0.0,1348.81175,242987.75,1348.81175,242987.75,1342.44225,226201.24999999997
strict_loko_global_fixed_clock,2pct,1.02,covariance,covar_kernel,covariance::covarkernel,auto,auto,auto,auto,True,1.0,1.0,0.0,0.0,False,1950,9251,1950.0,9251.0,False,0.9952776953492584,0.9309162704704248,-0.4722304650741638,6.90837295295752,6.90837295295752,0.0690837295295752,0.0,0.0,1348.81175,242987.75,1348.81175,242987.75,1342.44225,226201.24999999997
per_kernel_oracle,2pct,1.02,covariance,covar_kernel,covariance::covarkernel,1950,9251,1950.0,9251.0,False,0.9952776953492584,0.9309162704704248,-0.4722304650741638,6.90837295295752,False,1950,9251,1950.0,9251.0,False,0.9952776953492584,0.9309162704704248,-0.4722304650741638,6.90837295295752,0.0,0.0,,,1348.81175,242987.75,1342.44225,226201.24999999997,1342.44225,226201.24999999997
best_global_hindsight,2pct,1.02,covariance,mean_kernel,covariance::meankernel,auto,auto,auto,auto,True,1.0,1.0,0.0,0.0,False,1890,9251,1890.0,9251.0,False,1.013430227567937,0.8278504277667804,1.3430227567936992,17.21495722332196,17.21495722332196,0.17214957223321958,0.0,0.0,0.6037243419463898,104.34581019077515,0.6037243419463898,104.34581019077515,0.6118324972470328,86.38272360210449
loko_global_fixed_clock,2pct,1.02,covariance,mean_kernel,covariance::meankernel,auto,auto,auto,auto,True,1.0,1.0,0.0,0.0,False,1890,9251,1890.0,9251.0,False,1.013430227567937,0.8278504277667804,1.3430227567936992,17.21495722332196,17.21495722332196,0.17214957223321958,0.0,0.0,0.6037243419463898,104.34581019077515,0.6037243419463898,104.34581019077515,0.6118324972470328,86.38272360210449
strict_global_hindsight,2pct,1.02,covariance,mean_kernel,covariance::meankernel,auto,auto,auto,auto,True,1.0,1.0,0.0,0.0,False,1890,9251,1890.0,9251.0,False,1.013430227567937,0.8278504277667804,1.3430227567936992,17.21495722332196,17.21495722332196,0.17214957223321958,0.0,0.0,0.6037243419463898,104.34581019077515,0.6037243419463898,104.34581019077515,0.6118324972470328,86.38272360210449
strict_loko_global_fixed_clock,2pct,1.02,covariance,mean_kernel,covariance::meankernel,auto,auto,auto,auto,True,1.0,1.0,0.0,0.0,False,1890,9251,1890.0,9251.0,False,1.013430227567937,0.8278504277667804,1.3430227567936992,17.21495722332196,17.21495722332196,0.17214957223321958,0.0,0.0,0.6037243419463898,104.34581019077515,0.6037243419463898,104.34581019077515,0.6118324972470328,86.38272360210449
per_kernel_oracle,2pct,1.02,covariance,mean_kernel,covariance::meankernel,1890,9251,1890.0,9251.0,False,1.013430227567937,0.8278504277667804,1.3430227567936992,17.21495722332196,False,1890,9251,1890.0,9251.0,False,1.013430227567937,0.8278504277667804,1.3430227567936992,17.21495722332196,0.0,0.0,,,0.6037243419463898,104.34581019077515,0.6118324972470328,86.38272360210449,0.6118324972470328,86.38272360210449
best_global_hindsight,2pct,1.02,covariance,reduce_kernel,covariance::reducekernel,auto,auto,auto,auto,True,1.0,1.0,0.0,0.0,False,1470,9251,1470.0,9251.0,False,1.018263186104697,0.6437145465891021,1.8263186104696905,35.62854534108979,35.62854534108979,0.3562854534108979,0.0,0.0,0.0462931264350788,15.581790237760163,0.0462931264350788,15.581790237760163,0.047138586418530914,10.03022503794628
loko_global_fixed_clock,2pct,1.02,covariance,reduce_kernel,covariance::reducekernel,auto,auto,auto,auto,True,1.0,1.0,0.0,0.0,False,1470,9251,1470.0,9251.0,False,1.018263186104697,0.6437145465891021,1.8263186104696905,35.62854534108979,35.62854534108979,0.3562854534108979,0.0,0.0,0.0462931264350788,15.581790237760163,0.0462931264350788,15.581790237760163,0.047138586418530914,10.03022503794628
strict_global_hindsight,2pct,1.02,covariance,reduce_kernel,covariance::reducekernel,auto,auto,auto,auto,True,1.0,1.0,0.0,0.0,False,1470,9251,1470.0,9251.0,False,1.018263186104697,0.6437145465891021,1.8263186104696905,35.62854534108979,35.62854534108979,0.3562854534108979,0.0,0.0,0.0462931264350788,15.581790237760163,0.0462931264350788,15.581790237760163,0.047138586418530914,10.03022503794628
strict_loko_global_fixed_clock,2pct,1.02,covariance,reduce_kernel,covariance::reducekernel,auto,auto,auto,auto,True,1.0,1.0,0.0,0.0,False,1470,9251,1470.0,9251.0,False,1.018263186104697,0.6437145465891021,1.8263186104696905,35.62854534108979,35.62854534108979,0.3562854534108979,0.0,0.0,0.0462931264350788,15.581790237760163,0.0462931264350788,15.581790237760163,0.047138586418530914,10.03022503794628
per_kernel_oracle,2pct,1.02,covariance,reduce_kernel,covariance::reducekernel,1470,9251,1470.0,9251.0,False,1.018263186104697,0.6437145465891021,1.8263186104696905,35.62854534108979,False,1470,9251,1470.0,9251.0,False,1.018263186104697,0.6437145465891021,1.8263186104696905,35.62854534108979,0.0,0.0,,,0.0462931264350788,15.581790237760163,0.047138586418530914,10.03022503794628,0.047138586418530914,10.03022503794628
best_global_hindsight,2pct,1.02,doitgen,kernel1,doitgen::kernel1,auto,auto,auto,auto,True,1.0,1.0,0.0,0.0,False,1965,810,1965.0,810.0,False,1.0178116124539265,0.6461267770187528,1.7811612453926484,35.38732229812472,35.38732229812472,0.35387322298124724,0.0,0.0,0.0242435354754874,4.764261228368753,0.0242435354754874,4.764261228368753,0.0246753519338898,3.078316752361306
loko_global_fixed_clock,2pct,1.02,doitgen,kernel1,doitgen::kernel1,auto,auto,auto,auto,True,1.0,1.0,0.0,0.0,False,1965,810,1965.0,810.0,False,1.0178116124539265,0.6461267770187528,1.7811612453926484,35.38732229812472,35.38732229812472,0.35387322298124724,0.0,0.0,0.0242435354754874,4.764261228368753,0.0242435354754874,4.764261228368753,0.0246753519338898,3.078316752361306
strict_global_hindsight,2pct,1.02,doitgen,kernel1,doitgen::kernel1,auto,auto,auto,auto,True,1.0,1.0,0.0,0.0,False,1965,810,1965.0,810.0,False,1.0178116124539265,0.6461267770187528,1.7811612453926484,35.38732229812472,35.38732229812472,0.35387322298124724,0.0,0.0,0.0242435354754874,4.764261228368753,0.0242435354754874,4.764261228368753,0.0246753519338898,3.078316752361306
strict_loko_global_fixed_clock,2pct,1.02,doitgen,kernel1,doitgen::kernel1,auto,auto,auto,auto,True,1.0,1.0,0.0,0.0,False,1965,810,1965.0,810.0,False,1.0178116124539265,0.6461267770187528,1.7811612453926484,35.38732229812472,35.38732229812472,0.35387322298124724,0.0,0.0,0.0242435354754874,4.764261228368753,0.0242435354754874,4.764261228368753,0.0246753519338898,3.078316752361306
per_kernel_oracle,2pct,1.02,doitgen,kernel1,doitgen::kernel1,1965,810,1965.0,810.0,False,1.0178116124539265,0.6461267770187528,1.7811612453926484,35.38732229812472,False,1965,810,1965.0,810.0,False,1.0178116124539265,0.6461267770187528,1.7811612453926484,35.38732229812472,0.0,0.0,,,0.0242435354754874,4.764261228368753,0.0246753519338898,3.078316752361306,0.0246753519338898,3.078316752361306
best_global_hindsight,2pct,1.02,doitgen,kernel2,doitgen::kernel2,auto,auto,auto,auto,True,1.0,1.0,0.0,0.0,False,1890,810,1890.0,810.0,False,1.0019096550778408,0.6605809621056491,0.19096550778407995,33.94190378943509,33.94190378943509,0.3394190378943509,0.0,0.0,0.0062991934528833,0.6842749768820062,0.0062991934528833,0.6842749768820062,0.0063112227396469,0.4520190225735365
loko_global_fixed_clock,2pct,1.02,doitgen,kernel2,doitgen::kernel2,auto,auto,auto,auto,True,1.0,1.0,0.0,0.0,False,1890,810,1890.0,810.0,False,1.0019096550778408,0.6605809621056491,0.19096550778407995,33.94190378943509,33.94190378943509,0.3394190378943509,0.0,0.0,0.0062991934528833,0.6842749768820062,0.0062991934528833,0.6842749768820062,0.0063112227396469,0.4520190225735365
strict_global_hindsight,2pct,1.02,doitgen,kernel2,doitgen::kernel2,auto,auto,auto,auto,True,1.0,1.0,0.0,0.0,False,1890,810,1890.0,810.0,False,1.0019096550778408,0.6605809621056491,0.19096550778407995,33.94190378943509,33.94190378943509,0.3394190378943509,0.0,0.0,0.0062991934528833,0.6842749768820062,0.0062991934528833,0.6842749768820062,0.0063112227396469,0.4520190225735365
strict_loko_global_fixed_clock,2pct,1.02,doitgen,kernel2,doitgen::kernel2,auto,auto,auto,auto,True,1.0,1.0,0.0,0.0,False,1890,810,1890.0,810.0,False,1.0019096550778408,0.6605809621056491,0.19096550778407995,33.94190378943509,33.94190378943509,0.3394190378943509,0.0,0.0,0.0062991934528833,0.6842749768820062,0.0062991934528833,0.6842749768820062,0.0063112227396469,0.4520190225735365
per_kernel_oracle,2pct,1.02,doitgen,kernel2,doitgen::kernel2,1890,810,1890.0,810.0,False,1.0019096550778408,0.6605809621056491,0.19096550778407995,33.94190378943509,False,1890,810,1890.0,810.0,False,1.0019096550778408,0.6605809621056491,0.19096550778407995,33.94190378943509,0.0,0.0,,,0.0062991934528833,0.6842749768820062,0.0063112227396469,0.4520190225735365,0.0063112227396469,0.4520190225735365
best_global_hindsight,2pct,1.02,euler3d,compute_flux,euler3d::computeflux,auto,auto,auto,auto,True,1.0,1.0,0.0,0.0,False,1890,9251,1890.0,9251.0,False,0.9754070658041488,0.9509094933368708,-2.459293419585118,4.90905066631292,4.90905066631292,0.049090506663129196,0.0,0.0,0.0256531047822317,8.83643649087523,0.0256531047822317,8.83643649087523,0.025022219664403,8.402651346441601
loko_global_fixed_clock,2pct,1.02,euler3d,compute_flux,euler3d::computeflux,auto,auto,auto,auto,True,1.0,1.0,0.0,0.0,False,1890,9251,1890.0,9251.0,False,0.9754070658041488,0.9509094933368708,-2.459293419585118,4.90905066631292,4.90905066631292,0.049090506663129196,0.0,0.0,0.0256531047822317,8.83643649087523,0.0256531047822317,8.83643649087523,0.025022219664403,8.402651346441601
strict_global_hindsight,2pct,1.02,euler3d,compute_flux,euler3d::computeflux,auto,auto,auto,auto,True,1.0,1.0,0.0,0.0,False,1890,9251,1890.0,9251.0,False,0.9754070658041488,0.9509094933368708,-2.459293419585118,4.90905066631292,4.90905066631292,0.049090506663129196,0.0,0.0,0.0256531047822317,8.83643649087523,0.0256531047822317,8.83643649087523,0.025022219664403,8.402651346441601
strict_loko_global_fixed_clock,2pct,1.02,euler3d,compute_flux,euler3d::computeflux,auto,auto,auto,auto,True,1.0,1.0,0.0,0.0,False,1890,9251,1890.0,9251.0,False,0.9754070658041488,0.9509094933368708,-2.459293419585118,4.90905066631292,4.90905066631292,0.049090506663129196,0.0,0.0,0.0256531047822317,8.83643649087523,0.0256531047822317,8.83643649087523,0.025022219664403,8.402651346441601
per_kernel_oracle,2pct,1.02,euler3d,compute_flux,euler3d::computeflux,1890,9251,1890.0,9251.0,False,0.9754070658041488,0.9509094933368708,-2.459293419585118,4.90905066631292,False,1890,9251,1890.0,9251.0,False,0.9754070658041488,0.9509094933368708,-2.459293419585118,4.90905066631292,0.0,0.0,,,0.0256531047822317,8.83643649087523,0.025022219664403,8.402651346441601,0.025022219664403,8.402651346441601
best_global_hindsight,2pct,1.02,euler3d,compute_step_factor,euler3d::computestepfactor,auto,auto,auto,auto,True,1.0,1.0,0.0,0.0,False,1965,5001,1965.0,5001.0,False,0.9990506353434307,0.8757008175699922,-0.09493646565692515,12.429918243000781,12.429918243000781,0.12429918243000782,0.0,0.0,0.0072604597604343,1.4915873221009406,0.0072604597604343,1.4915873221009406,0.0072535669365473,1.306184237440829
loko_global_fixed_clock,2pct,1.02,euler3d,compute_step_factor,euler3d::computestepfactor,auto,auto,auto,auto,True,1.0,1.0,0.0,0.0,False,1965,5001,1965.0,5001.0,False,0.9990506353434307,0.8757008175699922,-0.09493646565692515,12.429918243000781,12.429918243000781,0.12429918243000782,0.0,0.0,0.0072604597604343,1.4915873221009406,0.0072604597604343,1.4915873221009406,0.0072535669365473,1.306184237440829
strict_global_hindsight,2pct,1.02,euler3d,compute_step_factor,euler3d::computestepfactor,auto,auto,auto,auto,True,1.0,1.0,0.0,0.0,False,1965,5001,1965.0,5001.0,False,0.9990506353434307,0.8757008175699922,-0.09493646565692515,12.429918243000781,12.429918243000781,0.12429918243000782,0.0,0.0,0.0072604597604343,1.4915873221009406,0.0072604597604343,1.4915873221009406,0.0072535669365473,1.306184237440829
strict_loko_global_fixed_clock,2pct,1.02,euler3d,compute_step_factor,euler3d::computestepfactor,auto,auto,auto,auto,True,1.0,1.0,0.0,0.0,False,1965,5001,1965.0,5001.0,False,0.9990506353434307,0.8757008175699922,-0.09493646565692515,12.429918243000781,12.429918243000781,0.12429918243000782,0.0,0.0,0.0072604597604343,1.4915873221009406,0.0072604597604343,1.4915873221009406,0.0072535669365473,1.306184237440829
per_kernel_oracle,2pct,1.02,euler3d,compute_step_factor,euler3d::computestepfactor,1965,5001,1965.0,5001.0,False,0.9990506353434307,0.8757008175699922,-0.09493646565692515,12.429918243000781,False,1965,5001,1965.0,5001.0,False,0.9990506353434307,0.8757008175699922,-0.09493646565692515,12.429918243000781,0.0,0.0,,,0.0072604597604343,1.4915873221009406,0.0072535669365473,1.306184237440829,0.0072535669365473,1.306184237440829
best_global_hindsight,2pct,1.02,euler3d,time_step,euler3d::timestep,auto,auto,auto,auto,True,1.0,1.0,0.0,0.0,False,1890,9251,1890.0,9251.0,False,0.9760249467619264,0.8520485544594156,-2.3975053238073585,14.795144554058437,14.795144554058437,0.14795144554058437,0.0,0.0,0.0088314572408104,2.095693965829387,0.0088314572408104,2.095693965829387,0.0086197225832922,1.7856330141742491
loko_global_fixed_clock,2pct,1.02,euler3d,time_step,euler3d::timestep,auto,auto,auto,auto,True,1.0,1.0,0.0,0.0,False,1890,9251,1890.0,9251.0,False,0.9760249467619264,0.8520485544594156,-2.3975053238073585,14.795144554058437,14.795144554058437,0.14795144554058437,0.0,0.0,0.0088314572408104,2.095693965829387,0.0088314572408104,2.095693965829387,0.0086197225832922,1.7856330141742491
strict_global_hindsight,2pct,1.02,euler3d,time_step,euler3d::timestep,auto,auto,auto,auto,True,1.0,1.0,0.0,0.0,False,1890,9251,1890.0,9251.0,False,0.9760249467619264,0.8520485544594156,-2.3975053238073585,14.795144554058437,14.795144554058437,0.14795144554058437,0.0,0.0,0.0088314572408104,2.095693965829387,0.0088314572408104,2.095693965829387,0.0086197225832922,1.7856330141742491
strict_loko_global_fixed_clock,2pct,1.02,euler3d,time_step,euler3d::timestep,auto,auto,auto,auto,True,1.0,1.0,0.0,0.0,False,1890,9251,1890.0,9251.0,False,0.9760249467619264,0.8520485544594156,-2.3975053238073585,14.795144554058437,14.795144554058437,0.14795144554058437,0.0,0.0,0.0088314572408104,2.095693965829387,0.0088314572408104,2.095693965829387,0.0086197225832922,1.7856330141742491
per_kernel_oracle,2pct,1.02,euler3d,time_step,euler3d::timestep,1890,9251,1890.0,9251.0,False,0.9760249467619264,0.8520485544594156,-2.3975053238073585,14.795144554058437,False,1890,9251,1890.0,9251.0,False,0.9760249467619264,0.8520485544594156,-2.3975053238073585,14.795144554058437,0.0,0.0,,,0.0088314572408104,2.095693965829387,0.0086197225832922,1.7856330141742491,0.0086197225832922,1.7856330141742491
best_global_hindsight,2pct,1.02,fdtd2d,step1,fdtd2d::step1,auto,auto,auto,auto,True,1.0,1.0,0.0,0.0,False,630,9251,630.0,9251.0,False,1.0047362571263485,0.6099160397111852,0.47362571263485087,39.00839602888148,39.00839602888148,0.39008396028881476,0.0,0.0,0.0677983972664036,22.852255623805068,0.0677983972664036,22.852255623805068,0.06811950790861161,13.937957248538847
loko_global_fixed_clock,2pct,1.02,fdtd2d,step1,fdtd2d::step1,auto,auto,auto,auto,True,1.0,1.0,0.0,0.0,False,630,9251,630.0,9251.0,False,1.0047362571263485,0.6099160397111852,0.47362571263485087,39.00839602888148,39.00839602888148,0.39008396028881476,0.0,0.0,0.0677983972664036,22.852255623805068,0.0677983972664036,22.852255623805068,0.06811950790861161,13.937957248538847
strict_global_hindsight,2pct,1.02,fdtd2d,step1,fdtd2d::step1,auto,auto,auto,auto,True,1.0,1.0,0.0,0.0,False,630,9251,630.0,9251.0,False,1.0047362571263485,0.6099160397111852,0.47362571263485087,39.00839602888148,39.00839602888148,0.39008396028881476,0.0,0.0,0.0677983972664036,22.852255623805068,0.0677983972664036,22.852255623805068,0.06811950790861161,13.937957248538847
strict_loko_global_fixed_clock,2pct,1.02,fdtd2d,step1,fdtd2d::step1,auto,auto,auto,auto,True,1.0,1.0,0.0,0.0,False,630,9251,630.0,9251.0,False,1.0047362571263485,0.6099160397111852,0.47362571263485087,39.00839602888148,39.00839602888148,0.39008396028881476,0.0,0.0,0.0677983972664036,22.852255623805068,0.0677983972664036,22.852255623805068,0.06811950790861161,13.937957248538847
per_kernel_oracle,2pct,1.02,fdtd2d,step1,fdtd2d::step1,630,9251,630.0,9251.0,False,1.0047362571263485,0.6099160397111852,0.47362571263485087,39.00839602888148,False,630,9251,630.0,9251.0,False,1.0047362571263485,0.6099160397111852,0.47362571263485087,39.00839602888148,0.0,0.0,,,0.0677983972664036,22.852255623805068,0.06811950790861161,13.937957248538847,0.06811950790861161,13.937957248538847
best_global_hindsight,2pct,1.02,fdtd2d,step2,fdtd2d::step2,auto,auto,auto,auto,True,1.0,1.0,0.0,0.0,False,630,9251,630.0,9251.0,False,1.0106851592365145,0.6132151127598626,1.0685159236514474,38.67848872401374,38.67848872401374,0.3867848872401374,0.0,0.0,0.067651138562286,22.77645482958773,0.067651138562286,22.77645482958773,0.06837400175035553,13.966866316595558
loko_global_fixed_clock,2pct,1.02,fdtd2d,step2,fdtd2d::step2,auto,auto,auto,auto,True,1.0,1.0,0.0,0.0,False,630,9251,630.0,9251.0,False,1.0106851592365145,0.6132151127598626,1.0685159236514474,38.67848872401374,38.67848872401374,0.3867848872401374,0.0,0.0,0.067651138562286,22.77645482958773,0.067651138562286,22.77645482958773,0.06837400175035553,13.966866316595558
strict_global_hindsight,2pct,1.02,fdtd2d,step2,fdtd2d::step2,auto,auto,auto,auto,True,1.0,1.0,0.0,0.0,False,630,9251,630.0,9251.0,False,1.0106851592365145,0.6132151127598626,1.0685159236514474,38.67848872401374,38.67848872401374,0.3867848872401374,0.0,0.0,0.067651138562286,22.77645482958773,0.067651138562286,22.77645482958773,0.06837400175035553,13.966866316595558
strict_loko_global_fixed_clock,2pct,1.02,fdtd2d,step2,fdtd2d::step2,auto,auto,auto,auto,True,1.0,1.0,0.0,0.0,False,630,9251,630.0,9251.0,False,1.0106851592365145,0.6132151127598626,1.0685159236514474,38.67848872401374,38.67848872401374,0.3867848872401374,0.0,0.0,0.067651138562286,22.77645482958773,0.067651138562286,22.77645482958773,0.06837400175035553,13.966866316595558
per_kernel_oracle,2pct,1.02,fdtd2d,step2,fdtd2d::step2,630,9251,630.0,9251.0,False,1.0106851592365145,0.6132151127598626,1.0685159236514474,38.67848872401374,False,630,9251,630.0,9251.0,False,1.0106851592365145,0.6132151127598626,1.0685159236514474,38.67848872401374,0.0,0.0,,,0.067651138562286,22.77645482958773,0.06837400175035553,13.966866316595558,0.06837400175035553,13.966866316595558
best_global_hindsight,2pct,1.02,fdtd2d,step3,fdtd2d::step3,auto,auto,auto,auto,True,1.0,1.0,0.0,0.0,False,630,9251,630.0,9251.0,False,1.0009200345631082,0.6288631808885659,0.09200345631081852,37.113681911143416,37.113681911143416,0.37113681911143415,0.0,0.0,0.0867349905459087,29.282460492306623,0.0867349905459087,29.282460492306623,0.08681478973504181,18.414661249435703
loko_global_fixed_clock,2pct,1.02,fdtd2d,step3,fdtd2d::step3,auto,auto,auto,auto,True,1.0,1.0,0.0,0.0,False,630,9251,630.0,9251.0,False,1.0009200345631082,0.6288631808885659,0.09200345631081852,37.113681911143416,37.113681911143416,0.37113681911143415,0.0,0.0,0.0867349905459087,29.282460492306623,0.0867349905459087,29.282460492306623,0.08681478973504181,18.414661249435703
strict_global_hindsight,2pct,1.02,fdtd2d,step3,fdtd2d::step3,auto,auto,auto,auto,True,1.0,1.0,0.0,0.0,False,630,9251,630.0,9251.0,False,1.0009200345631082,0.6288631808885659,0.09200345631081852,37.113681911143416,37.113681911143416,0.37113681911143415,0.0,0.0,0.0867349905459087,29.282460492306623,0.0867349905459087,29.282460492306623,0.08681478973504181,18.414661249435703
strict_loko_global_fixed_clock,2pct,1.02,fdtd2d,step3,fdtd2d::step3,auto,auto,auto,auto,True,1.0,1.0,0.0,0.0,False,630,9251,630.0,9251.0,False,1.0009200345631082,0.6288631808885659,0.09200345631081852,37.113681911143416,37.113681911143416,0.37113681911143415,0.0,0.0,0.0867349905459087,29.282460492306623,0.0867349905459087,29.282460492306623,0.08681478973504181,18.414661249435703
per_kernel_oracle,2pct,1.02,fdtd2d,step3,fdtd2d::step3,630,9251,630.0,9251.0,False,1.0009200345631082,0.6288631808885659,0.09200345631081852,37.113681911143416,False,630,9251,630.0,9251.0,False,1.0009200345631082,0.6288631808885659,0.09200345631081852,37.113681911143416,0.0,0.0,,,0.0867349905459087,29.282460492306623,0.08681478973504181,18.414661249435703,0.08681478973504181,18.414661249435703
best_global_hindsight,2pct,1.02,gemm,gemm_kernel,gemm::gemmkernel,auto,auto,auto,auto,True,1.0,1.0,0.0,0.0,False,1890,810,1890.0,810.0,False,1.0082765420025408,0.6454702217565333,0.8276542002540799,35.45297782434667,35.45297782434667,0.35452977824346665,0.0,0.0,0.3255344401041666,103.93723958333334,0.3255344401041666,103.93723958333334,0.3282287395709623,67.08839308261611
loko_global_fixed_clock,2pct,1.02,gemm,gemm_kernel,gemm::gemmkernel,auto,auto,auto,auto,True,1.0,1.0,0.0,0.0,False,1890,810,1890.0,810.0,False,1.0082765420025408,0.6454702217565333,0.8276542002540799,35.45297782434667,35.45297782434667,0.35452977824346665,0.0,0.0,0.3255344401041666,103.93723958333334,0.3255344401041666,103.93723958333334,0.3282287395709623,67.08839308261611
strict_global_hindsight,2pct,1.02,gemm,gemm_kernel,gemm::gemmkernel,auto,auto,auto,auto,True,1.0,1.0,0.0,0.0,False,1890,810,1890.0,810.0,False,1.0082765420025408,0.6454702217565333,0.8276542002540799,35.45297782434667,35.45297782434667,0.35452977824346665,0.0,0.0,0.3255344401041666,103.93723958333334,0.3255344401041666,103.93723958333334,0.3282287395709623,67.08839308261611
strict_loko_global_fixed_clock,2pct,1.02,gemm,gemm_kernel,gemm::gemmkernel,auto,auto,auto,auto,True,1.0,1.0,0.0,0.0,False,1890,810,1890.0,810.0,False,1.0082765420025408,0.6454702217565333,0.8276542002540799,35.45297782434667,35.45297782434667,0.35452977824346665,0.0,0.0,0.3255344401041666,103.93723958333334,0.3255344401041666,103.93723958333334,0.3282287395709623,67.08839308261611
per_kernel_oracle,2pct,1.02,gemm,gemm_kernel,gemm::gemmkernel,1890,810,1890.0,810.0,False,1.0082765420025408,0.6454702217565333,0.8276542002540799,35.45297782434667,False,1890,810,1890.0,810.0,False,1.0082765420025408,0.6454702217565333,0.8276542002540799,35.45297782434667,0.0,0.0,,,0.3255344401041666,103.93723958333334,0.3282287395709623,67.08839308261611,0.3282287395709623,67.08839308261611
best_global_hindsight,2pct,1.02,gemver,gemver_kernel1,gemver::gemverkernel1,auto,auto,auto,auto,True,1.0,1.0,0.0,0.0,False,1890,9251,1890.0,9251.0,False,1.0016145116718176,0.992543772771014,0.16145116718175867,0.7456227228985979,0.7456227228985979,0.007456227228985979,0.0,0.0,0.1792517209235623,60.94808547253693,0.1792517209235623,60.94808547253693,0.1795411249191868,60.493642698082034
loko_global_fixed_clock,2pct,1.02,gemver,gemver_kernel1,gemver::gemverkernel1,auto,auto,auto,auto,True,1.0,1.0,0.0,0.0,False,1890,9251,1890.0,9251.0,False,1.0016145116718176,0.992543772771014,0.16145116718175867,0.7456227228985979,0.7456227228985979,0.007456227228985979,0.0,0.0,0.1792517209235623,60.94808547253693,0.1792517209235623,60.94808547253693,0.1795411249191868,60.493642698082034
strict_global_hindsight,2pct,1.02,gemver,gemver_kernel1,gemver::gemverkernel1,auto,auto,auto,auto,True,1.0,1.0,0.0,0.0,False,1890,9251,1890.0,9251.0,False,1.0016145116718176,0.992543772771014,0.16145116718175867,0.7456227228985979,0.7456227228985979,0.007456227228985979,0.0,0.0,0.1792517209235623,60.94808547253693,0.1792517209235623,60.94808547253693,0.1795411249191868,60.493642698082034
strict_loko_global_fixed_clock,2pct,1.02,gemver,gemver_kernel1,gemver::gemverkernel1,auto,auto,auto,auto,True,1.0,1.0,0.0,0.0,False,1890,9251,1890.0,9251.0,False,1.0016145116718176,0.992543772771014,0.16145116718175867,0.7456227228985979,0.7456227228985979,0.007456227228985979,0.0,0.0,0.1792517209235623,60.94808547253693,0.1792517209235623,60.94808547253693,0.1795411249191868,60.493642698082034
per_kernel_oracle,2pct,1.02,gemver,gemver_kernel1,gemver::gemverkernel1,1890,9251,1890.0,9251.0,False,1.0016145116718176,0.992543772771014,0.16145116718175867,0.7456227228985979,False,1890,9251,1890.0,9251.0,False,1.0016145116718176,0.992543772771014,0.16145116718175867,0.7456227228985979,0.0,0.0,,,0.1792517209235623,60.94808547253693,0.1795411249191868,60.493642698082034,0.1795411249191868,60.493642698082034
best_global_hindsight,2pct,1.02,gemver,gemver_kernel2,gemver::gemverkernel2,auto,auto,auto,auto,True,1.0,1.0,0.0,0.0,False,1950,9251,1950.0,9251.0,False,1.0042939489650209,0.9984902080856384,0.42939489650208884,0.15097919143616245,0.15097919143616245,0.0015097919143616245,0.0,0.0,1.1949811230585423,212.01003584229392,1.1949811230585423,212.01003584229392,1.200112311015119,211.68994480441572
loko_global_fixed_clock,2pct,1.02,gemver,gemver_kernel2,gemver::gemverkernel2,auto,auto,auto,auto,True,1.0,1.0,0.0,0.0,False,1950,9251,1950.0,9251.0,False,1.0042939489650209,0.9984902080856384,0.42939489650208884,0.15097919143616245,0.15097919143616245,0.0015097919143616245,0.0,0.0,1.1949811230585423,212.01003584229392,1.1949811230585423,212.01003584229392,1.200112311015119,211.68994480441572
strict_global_hindsight,2pct,1.02,gemver,gemver_kernel2,gemver::gemverkernel2,auto,auto,auto,auto,True,1.0,1.0,0.0,0.0,False,1950,9251,1950.0,9251.0,False,1.0042939489650209,0.9984902080856384,0.42939489650208884,0.15097919143616245,0.15097919143616245,0.0015097919143616245,0.0,0.0,1.1949811230585423,212.01003584229392,1.1949811230585423,212.01003584229392,1.200112311015119,211.68994480441572
strict_loko_global_fixed_clock,2pct,1.02,gemver,gemver_kernel2,gemver::gemverkernel2,auto,auto,auto,auto,True,1.0,1.0,0.0,0.0,False,1950,9251,1950.0,9251.0,False,1.0042939489650209,0.9984902080856384,0.42939489650208884,0.15097919143616245,0.15097919143616245,0.0015097919143616245,0.0,0.0,1.1949811230585423,212.01003584229392,1.1949811230585423,212.01003584229392,1.200112311015119,211.68994480441572
per_kernel_oracle,2pct,1.02,gemver,gemver_kernel2,gemver::gemverkernel2,1950,9251,1950.0,9251.0,False,1.0042939489650209,0.9984902080856384,0.42939489650208884,0.15097919143616245,False,1950,9251,1950.0,9251.0,False,1.0042939489650209,0.9984902080856384,0.42939489650208884,0.15097919143616245,0.0,0.0,,,1.1949811230585423,212.01003584229392,1.200112311015119,211.68994480441572,1.200112311015119,211.68994480441572
best_global_hindsight,2pct,1.02,gemver,gemver_kernel3,gemver::gemverkernel3,auto,auto,auto,auto,True,1.0,1.0,0.0,0.0,False,1950,5001,1950.0,5001.0,False,0.9963833076172568,0.8538482750416868,-0.3616692382743203,14.615172495831318,14.615172495831318,0.1461517249583132,0.0,0.0,0.6776776904310111,142.11371645432365,0.6776776904310111,142.11371645432365,0.6752267386900743,121.34355165428764
loko_global_fixed_clock,2pct,1.02,gemver,gemver_kernel3,gemver::gemverkernel3,auto,auto,auto,auto,True,1.0,1.0,0.0,0.0,False,1950,5001,1950.0,5001.0,False,0.9963833076172568,0.8538482750416868,-0.3616692382743203,14.615172495831318,14.615172495831318,0.1461517249583132,0.0,0.0,0.6776776904310111,142.11371645432365,0.6776776904310111,142.11371645432365,0.6752267386900743,121.34355165428764
strict_global_hindsight,2pct,1.02,gemver,gemver_kernel3,gemver::gemverkernel3,auto,auto,auto,auto,True,1.0,1.0,0.0,0.0,False,1950,5001,1950.0,5001.0,False,0.9963833076172568,0.8538482750416868,-0.3616692382743203,14.615172495831318,14.615172495831318,0.1461517249583132,0.0,0.0,0.6776776904310111,142.11371645432365,0.6776776904310111,142.11371645432365,0.6752267386900743,121.34355165428764
strict_loko_global_fixed_clock,2pct,1.02,gemver,gemver_kernel3,gemver::gemverkernel3,auto,auto,auto,auto,True,1.0,1.0,0.0,0.0,False,1950,5001,1950.0,5001.0,False,0.9963833076172568,0.8538482750416868,-0.3616692382743203,14.615172495831318,14.615172495831318,0.1461517249583132,0.0,0.0,0.6776776904310111,142.11371645432365,0.6776776904310111,142.11371645432365,0.6752267386900743,121.34355165428764
per_kernel_oracle,2pct,1.02,gemver,gemver_kernel3,gemver::gemverkernel3,1950,5001,1950.0,5001.0,False,0.9963833076172568,0.8538482750416868,-0.3616692382743203,14.615172495831318,False,1950,5001,1950.0,5001.0,False,0.9963833076172568,0.8538482750416868,-0.3616692382743203,14.615172495831318,0.0,0.0,,,0.6776776904310111,142.11371645432365,0.6752267386900743,121.34355165428764,0.6752267386900743,121.34355165428764
best_global_hindsight,2pct,1.02,gesummv,gesummv_kernel,gesummv::gesummvkernel,auto,auto,auto,auto,True,1.0,1.0,0.0,0.0,False,1890,5001,1890.0,5001.0,False,1.016146357801476,0.773650206413235,1.6146357801475997,22.6349793586765,22.6349793586765,0.226349793586765,0.0,0.0,1.413187623622492,303.2195535461995,1.413187623622492,303.2195535461995,1.4360054566341185,234.58587018954623
loko_global_fixed_clock,2pct,1.02,gesummv,gesummv_kernel,gesummv::gesummvkernel,auto,auto,auto,auto,True,1.0,1.0,0.0,0.0,False,1890,5001,1890.0,5001.0,False,1.016146357801476,0.773650206413235,1.6146357801475997,22.6349793586765,22.6349793586765,0.226349793586765,0.0,0.0,1.413187623622492,303.2195535461995,1.413187623622492,303.2195535461995,1.4360054566341185,234.58587018954623
strict_global_hindsight,2pct,1.02,gesummv,gesummv_kernel,gesummv::gesummvkernel,auto,auto,auto,auto,True,1.0,1.0,0.0,0.0,False,1890,5001,1890.0,5001.0,False,1.016146357801476,0.773650206413235,1.6146357801475997,22.6349793586765,22.6349793586765,0.226349793586765,0.0,0.0,1.413187623622492,303.2195535461995,1.413187623622492,303.2195535461995,1.4360054566341185,234.58587018954623
strict_loko_global_fixed_clock,2pct,1.02,gesummv,gesummv_kernel,gesummv::gesummvkernel,auto,auto,auto,auto,True,1.0,1.0,0.0,0.0,False,1890,5001,1890.0,5001.0,False,1.016146357801476,0.773650206413235,1.6146357801475997,22.6349793586765,22.6349793586765,0.226349793586765,0.0,0.0,1.413187623622492,303.2195535461995,1.413187623622492,303.2195535461995,1.4360054566341185,234.58587018954623
per_kernel_oracle,2pct,1.02,gesummv,gesummv_kernel,gesummv::gesummvkernel,1890,5001,1890.0,5001.0,False,1.016146357801476,0.773650206413235,1.6146357801475997,22.6349793586765,False,1890,5001,1890.0,5001.0,False,1.016146357801476,0.773650206413235,1.6146357801475997,22.6349793586765,0.0,0.0,,,1.413187623622492,303.2195535461995,1.4360054566341185,234.58587018954623,1.4360054566341185,234.58587018954623
best_global_hindsight,2pct,1.02,gramschmidt,kernel1,gramschmidt::kernel1,auto,auto,auto,auto,True,1.0,1.0,0.0,0.0,False,1950,810,1950.0,810.0,False,0.9982694319824744,0.5477261324810895,-0.173056801752558,45.22738675189105,45.22738675189105,0.4522738675189105,0.0,0.0,0.0796207363291824,12.213621452912513,0.0796207363291824,12.213621452912513,0.07948294722935928,6.689719641991836
loko_global_fixed_clock,2pct,1.02,gramschmidt,kernel1,gramschmidt::kernel1,auto,auto,auto,auto,True,1.0,1.0,0.0,0.0,False,1950,810,1950.0,810.0,False,0.9982694319824744,0.5477261324810895,-0.173056801752558,45.22738675189105,45.22738675189105,0.4522738675189105,0.0,0.0,0.0796207363291824,12.213621452912513,0.0796207363291824,12.213621452912513,0.07948294722935928,6.689719641991836
strict_global_hindsight,2pct,1.02,gramschmidt,kernel1,gramschmidt::kernel1,auto,auto,auto,auto,True,1.0,1.0,0.0,0.0,False,1950,810,1950.0,810.0,False,0.9982694319824744,0.5477261324810895,-0.173056801752558,45.22738675189105,45.22738675189105,0.4522738675189105,0.0,0.0,0.0796207363291824,12.213621452912513,0.0796207363291824,12.213621452912513,0.07948294722935928,6.689719641991836
strict_loko_global_fixed_clock,2pct,1.02,gramschmidt,kernel1,gramschmidt::kernel1,auto,auto,auto,auto,True,1.0,1.0,0.0,0.0,False,1950,810,1950.0,810.0,False,0.9982694319824744,0.5477261324810895,-0.173056801752558,45.22738675189105,45.22738675189105,0.4522738675189105,0.0,0.0,0.0796207363291824,12.213621452912513,0.0796207363291824,12.213621452912513,0.07948294722935928,6.689719641991836
per_kernel_oracle,2pct,1.02,gramschmidt,kernel1,gramschmidt::kernel1,1950,810,1950.0,810.0,False,0.9982694319824744,0.5477261324810895,-0.173056801752558,45.22738675189105,False,1950,810,1950.0,810.0,False,0.9982694319824744,0.5477261324810895,-0.173056801752558,45.22738675189105,0.0,0.0,,,0.0796207363291824,12.213621452912513,0.07948294722935928,6.689719641991836,0.07948294722935928,6.689719641991836
best_global_hindsight,2pct,1.02,gramschmidt,kernel2,gramschmidt::kernel2,auto,auto,auto,auto,True,1.0,1.0,0.0,0.0,False,1890,810,1890.0,810.0,False,0.9857399485895656,0.6479672443109288,-1.4260051410434404,35.203275568907124,35.203275568907124,0.3520327556890712,0.0,0.0,0.0068690622239501,0.7647887149798805,0.0068690622239501,0.7647887149798805,0.006771109043495099,0.49555803612560956
loko_global_fixed_clock,2pct,1.02,gramschmidt,kernel2,gramschmidt::kernel2,auto,auto,auto,auto,True,1.0,1.0,0.0,0.0,False,1890,810,1890.0,810.0,False,0.9857399485895656,0.6479672443109288,-1.4260051410434404,35.203275568907124,35.203275568907124,0.3520327556890712,0.0,0.0,0.0068690622239501,0.7647887149798805,0.0068690622239501,0.7647887149798805,0.006771109043495099,0.49555803612560956
strict_global_hindsight,2pct,1.02,gramschmidt,kernel2,gramschmidt::kernel2,auto,auto,auto,auto,True,1.0,1.0,0.0,0.0,False,1890,810,1890.0,810.0,False,0.9857399485895656,0.6479672443109288,-1.4260051410434404,35.203275568907124,35.203275568907124,0.3520327556890712,0.0,0.0,0.0068690622239501,0.7647887149798805,0.0068690622239501,0.7647887149798805,0.006771109043495099,0.49555803612560956
strict_loko_global_fixed_clock,2pct,1.02,gramschmidt,kernel2,gramschmidt::kernel2,auto,auto,auto,auto,True,1.0,1.0,0.0,0.0,False,1890,810,1890.0,810.0,False,0.9857399485895656,0.6479672443109288,-1.4260051410434404,35.203275568907124,35.203275568907124,0.3520327556890712,0.0,0.0,0.0068690622239501,0.7647887149798805,0.0068690622239501,0.7647887149798805,0.006771109043495099,0.49555803612560956
per_kernel_oracle,2pct,1.02,gramschmidt,kernel2,gramschmidt::kernel2,1890,810,1890.0,810.0,False,0.9857399485895656,0.6479672443109288,-1.4260051410434404,35.203275568907124,False,1890,810,1890.0,810.0,False,0.9857399485895656,0.6479672443109288,-1.4260051410434404,35.203275568907124,0.0,0.0,,,0.0068690622239501,0.7647887149798805,0.006771109043495099,0.49555803612560956,0.006771109043495099,0.49555803612560956
best_global_hindsight,2pct,1.02,gramschmidt,kernel3,gramschmidt::kernel3,auto,auto,auto,auto,True,1.0,1.0,0.0,0.0,False,1890,9251,1890.0,9251.0,False,1.0170789387973531,0.9210563526898712,1.7078938797353116,7.894364731012882,7.894364731012882,0.07894364731012882,0.0,0.0,1.1533431734317343,177.33694649446494,1.1533431734317343,177.33694649446494,1.17304105090312,163.33732113535072
loko_global_fixed_clock,2pct,1.02,gramschmidt,kernel3,gramschmidt::kernel3,auto,auto,auto,auto,True,1.0,1.0,0.0,0.0,False,1890,9251,1890.0,9251.0,False,1.0170789387973531,0.9210563526898712,1.7078938797353116,7.894364731012882,7.894364731012882,0.07894364731012882,0.0,0.0,1.1533431734317343,177.33694649446494,1.1533431734317343,177.33694649446494,1.17304105090312,163.33732113535072
strict_global_hindsight,2pct,1.02,gramschmidt,kernel3,gramschmidt::kernel3,auto,auto,auto,auto,True,1.0,1.0,0.0,0.0,False,1890,9251,1890.0,9251.0,False,1.0170789387973531,0.9210563526898712,1.7078938797353116,7.894364731012882,7.894364731012882,0.07894364731012882,0.0,0.0,1.1533431734317343,177.33694649446494,1.1533431734317343,177.33694649446494,1.17304105090312,163.33732113535072
strict_loko_global_fixed_clock,2pct,1.02,gramschmidt,kernel3,gramschmidt::kernel3,auto,auto,auto,auto,True,1.0,1.0,0.0,0.0,False,1890,9251,1890.0,9251.0,False,1.0170789387973531,0.9210563526898712,1.7078938797353116,7.894364731012882,7.894364731012882,0.07894364731012882,0.0,0.0,1.1533431734317343,177.33694649446494,1.1533431734317343,177.33694649446494,1.17304105090312,163.33732113535072
per_kernel_oracle,2pct,1.02,gramschmidt,kernel3,gramschmidt::kernel3,1890,9251,1890.0,9251.0,False,1.0170789387973531,0.9210563526898712,1.7078938797353116,7.894364731012882,False,1890,9251,1890.0,9251.0,False,1.0170789387973531,0.9210563526898712,1.7078938797353116,7.894364731012882,0.0,0.0,,,1.1533431734317343,177.33694649446494,1.17304105090312,163.33732113535072,1.17304105090312,163.33732113535072
best_global_hindsight,2pct,1.02,hotspot3d,hotspotOpt1,hotspot3d::hotspotopt1,auto,auto,auto,auto,True,1.0,1.0,0.0,0.0,False,1890,9251,1890.0,9251.0,False,1.000557090258683,0.8767512726109138,0.055709025868289075,12.32487273890862,12.32487273890862,0.12324872738908621,0.0,0.0,0.0382728219102585,13.520491113118291,0.0382728219102585,13.520491113118291,0.03829414332651701,11.854107789751012
loko_global_fixed_clock,2pct,1.02,hotspot3d,hotspotOpt1,hotspot3d::hotspotopt1,auto,auto,auto,auto,True,1.0,1.0,0.0,0.0,False,1890,9251,1890.0,9251.0,False,1.000557090258683,0.8767512726109138,0.055709025868289075,12.32487273890862,12.32487273890862,0.12324872738908621,0.0,0.0,0.0382728219102585,13.520491113118291,0.0382728219102585,13.520491113118291,0.03829414332651701,11.854107789751012
strict_global_hindsight,2pct,1.02,hotspot3d,hotspotOpt1,hotspot3d::hotspotopt1,auto,auto,auto,auto,True,1.0,1.0,0.0,0.0,False,1890,9251,1890.0,9251.0,False,1.000557090258683,0.8767512726109138,0.055709025868289075,12.32487273890862,12.32487273890862,0.12324872738908621,0.0,0.0,0.0382728219102585,13.520491113118291,0.0382728219102585,13.520491113118291,0.03829414332651701,11.854107789751012
strict_loko_global_fixed_clock,2pct,1.02,hotspot3d,hotspotOpt1,hotspot3d::hotspotopt1,auto,auto,auto,auto,True,1.0,1.0,0.0,0.0,False,1890,9251,1890.0,9251.0,False,1.000557090258683,0.8767512726109138,0.055709025868289075,12.32487273890862,12.32487273890862,0.12324872738908621,0.0,0.0,0.0382728219102585,13.520491113118291,0.0382728219102585,13.520491113118291,0.03829414332651701,11.854107789751012
per_kernel_oracle,2pct,1.02,hotspot3d,hotspotOpt1,hotspot3d::hotspotopt1,1890,9251,1890.0,9251.0,False,1.000557090258683,0.8767512726109138,0.055709025868289075,12.32487273890862,False,1890,9251,1890.0,9251.0,False,1.000557090258683,0.8767512726109138,0.055709025868289075,12.32487273890862,0.0,0.0,,,0.0382728219102585,13.520491113118291,0.03829414332651701,11.854107789751012,0.03829414332651701,11.854107789751012
best_global_hindsight,2pct,1.02,hotspot,calculate_temp,hotspot::calculatetemp,auto,auto,auto,auto,True,1.0,1.0,0.0,0.0,False,1890,9251,1890.0,9251.0,False,1.0186369592457416,0.9154750446023208,1.8636959245741602,8.452495539767924,8.452495539767924,0.08452495539767924,0.0,0.0,0.0092787035834245,2.4721231465845195,0.0092787035834245,2.4721231465845195,0.009451630403962099,2.2631670478818924
loko_global_fixed_clock,2pct,1.02,hotspot,calculate_temp,hotspot::calculatetemp,auto,auto,auto,auto,True,1.0,1.0,0.0,0.0,False,1890,9251,1890.0,9251.0,False,1.0186369592457416,0.9154750446023208,1.8636959245741602,8.452495539767924,8.452495539767924,0.08452495539767924,0.0,0.0,0.0092787035834245,2.4721231465845195,0.0092787035834245,2.4721231465845195,0.009451630403962099,2.2631670478818924
strict_global_hindsight,2pct,1.02,hotspot,calculate_temp,hotspot::calculatetemp,auto,auto,auto,auto,True,1.0,1.0,0.0,0.0,False,1890,9251,1890.0,9251.0,False,1.0186369592457416,0.9154750446023208,1.8636959245741602,8.452495539767924,8.452495539767924,0.08452495539767924,0.0,0.0,0.0092787035834245,2.4721231465845195,0.0092787035834245,2.4721231465845195,0.009451630403962099,2.2631670478818924
strict_loko_global_fixed_clock,2pct,1.02,hotspot,calculate_temp,hotspot::calculatetemp,auto,auto,auto,auto,True,1.0,1.0,0.0,0.0,False,1890,9251,1890.0,9251.0,False,1.0186369592457416,0.9154750446023208,1.8636959245741602,8.452495539767924,8.452495539767924,0.08452495539767924,0.0,0.0,0.0092787035834245,2.4721231465845195,0.0092787035834245,2.4721231465845195,0.009451630403962099,2.2631670478818924
per_kernel_oracle,2pct,1.02,hotspot,calculate_temp,hotspot::calculatetemp,1890,9251,1890.0,9251.0,False,1.0186369592457416,0.9154750446023208,1.8636959245741602,8.452495539767924,False,1890,9251,1890.0,9251.0,False,1.0186369592457416,0.9154750446023208,1.8636959245741602,8.452495539767924,0.0,0.0,,,0.0092787035834245,2.4721231465845195,0.009451630403962099,2.2631670478818924,0.009451630403962099,2.2631670478818924
best_global_hindsight,2pct,1.02,jacobi1d,kernel1,jacobi1d::kernel1,auto,auto,auto,auto,True,1.0,1.0,0.0,0.0,False,1950,810,1950.0,810.0,False,1.0135975623608413,0.7417616980850632,1.3597562360841309,25.82383019149368,25.82383019149368,0.2582383019149368,0.0,0.0,0.0058807652047093,0.6770520917869283,0.0058807652047093,0.6770520917869283,0.005960729276309801,0.502211309295916
loko_global_fixed_clock,2pct,1.02,jacobi1d,kernel1,jacobi1d::kernel1,auto,auto,auto,auto,True,1.0,1.0,0.0,0.0,False,1950,810,1950.0,810.0,False,1.0135975623608413,0.7417616980850632,1.3597562360841309,25.82383019149368,25.82383019149368,0.2582383019149368,0.0,0.0,0.0058807652047093,0.6770520917869283,0.0058807652047093,0.6770520917869283,0.005960729276309801,0.502211309295916
strict_global_hindsight,2pct,1.02,jacobi1d,kernel1,jacobi1d::kernel1,auto,auto,auto,auto,True,1.0,1.0,0.0,0.0,False,1950,810,1950.0,810.0,False,1.0135975623608413,0.7417616980850632,1.3597562360841309,25.82383019149368,25.82383019149368,0.2582383019149368,0.0,0.0,0.0058807652047093,0.6770520917869283,0.0058807652047093,0.6770520917869283,0.005960729276309801,0.502211309295916
strict_loko_global_fixed_clock,2pct,1.02,jacobi1d,kernel1,jacobi1d::kernel1,auto,auto,auto,auto,True,1.0,1.0,0.0,0.0,False,1950,810,1950.0,810.0,False,1.0135975623608413,0.7417616980850632,1.3597562360841309,25.82383019149368,25.82383019149368,0.2582383019149368,0.0,0.0,0.0058807652047093,0.6770520917869283,0.0058807652047093,0.6770520917869283,0.005960729276309801,0.502211309295916
per_kernel_oracle,2pct,1.02,jacobi1d,kernel1,jacobi1d::kernel1,1950,810,1950.0,810.0,False,1.0135975623608413,0.7417616980850632,1.3597562360841309,25.82383019149368,False,1950,810,1950.0,810.0,False,1.0135975623608413,0.7417616980850632,1.3597562360841309,25.82383019149368,0.0,0.0,,,0.0058807652047093,0.6770520917869283,0.005960729276309801,0.502211309295916,0.005960729276309801,0.502211309295916
best_global_hindsight,2pct,1.02,jacobi1d,kernel2,jacobi1d::kernel2,auto,auto,auto,auto,True,1.0,1.0,0.0,0.0,False,1470,810,1470.0,810.0,False,1.016036527301774,0.4208644925343379,1.6036527301773962,57.91355074656621,57.91355074656621,0.5791355074656621,0.0,0.0,0.0063036988755488,0.6731565192066941,0.0063036988755488,0.6731565192066941,0.006404788314668701,0.28330767685210656
loko_global_fixed_clock,2pct,1.02,jacobi1d,kernel2,jacobi1d::kernel2,auto,auto,auto,auto,True,1.0,1.0,0.0,0.0,False,1470,810,1470.0,810.0,False,1.016036527301774,0.4208644925343379,1.6036527301773962,57.91355074656621,57.91355074656621,0.5791355074656621,0.0,0.0,0.0063036988755488,0.6731565192066941,0.0063036988755488,0.6731565192066941,0.006404788314668701,0.28330767685210656
strict_global_hindsight,2pct,1.02,jacobi1d,kernel2,jacobi1d::kernel2,auto,auto,auto,auto,True,1.0,1.0,0.0,0.0,False,1470,810,1470.0,810.0,False,1.016036527301774,0.4208644925343379,1.6036527301773962,57.91355074656621,57.91355074656621,0.5791355074656621,0.0,0.0,0.0063036988755488,0.6731565192066941,0.0063036988755488,0.6731565192066941,0.006404788314668701,0.28330767685210656
strict_loko_global_fixed_clock,2pct,1.02,jacobi1d,kernel2,jacobi1d::kernel2,auto,auto,auto,auto,True,1.0,1.0,0.0,0.0,False,1470,810,1470.0,810.0,False,1.016036527301774,0.4208644925343379,1.6036527301773962,57.91355074656621,57.91355074656621,0.5791355074656621,0.0,0.0,0.0063036988755488,0.6731565192066941,0.0063036988755488,0.6731565192066941,0.006404788314668701,0.28330767685210656
per_kernel_oracle,2pct,1.02,jacobi1d,kernel2,jacobi1d::kernel2,1470,810,1470.0,810.0,False,1.016036527301774,0.4208644925343379,1.6036527301773962,57.91355074656621,False,1470,810,1470.0,810.0,False,1.016036527301774,0.4208644925343379,1.6036527301773962,57.91355074656621,0.0,0.0,,,0.0063036988755488,0.6731565192066941,0.006404788314668701,0.28330767685210656,0.006404788314668701,0.28330767685210656
best_global_hindsight,2pct,1.02,jacobi2d,kernel1,jacobi2d::kernel1,auto,auto,auto,auto,True,1.0,1.0,0.0,0.0,False,1470,9251,1470.0,9251.0,False,0.9863178576566504,0.5967939863116596,-1.3682142343349635,40.32060136883404,40.32060136883404,0.4032060136883404,0.0,0.0,0.0169041370986554,5.46050367325136,0.0169041370986554,5.46050367325136,0.0166728522886801,3.258795754429139
loko_global_fixed_clock,2pct,1.02,jacobi2d,kernel1,jacobi2d::kernel1,auto,auto,auto,auto,True,1.0,1.0,0.0,0.0,False,1470,9251,1470.0,9251.0,False,0.9863178576566504,0.5967939863116596,-1.3682142343349635,40.32060136883404,40.32060136883404,0.4032060136883404,0.0,0.0,0.0169041370986554,5.46050367325136,0.0169041370986554,5.46050367325136,0.0166728522886801,3.258795754429139
strict_global_hindsight,2pct,1.02,jacobi2d,kernel1,jacobi2d::kernel1,auto,auto,auto,auto,True,1.0,1.0,0.0,0.0,False,1470,9251,1470.0,9251.0,False,0.9863178576566504,0.5967939863116596,-1.3682142343349635,40.32060136883404,40.32060136883404,0.4032060136883404,0.0,0.0,0.0169041370986554,5.46050367325136,0.0169041370986554,5.46050367325136,0.0166728522886801,3.258795754429139
strict_loko_global_fixed_clock,2pct,1.02,jacobi2d,kernel1,jacobi2d::kernel1,auto,auto,auto,auto,True,1.0,1.0,0.0,0.0,False,1470,9251,1470.0,9251.0,False,0.9863178576566504,0.5967939863116596,-1.3682142343349635,40.32060136883404,40.32060136883404,0.4032060136883404,0.0,0.0,0.0169041370986554,5.46050367325136,0.0169041370986554,5.46050367325136,0.0166728522886801,3.258795754429139
per_kernel_oracle,2pct,1.02,jacobi2d,kernel1,jacobi2d::kernel1,1470,9251,1470.0,9251.0,False,0.9863178576566504,0.5967939863116596,-1.3682142343349635,40.32060136883404,False,1470,9251,1470.0,9251.0,False,0.9863178576566504,0.5967939863116596,-1.3682142343349635,40.32060136883404,0.0,0.0,,,0.0169041370986554,5.46050367325136,0.0166728522886801,3.258795754429139,0.0166728522886801,3.258795754429139
best_global_hindsight,2pct,1.02,jacobi2d,kernel2,jacobi2d::kernel2,auto,auto,auto,auto,True,1.0,1.0,0.0,0.0,False,1470,9251,1470.0,9251.0,False,0.9947384895142684,0.6448816867747978,-0.5261510485731646,35.511831322520216,35.511831322520216,0.35511831322520215,0.0,0.0,0.0164680881897647,4.615767181128919,0.0164680881897647,4.615767181128919,0.016381441171074297,2.976623725526171
loko_global_fixed_clock,2pct,1.02,jacobi2d,kernel2,jacobi2d::kernel2,auto,auto,auto,auto,True,1.0,1.0,0.0,0.0,False,1470,9251,1470.0,9251.0,False,0.9947384895142684,0.6448816867747978,-0.5261510485731646,35.511831322520216,35.511831322520216,0.35511831322520215,0.0,0.0,0.0164680881897647,4.615767181128919,0.0164680881897647,4.615767181128919,0.016381441171074297,2.976623725526171
strict_global_hindsight,2pct,1.02,jacobi2d,kernel2,jacobi2d::kernel2,auto,auto,auto,auto,True,1.0,1.0,0.0,0.0,False,1470,9251,1470.0,9251.0,False,0.9947384895142684,0.6448816867747978,-0.5261510485731646,35.511831322520216,35.511831322520216,0.35511831322520215,0.0,0.0,0.0164680881897647,4.615767181128919,0.0164680881897647,4.615767181128919,0.016381441171074297,2.976623725526171
strict_loko_global_fixed_clock,2pct,1.02,jacobi2d,kernel2,jacobi2d::kernel2,auto,auto,auto,auto,True,1.0,1.0,0.0,0.0,False,1470,9251,1470.0,9251.0,False,0.9947384895142684,0.6448816867747978,-0.5261510485731646,35.511831322520216,35.511831322520216,0.35511831322520215,0.0,0.0,0.0164680881897647,4.615767181128919,0.0164680881897647,4.615767181128919,0.016381441171074297,2.976623725526171
per_kernel_oracle,2pct,1.02,jacobi2d,kernel2,jacobi2d::kernel2,1470,9251,1470.0,9251.0,False,0.9947384895142684,0.6448816867747978,-0.5261510485731646,35.511831322520216,False,1470,9251,1470.0,9251.0,False,0.9947384895142684,0.6448816867747978,-0.5261510485731646,35.511831322520216,0.0,0.0,,,0.0164680881897647,4.615767181128919,0.016381441171074297,2.976623725526171,0.016381441171074297,2.976623725526171
best_global_hindsight,2pct,1.02,kmeans,kmeansPoint,kmeans::kmeanspoint,auto,auto,auto,auto,True,1.0,1.0,0.0,0.0,False,1470,9251,1470.0,9251.0,False,1.0192308366457106,0.736210165746549,1.923083664571057,26.378983425345105,26.378983425345105,0.26378983425345104,0.0,0.0,2.374225546058879,794.7644824311491,2.374225546058879,794.7644824311491,2.4198838896952104,585.1136913401065
loko_global_fixed_clock,2pct,1.02,kmeans,kmeansPoint,kmeans::kmeanspoint,auto,auto,auto,auto,True,1.0,1.0,0.0,0.0,False,1470,9251,1470.0,9251.0,False,1.0192308366457106,0.736210165746549,1.923083664571057,26.378983425345105,26.378983425345105,0.26378983425345104,0.0,0.0,2.374225546058879,794.7644824311491,2.374225546058879,794.7644824311491,2.4198838896952104,585.1136913401065
strict_global_hindsight,2pct,1.02,kmeans,kmeansPoint,kmeans::kmeanspoint,auto,auto,auto,auto,True,1.0,1.0,0.0,0.0,False,1470,9251,1470.0,9251.0,False,1.0192308366457106,0.736210165746549,1.923083664571057,26.378983425345105,26.378983425345105,0.26378983425345104,0.0,0.0,2.374225546058879,794.7644824311491,2.374225546058879,794.7644824311491,2.4198838896952104,585.1136913401065
strict_loko_global_fixed_clock,2pct,1.02,kmeans,kmeansPoint,kmeans::kmeanspoint,auto,auto,auto,auto,True,1.0,1.0,0.0,0.0,False,1470,9251,1470.0,9251.0,False,1.0192308366457106,0.736210165746549,1.923083664571057,26.378983425345105,26.378983425345105,0.26378983425345104,0.0,0.0,2.374225546058879,794.7644824311491,2.374225546058879,794.7644824311491,2.4198838896952104,585.1136913401065
per_kernel_oracle,2pct,1.02,kmeans,kmeansPoint,kmeans::kmeanspoint,1470,9251,1470.0,9251.0,False,1.0192308366457106,0.736210165746549,1.923083664571057,26.378983425345105,False,1470,9251,1470.0,9251.0,False,1.0192308366457106,0.736210165746549,1.923083664571057,26.378983425345105,0.0,0.0,,,2.374225546058879,794.7644824311491,2.4198838896952104,585.1136913401065,2.4198838896952104,585.1136913401065
best_global_hindsight,2pct,1.02,lavamd,kernel_gpu_cuda,lavamd::kernelgpucuda,auto,auto,auto,auto,True,1.0,1.0,0.0,0.0,False,1890,810,1890.0,810.0,False,0.961163045926818,0.936196537688285,-3.8836954073181995,6.3803462311714965,6.3803462311714965,0.06380346231171496,0.0,0.0,0.6408376265538895,217.95347943098807,0.6408376265538895,217.95347943098807,0.6159494450830492,204.0472928204059
loko_global_fixed_clock,2pct,1.02,lavamd,kernel_gpu_cuda,lavamd::kernelgpucuda,auto,auto,auto,auto,True,1.0,1.0,0.0,0.0,False,1890,810,1890.0,810.0,False,0.961163045926818,0.936196537688285,-3.8836954073181995,6.3803462311714965,6.3803462311714965,0.06380346231171496,0.0,0.0,0.6408376265538895,217.95347943098807,0.6408376265538895,217.95347943098807,0.6159494450830492,204.0472928204059
strict_global_hindsight,2pct,1.02,lavamd,kernel_gpu_cuda,lavamd::kernelgpucuda,auto,auto,auto,auto,True,1.0,1.0,0.0,0.0,False,1890,810,1890.0,810.0,False,0.961163045926818,0.936196537688285,-3.8836954073181995,6.3803462311714965,6.3803462311714965,0.06380346231171496,0.0,0.0,0.6408376265538895,217.95347943098807,0.6408376265538895,217.95347943098807,0.6159494450830492,204.0472928204059
strict_loko_global_fixed_clock,2pct,1.02,lavamd,kernel_gpu_cuda,lavamd::kernelgpucuda,auto,auto,auto,auto,True,1.0,1.0,0.0,0.0,False,1890,810,1890.0,810.0,False,0.961163045926818,0.936196537688285,-3.8836954073181995,6.3803462311714965,6.3803462311714965,0.06380346231171496,0.0,0.0,0.6408376265538895,217.95347943098807,0.6408376265538895,217.95347943098807,0.6159494450830492,204.0472928204059
per_kernel_oracle,2pct,1.02,lavamd,kernel_gpu_cuda,lavamd::kernelgpucuda,1890,810,1890.0,810.0,False,0.961163045926818,0.936196537688285,-3.8836954073181995,6.3803462311714965,False,1890,810,1890.0,810.0,False,0.961163045926818,0.936196537688285,-3.8836954073181995,6.3803462311714965,0.0,0.0,,,0.6408376265538895,217.95347943098807,0.6159494450830492,204.0472928204059,0.6159494450830492,204.0472928204059
best_global_hindsight,2pct,1.02,mvt,kernel1,mvt::kernel1,auto,auto,auto,auto,True,1.0,1.0,0.0,0.0,False,1890,9251,1890.0,9251.0,False,1.003465174277094,0.8472492737190401,0.34651742770939187,15.275072628095987,15.275072628095987,0.15275072628095987,0.0,0.0,0.460322592524397,111.79534155772416,0.460322592524397,111.79534155772416,0.4619176905311777,94.71852193995382
loko_global_fixed_clock,2pct,1.02,mvt,kernel1,mvt::kernel1,auto,auto,auto,auto,True,1.0,1.0,0.0,0.0,False,1890,9251,1890.0,9251.0,False,1.003465174277094,0.8472492737190401,0.34651742770939187,15.275072628095987,15.275072628095987,0.15275072628095987,0.0,0.0,0.460322592524397,111.79534155772416,0.460322592524397,111.79534155772416,0.4619176905311777,94.71852193995382
strict_global_hindsight,2pct,1.02,mvt,kernel1,mvt::kernel1,auto,auto,auto,auto,True,1.0,1.0,0.0,0.0,False,1890,9251,1890.0,9251.0,False,1.003465174277094,0.8472492737190401,0.34651742770939187,15.275072628095987,15.275072628095987,0.15275072628095987,0.0,0.0,0.460322592524397,111.79534155772416,0.460322592524397,111.79534155772416,0.4619176905311777,94.71852193995382
strict_loko_global_fixed_clock,2pct,1.02,mvt,kernel1,mvt::kernel1,auto,auto,auto,auto,True,1.0,1.0,0.0,0.0,False,1890,9251,1890.0,9251.0,False,1.003465174277094,0.8472492737190401,0.34651742770939187,15.275072628095987,15.275072628095987,0.15275072628095987,0.0,0.0,0.460322592524397,111.79534155772416,0.460322592524397,111.79534155772416,0.4619176905311777,94.71852193995382
per_kernel_oracle,2pct,1.02,mvt,kernel1,mvt::kernel1,1890,9251,1890.0,9251.0,False,1.003465174277094,0.8472492737190401,0.34651742770939187,15.275072628095987,False,1890,9251,1890.0,9251.0,False,1.003465174277094,0.8472492737190401,0.34651742770939187,15.275072628095987,0.0,0.0,,,0.460322592524397,111.79534155772416,0.4619176905311777,94.71852193995382,0.4619176905311777,94.71852193995382
best_global_hindsight,2pct,1.02,mvt,kernel2,mvt::kernel2,auto,auto,auto,auto,True,1.0,1.0,0.0,0.0,False,1950,9251,1950.0,9251.0,False,0.999401897654927,0.9720769890049143,-0.059810234507295945,2.792301099508565,2.792301099508565,0.02792301099508565,0.0,0.0,1.182297635933806,214.6075650118204,1.182297635933806,214.6075650118204,1.1815905009451797,208.6150756143668
loko_global_fixed_clock,2pct,1.02,mvt,kernel2,mvt::kernel2,auto,auto,auto,auto,True,1.0,1.0,0.0,0.0,False,1950,9251,1950.0,9251.0,False,0.999401897654927,0.9720769890049143,-0.059810234507295945,2.792301099508565,2.792301099508565,0.02792301099508565,0.0,0.0,1.182297635933806,214.6075650118204,1.182297635933806,214.6075650118204,1.1815905009451797,208.6150756143668
strict_global_hindsight,2pct,1.02,mvt,kernel2,mvt::kernel2,auto,auto,auto,auto,True,1.0,1.0,0.0,0.0,False,1950,9251,1950.0,9251.0,False,0.999401897654927,0.9720769890049143,-0.059810234507295945,2.792301099508565,2.792301099508565,0.02792301099508565,0.0,0.0,1.182297635933806,214.6075650118204,1.182297635933806,214.6075650118204,1.1815905009451797,208.6150756143668
strict_loko_global_fixed_clock,2pct,1.02,mvt,kernel2,mvt::kernel2,auto,auto,auto,auto,True,1.0,1.0,0.0,0.0,False,1950,9251,1950.0,9251.0,False,0.999401897654927,0.9720769890049143,-0.059810234507295945,2.792301099508565,2.792301099508565,0.02792301099508565,0.0,0.0,1.182297635933806,214.6075650118204,1.182297635933806,214.6075650118204,1.1815905009451797,208.6150756143668
per_kernel_oracle,2pct,1.02,mvt,kernel2,mvt::kernel2,1950,9251,1950.0,9251.0,False,0.999401897654927,0.9720769890049143,-0.059810234507295945,2.792301099508565,False,1950,9251,1950.0,9251.0,False,0.999401897654927,0.9720769890049143,-0.059810234507295945,2.792301099508565,0.0,0.0,,,1.182297635933806,214.6075650118204,1.1815905009451797,208.6150756143668,1.1815905009451797,208.6150756143668
best_global_hindsight,2pct,1.02,myocyte,solver_2,myocyte::solver2,auto,auto,auto,auto,True,1.0,1.0,0.0,0.0,False,1965,810,1965.0,810.0,False,0.9907012055466862,0.5789799631344,-0.929879445331383,42.102003686559996,42.102003686559996,0.42102003686559997,0.0,0.0,443.8926666666667,62705.25,443.8926666666667,62705.25,439.765,36305.083333333336
loko_global_fixed_clock,2pct,1.02,myocyte,solver_2,myocyte::solver2,1890,9251,1890.0,9251.0,False,1.023987405363759,0.9369258023318088,2.3987405363758985,6.307419766819122,True,1965,810,1965.0,810.0,False,0.9907012055466862,0.5789799631344,-0.929879445331383,42.102003686559996,35.79458391974087,0.35794583919740874,14.953321345884852,1.9904065027388063,443.8926666666667,62705.25,454.54049999999995,58750.16666666665,439.765,36305.083333333336
strict_global_hindsight,2pct,1.02,myocyte,solver_2,myocyte::solver2,auto,auto,auto,auto,True,1.0,1.0,0.0,0.0,False,1965,810,1965.0,810.0,False,0.9907012055466862,0.5789799631344,-0.929879445331383,42.102003686559996,42.102003686559996,0.42102003686559997,0.0,0.0,443.8926666666667,62705.25,443.8926666666667,62705.25,439.765,36305.083333333336
strict_loko_global_fixed_clock,2pct,1.02,myocyte,solver_2,myocyte::solver2,auto,auto,auto,auto,True,1.0,1.0,0.0,0.0,False,1965,810,1965.0,810.0,False,0.9907012055466862,0.5789799631344,-0.929879445331383,42.102003686559996,42.102003686559996,0.42102003686559997,0.0,0.0,443.8926666666667,62705.25,443.8926666666667,62705.25,439.765,36305.083333333336
per_kernel_oracle,2pct,1.02,myocyte,solver_2,myocyte::solver2,1965,810,1965.0,810.0,False,0.9907012055466862,0.5789799631344,-0.929879445331383,42.102003686559996,False,1965,810,1965.0,810.0,False,0.9907012055466862,0.5789799631344,-0.929879445331383,42.102003686559996,0.0,0.0,,,443.8926666666667,62705.25,439.765,36305.083333333336,439.765,36305.083333333336
best_global_hindsight,2pct,1.02,nn,euclid,nn::euclid,auto,auto,auto,auto,True,1.0,1.0,0.0,0.0,False,630,9251,630.0,9251.0,False,1.0066291609049676,0.6414606462275406,0.6629160904967568,35.85393537724594,35.85393537724594,0.3585393537724594,0.0,0.0,0.1508754978877489,51.16599275799638,0.1508754978877489,51.16599275799638,0.1518756758398639,32.82097077941802
loko_global_fixed_clock,2pct,1.02,nn,euclid,nn::euclid,auto,auto,auto,auto,True,1.0,1.0,0.0,0.0,False,630,9251,630.0,9251.0,False,1.0066291609049676,0.6414606462275406,0.6629160904967568,35.85393537724594,35.85393537724594,0.3585393537724594,0.0,0.0,0.1508754978877489,51.16599275799638,0.1508754978877489,51.16599275799638,0.1518756758398639,32.82097077941802
strict_global_hindsight,2pct,1.02,nn,euclid,nn::euclid,auto,auto,auto,auto,True,1.0,1.0,0.0,0.0,False,630,9251,630.0,9251.0,False,1.0066291609049676,0.6414606462275406,0.6629160904967568,35.85393537724594,35.85393537724594,0.3585393537724594,0.0,0.0,0.1508754978877489,51.16599275799638,0.1508754978877489,51.16599275799638,0.1518756758398639,32.82097077941802
strict_loko_global_fixed_clock,2pct,1.02,nn,euclid,nn::euclid,auto,auto,auto,auto,True,1.0,1.0,0.0,0.0,False,630,9251,630.0,9251.0,False,1.0066291609049676,0.6414606462275406,0.6629160904967568,35.85393537724594,35.85393537724594,0.3585393537724594,0.0,0.0,0.1508754978877489,51.16599275799638,0.1508754978877489,51.16599275799638,0.1518756758398639,32.82097077941802
per_kernel_oracle,2pct,1.02,nn,euclid,nn::euclid,630,9251,630.0,9251.0,False,1.0066291609049676,0.6414606462275406,0.6629160904967568,35.85393537724594,False,630,9251,630.0,9251.0,False,1.0066291609049676,0.6414606462275406,0.6629160904967568,35.85393537724594,0.0,0.0,,,0.1508754978877489,51.16599275799638,0.1518756758398639,32.82097077941802,0.1518756758398639,32.82097077941802
best_global_hindsight,2pct,1.02,nw,shared_1,nw::shared1,auto,auto,auto,auto,True,1.0,1.0,0.0,0.0,False,1950,5001,1950.0,5001.0,False,0.9594526252711564,0.802781540914452,-4.054737472884362,19.7218459085548,19.7218459085548,0.19721845908554803,0.0,0.0,0.0088833896835563,1.458549273428575,0.0088833896835563,1.458549273428575,0.0085231915531948,1.1708964332226457
loko_global_fixed_clock,2pct,1.02,nw,shared_1,nw::shared1,auto,auto,auto,auto,True,1.0,1.0,0.0,0.0,False,1950,5001,1950.0,5001.0,False,0.9594526252711564,0.802781540914452,-4.054737472884362,19.7218459085548,19.7218459085548,0.19721845908554803,0.0,0.0,0.0088833896835563,1.458549273428575,0.0088833896835563,1.458549273428575,0.0085231915531948,1.1708964332226457
strict_global_hindsight,2pct,1.02,nw,shared_1,nw::shared1,auto,auto,auto,auto,True,1.0,1.0,0.0,0.0,False,1950,5001,1950.0,5001.0,False,0.9594526252711564,0.802781540914452,-4.054737472884362,19.7218459085548,19.7218459085548,0.19721845908554803,0.0,0.0,0.0088833896835563,1.458549273428575,0.0088833896835563,1.458549273428575,0.0085231915531948,1.1708964332226457
strict_loko_global_fixed_clock,2pct,1.02,nw,shared_1,nw::shared1,auto,auto,auto,auto,True,1.0,1.0,0.0,0.0,False,1950,5001,1950.0,5001.0,False,0.9594526252711564,0.802781540914452,-4.054737472884362,19.7218459085548,19.7218459085548,0.19721845908554803,0.0,0.0,0.0088833896835563,1.458549273428575,0.0088833896835563,1.458549273428575,0.0085231915531948,1.1708964332226457
per_kernel_oracle,2pct,1.02,nw,shared_1,nw::shared1,1950,5001,1950.0,5001.0,False,0.9594526252711564,0.802781540914452,-4.054737472884362,19.7218459085548,False,1950,5001,1950.0,5001.0,False,0.9594526252711564,0.802781540914452,-4.054737472884362,19.7218459085548,0.0,0.0,,,0.0088833896835563,1.458549273428575,0.0085231915531948,1.1708964332226457,0.0085231915531948,1.1708964332226457
best_global_hindsight,2pct,1.02,nw,shared_2,nw::shared2,auto,auto,auto,auto,True,1.0,1.0,0.0,0.0,False,1950,5001,1950.0,5001.0,False,1.0056496886730932,0.8379817954244907,0.5649688673093234,16.20182045755093,16.20182045755093,0.1620182045755093,0.0,0.0,0.0084325397762344,1.4027999365873896,0.0084325397762344,1.4027999365873896,0.0084801810006936,1.1755208094828624
loko_global_fixed_clock,2pct,1.02,nw,shared_2,nw::shared2,auto,auto,auto,auto,True,1.0,1.0,0.0,0.0,False,1950,5001,1950.0,5001.0,False,1.0056496886730932,0.8379817954244907,0.5649688673093234,16.20182045755093,16.20182045755093,0.1620182045755093,0.0,0.0,0.0084325397762344,1.4027999365873896,0.0084325397762344,1.4027999365873896,0.0084801810006936,1.1755208094828624
strict_global_hindsight,2pct,1.02,nw,shared_2,nw::shared2,auto,auto,auto,auto,True,1.0,1.0,0.0,0.0,False,1950,5001,1950.0,5001.0,False,1.0056496886730932,0.8379817954244907,0.5649688673093234,16.20182045755093,16.20182045755093,0.1620182045755093,0.0,0.0,0.0084325397762344,1.4027999365873896,0.0084325397762344,1.4027999365873896,0.0084801810006936,1.1755208094828624
strict_loko_global_fixed_clock,2pct,1.02,nw,shared_2,nw::shared2,auto,auto,auto,auto,True,1.0,1.0,0.0,0.0,False,1950,5001,1950.0,5001.0,False,1.0056496886730932,0.8379817954244907,0.5649688673093234,16.20182045755093,16.20182045755093,0.1620182045755093,0.0,0.0,0.0084325397762344,1.4027999365873896,0.0084325397762344,1.4027999365873896,0.0084801810006936,1.1755208094828624
per_kernel_oracle,2pct,1.02,nw,shared_2,nw::shared2,1950,5001,1950.0,5001.0,False,1.0056496886730932,0.8379817954244907,0.5649688673093234,16.20182045755093,False,1950,5001,1950.0,5001.0,False,1.0056496886730932,0.8379817954244907,0.5649688673093234,16.20182045755093,0.0,0.0,,,0.0084325397762344,1.4027999365873896,0.0084801810006936,1.1755208094828624,0.0084801810006936,1.1755208094828624
best_global_hindsight,2pct,1.02,particlefilter,find_index,particlefilter::findindex,auto,auto,auto,auto,True,1.0,1.0,0.0,0.0,False,1965,810,1965.0,810.0,False,0.9923766483225416,0.6759585726044027,-0.7623351677458423,32.404142739559724,32.404142739559724,0.32404142739559727,0.0,0.0,28.80391379310345,5425.362068965517,28.80391379310345,5425.362068965517,28.584331428571428,3667.32
loko_global_fixed_clock,2pct,1.02,particlefilter,find_index,particlefilter::findindex,auto,auto,auto,auto,True,1.0,1.0,0.0,0.0,False,1965,810,1965.0,810.0,False,0.9923766483225416,0.6759585726044027,-0.7623351677458423,32.404142739559724,32.404142739559724,0.32404142739559727,0.0,0.0,28.80391379310345,5425.362068965517,28.80391379310345,5425.362068965517,28.584331428571428,3667.32
strict_global_hindsight,2pct,1.02,particlefilter,find_index,particlefilter::findindex,auto,auto,auto,auto,True,1.0,1.0,0.0,0.0,False,1965,810,1965.0,810.0,False,0.9923766483225416,0.6759585726044027,-0.7623351677458423,32.404142739559724,32.404142739559724,0.32404142739559727,0.0,0.0,28.80391379310345,5425.362068965517,28.80391379310345,5425.362068965517,28.584331428571428,3667.32
strict_loko_global_fixed_clock,2pct,1.02,particlefilter,find_index,particlefilter::findindex,auto,auto,auto,auto,True,1.0,1.0,0.0,0.0,False,1965,810,1965.0,810.0,False,0.9923766483225416,0.6759585726044027,-0.7623351677458423,32.404142739559724,32.404142739559724,0.32404142739559727,0.0,0.0,28.80391379310345,5425.362068965517,28.80391379310345,5425.362068965517,28.584331428571428,3667.32
per_kernel_oracle,2pct,1.02,particlefilter,find_index,particlefilter::findindex,1965,810,1965.0,810.0,False,0.9923766483225416,0.6759585726044027,-0.7623351677458423,32.404142739559724,False,1965,810,1965.0,810.0,False,0.9923766483225416,0.6759585726044027,-0.7623351677458423,32.404142739559724,0.0,0.0,,,28.80391379310345,5425.362068965517,28.584331428571428,3667.32,28.584331428571428,3667.32
best_global_hindsight,2pct,1.02,particlefilter,likelihood,particlefilter::likelihood,auto,auto,auto,auto,True,1.0,1.0,0.0,0.0,False,1950,5001,1950.0,5001.0,False,1.0185930268448868,0.8657781191562132,1.859302684488684,13.422188084378684,13.422188084378684,0.13422188084378683,0.0,0.0,6.209976426799008,1225.0111662531017,6.209976426799008,1225.0111662531017,6.325438685208597,1060.5878634639696
loko_global_fixed_clock,2pct,1.02,particlefilter,likelihood,particlefilter::likelihood,auto,auto,auto,auto,True,1.0,1.0,0.0,0.0,False,1950,5001,1950.0,5001.0,False,1.0185930268448868,0.8657781191562132,1.859302684488684,13.422188084378684,13.422188084378684,0.13422188084378683,0.0,0.0,6.209976426799008,1225.0111662531017,6.209976426799008,1225.0111662531017,6.325438685208597,1060.5878634639696
strict_global_hindsight,2pct,1.02,particlefilter,likelihood,particlefilter::likelihood,auto,auto,auto,auto,True,1.0,1.0,0.0,0.0,False,1950,5001,1950.0,5001.0,False,1.0185930268448868,0.8657781191562132,1.859302684488684,13.422188084378684,13.422188084378684,0.13422188084378683,0.0,0.0,6.209976426799008,1225.0111662531017,6.209976426799008,1225.0111662531017,6.325438685208597,1060.5878634639696
strict_loko_global_fixed_clock,2pct,1.02,particlefilter,likelihood,particlefilter::likelihood,auto,auto,auto,auto,True,1.0,1.0,0.0,0.0,False,1950,5001,1950.0,5001.0,False,1.0185930268448868,0.8657781191562132,1.859302684488684,13.422188084378684,13.422188084378684,0.13422188084378683,0.0,0.0,6.209976426799008,1225.0111662531017,6.209976426799008,1225.0111662531017,6.325438685208597,1060.5878634639696
per_kernel_oracle,2pct,1.02,particlefilter,likelihood,particlefilter::likelihood,1950,5001,1950.0,5001.0,False,1.0185930268448868,0.8657781191562132,1.859302684488684,13.422188084378684,False,1950,5001,1950.0,5001.0,False,1.0185930268448868,0.8657781191562132,1.859302684488684,13.422188084378684,0.0,0.0,,,6.209976426799008,1225.0111662531017,6.325438685208597,1060.5878634639696,6.325438685208597,1060.5878634639696
best_global_hindsight,2pct,1.02,particlefilter,normalize_weights,particlefilter::normalizeweights,auto,auto,auto,auto,True,1.0,1.0,0.0,0.0,False,1965,810,1965.0,810.0,False,0.9984138467173324,0.5603284789794012,-0.1586153282667646,43.967152102059885,43.967152102059885,0.4396715210205988,0.0,0.0,7.351093979441997,1018.2613803230544,7.351093979441997,1018.2613803230544,7.339434017595307,570.5608504398826
loko_global_fixed_clock,2pct,1.02,particlefilter,normalize_weights,particlefilter::normalizeweights,auto,auto,auto,auto,True,1.0,1.0,0.0,0.0,False,1965,810,1965.0,810.0,False,0.9984138467173324,0.5603284789794012,-0.1586153282667646,43.967152102059885,43.967152102059885,0.4396715210205988,0.0,0.0,7.351093979441997,1018.2613803230544,7.351093979441997,1018.2613803230544,7.339434017595307,570.5608504398826
strict_global_hindsight,2pct,1.02,particlefilter,normalize_weights,particlefilter::normalizeweights,auto,auto,auto,auto,True,1.0,1.0,0.0,0.0,False,1965,810,1965.0,810.0,False,0.9984138467173324,0.5603284789794012,-0.1586153282667646,43.967152102059885,43.967152102059885,0.4396715210205988,0.0,0.0,7.351093979441997,1018.2613803230544,7.351093979441997,1018.2613803230544,7.339434017595307,570.5608504398826
strict_loko_global_fixed_clock,2pct,1.02,particlefilter,normalize_weights,particlefilter::normalizeweights,auto,auto,auto,auto,True,1.0,1.0,0.0,0.0,False,1965,810,1965.0,810.0,False,0.9984138467173324,0.5603284789794012,-0.1586153282667646,43.967152102059885,43.967152102059885,0.4396715210205988,0.0,0.0,7.351093979441997,1018.2613803230544,7.351093979441997,1018.2613803230544,7.339434017595307,570.5608504398826
per_kernel_oracle,2pct,1.02,particlefilter,normalize_weights,particlefilter::normalizeweights,1965,810,1965.0,810.0,False,0.9984138467173324,0.5603284789794012,-0.1586153282667646,43.967152102059885,False,1965,810,1965.0,810.0,False,0.9984138467173324,0.5603284789794012,-0.1586153282667646,43.967152102059885,0.0,0.0,,,7.351093979441997,1018.2613803230544,7.339434017595307,570.5608504398826,7.339434017595307,570.5608504398826
best_global_hindsight,2pct,1.02,particlefilter,sum,particlefilter::sum,auto,auto,auto,auto,True,1.0,1.0,0.0,0.0,False,1890,5001,1890.0,5001.0,False,1.017022016988275,0.703114355053056,1.7022016988275102,29.688564494694404,29.688564494694404,0.296885644946944,0.0,0.0,0.0117943472199616,1.6474419306824428,0.0117943472199616,1.6474419306824428,0.0119951107987054,1.1583400705791471
loko_global_fixed_clock,2pct,1.02,particlefilter,sum,particlefilter::sum,auto,auto,auto,auto,True,1.0,1.0,0.0,0.0,False,1890,5001,1890.0,5001.0,False,1.017022016988275,0.703114355053056,1.7022016988275102,29.688564494694404,29.688564494694404,0.296885644946944,0.0,0.0,0.0117943472199616,1.6474419306824428,0.0117943472199616,1.6474419306824428,0.0119951107987054,1.1583400705791471
strict_global_hindsight,2pct,1.02,particlefilter,sum,particlefilter::sum,auto,auto,auto,auto,True,1.0,1.0,0.0,0.0,False,1890,5001,1890.0,5001.0,False,1.017022016988275,0.703114355053056,1.7022016988275102,29.688564494694404,29.688564494694404,0.296885644946944,0.0,0.0,0.0117943472199616,1.6474419306824428,0.0117943472199616,1.6474419306824428,0.0119951107987054,1.1583400705791471
strict_loko_global_fixed_clock,2pct,1.02,particlefilter,sum,particlefilter::sum,auto,auto,auto,auto,True,1.0,1.0,0.0,0.0,False,1890,5001,1890.0,5001.0,False,1.017022016988275,0.703114355053056,1.7022016988275102,29.688564494694404,29.688564494694404,0.296885644946944,0.0,0.0,0.0117943472199616,1.6474419306824428,0.0117943472199616,1.6474419306824428,0.0119951107987054,1.1583400705791471
per_kernel_oracle,2pct,1.02,particlefilter,sum,particlefilter::sum,1890,5001,1890.0,5001.0,False,1.017022016988275,0.703114355053056,1.7022016988275102,29.688564494694404,False,1890,5001,1890.0,5001.0,False,1.017022016988275,0.703114355053056,1.7022016988275102,29.688564494694404,0.0,0.0,,,0.0117943472199616,1.6474419306824428,0.0119951107987054,1.1583400705791471,0.0119951107987054,1.1583400705791471
best_global_hindsight,2pct,1.02,pathfinder,dynproc,pathfinder::dynproc,auto,auto,auto,auto,True,1.0,1.0,0.0,0.0,False,1890,9251,1890.0,9251.0,False,0.9763774072280028,0.8750743783194054,-2.3622592771997186,12.492562168059463,12.492562168059463,0.12492562168059462,0.0,0.0,0.0196384567346025,6.037481883559895,0.0196384567346025,6.037481883559895,0.019174545468490498,5.283245705870848
loko_global_fixed_clock,2pct,1.02,pathfinder,dynproc,pathfinder::dynproc,auto,auto,auto,auto,True,1.0,1.0,0.0,0.0,False,1890,9251,1890.0,9251.0,False,0.9763774072280028,0.8750743783194054,-2.3622592771997186,12.492562168059463,12.492562168059463,0.12492562168059462,0.0,0.0,0.0196384567346025,6.037481883559895,0.0196384567346025,6.037481883559895,0.019174545468490498,5.283245705870848
strict_global_hindsight,2pct,1.02,pathfinder,dynproc,pathfinder::dynproc,auto,auto,auto,auto,True,1.0,1.0,0.0,0.0,False,1890,9251,1890.0,9251.0,False,0.9763774072280028,0.8750743783194054,-2.3622592771997186,12.492562168059463,12.492562168059463,0.12492562168059462,0.0,0.0,0.0196384567346025,6.037481883559895,0.0196384567346025,6.037481883559895,0.019174545468490498,5.283245705870848
strict_loko_global_fixed_clock,2pct,1.02,pathfinder,dynproc,pathfinder::dynproc,auto,auto,auto,auto,True,1.0,1.0,0.0,0.0,False,1890,9251,1890.0,9251.0,False,0.9763774072280028,0.8750743783194054,-2.3622592771997186,12.492562168059463,12.492562168059463,0.12492562168059462,0.0,0.0,0.0196384567346025,6.037481883559895,0.0196384567346025,6.037481883559895,0.019174545468490498,5.283245705870848
per_kernel_oracle,2pct,1.02,pathfinder,dynproc,pathfinder::dynproc,1890,9251,1890.0,9251.0,False,0.9763774072280028,0.8750743783194054,-2.3622592771997186,12.492562168059463,False,1890,9251,1890.0,9251.0,False,0.9763774072280028,0.8750743783194054,-2.3622592771997186,12.492562168059463,0.0,0.0,,,0.0196384567346025,6.037481883559895,0.019174545468490498,5.283245705870848,0.019174545468490498,5.283245705870848
best_global_hindsight,2pct,1.02,pre_euler3d,compute_flux,preeuler3d::computeflux,auto,auto,auto,auto,True,1.0,1.0,0.0,0.0,False,1935,9251,1935.0,9251.0,False,0.9995602258741704,0.9939541431716576,-0.04397741258296284,0.6045856828342355,0.6045856828342355,0.006045856828342355,0.0,0.0,0.0512522730301259,17.42720665867134,0.0512522730301259,17.42720665867134,0.0512297336065573,17.32184426229508
loko_global_fixed_clock,2pct,1.02,pre_euler3d,compute_flux,preeuler3d::computeflux,auto,auto,auto,auto,True,1.0,1.0,0.0,0.0,False,1935,9251,1935.0,9251.0,False,0.9995602258741704,0.9939541431716576,-0.04397741258296284,0.6045856828342355,0.6045856828342355,0.006045856828342355,0.0,0.0,0.0512522730301259,17.42720665867134,0.0512522730301259,17.42720665867134,0.0512297336065573,17.32184426229508
strict_global_hindsight,2pct,1.02,pre_euler3d,compute_flux,preeuler3d::computeflux,auto,auto,auto,auto,True,1.0,1.0,0.0,0.0,False,1935,9251,1935.0,9251.0,False,0.9995602258741704,0.9939541431716576,-0.04397741258296284,0.6045856828342355,0.6045856828342355,0.006045856828342355,0.0,0.0,0.0512522730301259,17.42720665867134,0.0512522730301259,17.42720665867134,0.0512297336065573,17.32184426229508
strict_loko_global_fixed_clock,2pct,1.02,pre_euler3d,compute_flux,preeuler3d::computeflux,auto,auto,auto,auto,True,1.0,1.0,0.0,0.0,False,1935,9251,1935.0,9251.0,False,0.9995602258741704,0.9939541431716576,-0.04397741258296284,0.6045856828342355,0.6045856828342355,0.006045856828342355,0.0,0.0,0.0512522730301259,17.42720665867134,0.0512522730301259,17.42720665867134,0.0512297336065573,17.32184426229508
per_kernel_oracle,2pct,1.02,pre_euler3d,compute_flux,preeuler3d::computeflux,1935,9251,1935.0,9251.0,False,0.9995602258741704,0.9939541431716576,-0.04397741258296284,0.6045856828342355,False,1935,9251,1935.0,9251.0,False,0.9995602258741704,0.9939541431716576,-0.04397741258296284,0.6045856828342355,0.0,0.0,,,0.0512522730301259,17.42720665867134,0.0512297336065573,17.32184426229508,0.0512297336065573,17.32184426229508
best_global_hindsight,2pct,1.02,pre_euler3d,compute_flux_contributions,preeuler3d::computefluxcontributions,auto,auto,auto,auto,True,1.0,1.0,0.0,0.0,False,1890,9251,1890.0,9251.0,False,0.9671170548091504,0.8650432402204088,-3.2882945190849555,13.49567597795912,13.49567597795912,0.1349567597795912,0.0,0.0,0.0109878013673192,2.609109748138121,0.0109878013673192,2.609109748138121,0.010626490097189701,2.256992750620055
loko_global_fixed_clock,2pct,1.02,pre_euler3d,compute_flux_contributions,preeuler3d::computefluxcontributions,auto,auto,auto,auto,True,1.0,1.0,0.0,0.0,False,1890,9251,1890.0,9251.0,False,0.9671170548091504,0.8650432402204088,-3.2882945190849555,13.49567597795912,13.49567597795912,0.1349567597795912,0.0,0.0,0.0109878013673192,2.609109748138121,0.0109878013673192,2.609109748138121,0.010626490097189701,2.256992750620055
strict_global_hindsight,2pct,1.02,pre_euler3d,compute_flux_contributions,preeuler3d::computefluxcontributions,auto,auto,auto,auto,True,1.0,1.0,0.0,0.0,False,1890,9251,1890.0,9251.0,False,0.9671170548091504,0.8650432402204088,-3.2882945190849555,13.49567597795912,13.49567597795912,0.1349567597795912,0.0,0.0,0.0109878013673192,2.609109748138121,0.0109878013673192,2.609109748138121,0.010626490097189701,2.256992750620055
strict_loko_global_fixed_clock,2pct,1.02,pre_euler3d,compute_flux_contributions,preeuler3d::computefluxcontributions,auto,auto,auto,auto,True,1.0,1.0,0.0,0.0,False,1890,9251,1890.0,9251.0,False,0.9671170548091504,0.8650432402204088,-3.2882945190849555,13.49567597795912,13.49567597795912,0.1349567597795912,0.0,0.0,0.0109878013673192,2.609109748138121,0.0109878013673192,2.609109748138121,0.010626490097189701,2.256992750620055
per_kernel_oracle,2pct,1.02,pre_euler3d,compute_flux_contributions,preeuler3d::computefluxcontributions,1890,9251,1890.0,9251.0,False,0.9671170548091504,0.8650432402204088,-3.2882945190849555,13.49567597795912,False,1890,9251,1890.0,9251.0,False,0.9671170548091504,0.8650432402204088,-3.2882945190849555,13.49567597795912,0.0,0.0,,,0.0109878013673192,2.609109748138121,0.010626490097189701,2.256992750620055,0.010626490097189701,2.256992750620055
best_global_hindsight,2pct,1.02,pre_euler3d,compute_step_factor,preeuler3d::computestepfactor,auto,auto,auto,auto,True,1.0,1.0,0.0,0.0,False,1890,5001,1890.0,5001.0,False,1.01807983836152,0.7717579193302602,1.807983836151994,22.824208066973984,22.824208066973984,0.22824208066973983,0.0,0.0,0.0072640945028315,1.5152429545646051,0.0072640945028315,1.5152429545646051,0.007395428157285499,1.1694007498946155
loko_global_fixed_clock,2pct,1.02,pre_euler3d,compute_step_factor,preeuler3d::computestepfactor,auto,auto,auto,auto,True,1.0,1.0,0.0,0.0,False,1890,5001,1890.0,5001.0,False,1.01807983836152,0.7717579193302602,1.807983836151994,22.824208066973984,22.824208066973984,0.22824208066973983,0.0,0.0,0.0072640945028315,1.5152429545646051,0.0072640945028315,1.5152429545646051,0.007395428157285499,1.1694007498946155
strict_global_hindsight,2pct,1.02,pre_euler3d,compute_step_factor,preeuler3d::computestepfactor,auto,auto,auto,auto,True,1.0,1.0,0.0,0.0,False,1890,5001,1890.0,5001.0,False,1.01807983836152,0.7717579193302602,1.807983836151994,22.824208066973984,22.824208066973984,0.22824208066973983,0.0,0.0,0.0072640945028315,1.5152429545646051,0.0072640945028315,1.5152429545646051,0.007395428157285499,1.1694007498946155
strict_loko_global_fixed_clock,2pct,1.02,pre_euler3d,compute_step_factor,preeuler3d::computestepfactor,auto,auto,auto,auto,True,1.0,1.0,0.0,0.0,False,1890,5001,1890.0,5001.0,False,1.01807983836152,0.7717579193302602,1.807983836151994,22.824208066973984,22.824208066973984,0.22824208066973983,0.0,0.0,0.0072640945028315,1.5152429545646051,0.0072640945028315,1.5152429545646051,0.007395428157285499,1.1694007498946155
per_kernel_oracle,2pct,1.02,pre_euler3d,compute_step_factor,preeuler3d::computestepfactor,1890,5001,1890.0,5001.0,False,1.01807983836152,0.7717579193302602,1.807983836151994,22.824208066973984,False,1890,5001,1890.0,5001.0,False,1.01807983836152,0.7717579193302602,1.807983836151994,22.824208066973984,0.0,0.0,,,0.0072640945028315,1.5152429545646051,0.007395428157285499,1.1694007498946155,0.007395428157285499,1.1694007498946155
best_global_hindsight,2pct,1.02,pre_euler3d,time_step,preeuler3d::timestep,auto,auto,auto,auto,True,1.0,1.0,0.0,0.0,False,1890,9251,1890.0,9251.0,False,1.004870004951157,0.8647249835985911,0.487000495115697,13.527501640140894,13.527501640140894,0.13527501640140893,0.0,0.0,0.0080555347902019,1.9303712630418952,0.0080555347902019,1.9303712630418952,0.0080947652845144,1.6692402587730943
loko_global_fixed_clock,2pct,1.02,pre_euler3d,time_step,preeuler3d::timestep,auto,auto,auto,auto,True,1.0,1.0,0.0,0.0,False,1890,9251,1890.0,9251.0,False,1.004870004951157,0.8647249835985911,0.487000495115697,13.527501640140894,13.527501640140894,0.13527501640140893,0.0,0.0,0.0080555347902019,1.9303712630418952,0.0080555347902019,1.9303712630418952,0.0080947652845144,1.6692402587730943
strict_global_hindsight,2pct,1.02,pre_euler3d,time_step,preeuler3d::timestep,auto,auto,auto,auto,True,1.0,1.0,0.0,0.0,False,1890,9251,1890.0,9251.0,False,1.004870004951157,0.8647249835985911,0.487000495115697,13.527501640140894,13.527501640140894,0.13527501640140893,0.0,0.0,0.0080555347902019,1.9303712630418952,0.0080555347902019,1.9303712630418952,0.0080947652845144,1.6692402587730943
strict_loko_global_fixed_clock,2pct,1.02,pre_euler3d,time_step,preeuler3d::timestep,auto,auto,auto,auto,True,1.0,1.0,0.0,0.0,False,1890,9251,1890.0,9251.0,False,1.004870004951157,0.8647249835985911,0.487000495115697,13.527501640140894,13.527501640140894,0.13527501640140893,0.0,0.0,0.0080555347902019,1.9303712630418952,0.0080555347902019,1.9303712630418952,0.0080947652845144,1.6692402587730943
per_kernel_oracle,2pct,1.02,pre_euler3d,time_step,preeuler3d::timestep,1890,9251,1890.0,9251.0,False,1.004870004951157,0.8647249835985911,0.487000495115697,13.527501640140894,False,1890,9251,1890.0,9251.0,False,1.004870004951157,0.8647249835985911,0.487000495115697,13.527501640140894,0.0,0.0,,,0.0080555347902019,1.9303712630418952,0.0080947652845144,1.6692402587730943,0.0080947652845144,1.6692402587730943
best_global_hindsight,2pct,1.02,srad_v1,compress,sradv1::compress,auto,auto,auto,auto,True,1.0,1.0,0.0,0.0,False,1470,9251,1470.0,9251.0,False,1.0083701008331436,0.6242108203925013,0.8370100833143601,37.57891796074987,37.57891796074987,0.3757891796074987,0.0,0.0,0.0468210132034834,14.976018353778445,0.0468210132034834,14.976018353778445,0.0472129098051065,9.3481927028252
loko_global_fixed_clock,2pct,1.02,srad_v1,compress,sradv1::compress,auto,auto,auto,auto,True,1.0,1.0,0.0,0.0,False,1470,9251,1470.0,9251.0,False,1.0083701008331436,0.6242108203925013,0.8370100833143601,37.57891796074987,37.57891796074987,0.3757891796074987,0.0,0.0,0.0468210132034834,14.976018353778445,0.0468210132034834,14.976018353778445,0.0472129098051065,9.3481927028252
strict_global_hindsight,2pct,1.02,srad_v1,compress,sradv1::compress,auto,auto,auto,auto,True,1.0,1.0,0.0,0.0,False,1470,9251,1470.0,9251.0,False,1.0083701008331436,0.6242108203925013,0.8370100833143601,37.57891796074987,37.57891796074987,0.3757891796074987,0.0,0.0,0.0468210132034834,14.976018353778445,0.0468210132034834,14.976018353778445,0.0472129098051065,9.3481927028252
strict_loko_global_fixed_clock,2pct,1.02,srad_v1,compress,sradv1::compress,auto,auto,auto,auto,True,1.0,1.0,0.0,0.0,False,1470,9251,1470.0,9251.0,False,1.0083701008331436,0.6242108203925013,0.8370100833143601,37.57891796074987,37.57891796074987,0.3757891796074987,0.0,0.0,0.0468210132034834,14.976018353778445,0.0468210132034834,14.976018353778445,0.0472129098051065,9.3481927028252
per_kernel_oracle,2pct,1.02,srad_v1,compress,sradv1::compress,1470,9251,1470.0,9251.0,False,1.0083701008331436,0.6242108203925013,0.8370100833143601,37.57891796074987,False,1470,9251,1470.0,9251.0,False,1.0083701008331436,0.6242108203925013,0.8370100833143601,37.57891796074987,0.0,0.0,,,0.0468210132034834,14.976018353778445,0.0472129098051065,9.3481927028252,0.0472129098051065,9.3481927028252
best_global_hindsight,2pct,1.02,srad_v1,extract,sradv1::extract,auto,auto,auto,auto,True,1.0,1.0,0.0,0.0,False,1470,9251,1470.0,9251.0,False,1.0092187613718244,0.6360047878540409,0.9218761371824424,36.39952121459591,36.39952121459591,0.3639952121459591,0.0,0.0,0.0467676313229571,14.500636037114637,0.0467676313229571,14.500636037114637,0.04719877095604891,9.222473946533755
loko_global_fixed_clock,2pct,1.02,srad_v1,extract,sradv1::extract,auto,auto,auto,auto,True,1.0,1.0,0.0,0.0,False,1470,9251,1470.0,9251.0,False,1.0092187613718244,0.6360047878540409,0.9218761371824424,36.39952121459591,36.39952121459591,0.3639952121459591,0.0,0.0,0.0467676313229571,14.500636037114637,0.0467676313229571,14.500636037114637,0.04719877095604891,9.222473946533755
strict_global_hindsight,2pct,1.02,srad_v1,extract,sradv1::extract,auto,auto,auto,auto,True,1.0,1.0,0.0,0.0,False,1470,9251,1470.0,9251.0,False,1.0092187613718244,0.6360047878540409,0.9218761371824424,36.39952121459591,36.39952121459591,0.3639952121459591,0.0,0.0,0.0467676313229571,14.500636037114637,0.0467676313229571,14.500636037114637,0.04719877095604891,9.222473946533755
strict_loko_global_fixed_clock,2pct,1.02,srad_v1,extract,sradv1::extract,auto,auto,auto,auto,True,1.0,1.0,0.0,0.0,False,1470,9251,1470.0,9251.0,False,1.0092187613718244,0.6360047878540409,0.9218761371824424,36.39952121459591,36.39952121459591,0.3639952121459591,0.0,0.0,0.0467676313229571,14.500636037114637,0.0467676313229571,14.500636037114637,0.04719877095604891,9.222473946533755
per_kernel_oracle,2pct,1.02,srad_v1,extract,sradv1::extract,1470,9251,1470.0,9251.0,False,1.0092187613718244,0.6360047878540409,0.9218761371824424,36.39952121459591,False,1470,9251,1470.0,9251.0,False,1.0092187613718244,0.6360047878540409,0.9218761371824424,36.39952121459591,0.0,0.0,,,0.0467676313229571,14.500636037114637,0.04719877095604891,9.222473946533755,0.04719877095604891,9.222473946533755
best_global_hindsight,2pct,1.02,srad_v1,prepare,sradv1::prepare,auto,auto,auto,auto,True,1.0,1.0,0.0,0.0,False,1050,9251,1050.0,9251.0,False,1.0189521382598126,0.6260236271728782,1.8952138259812568,37.39763728271218,37.39763728271218,0.3739763728271218,0.0,0.0,0.0676408279220779,22.657237554112555,0.0676408279220779,22.657237554112555,0.0689227662448653,14.183966035343092
loko_global_fixed_clock,2pct,1.02,srad_v1,prepare,sradv1::prepare,auto,auto,auto,auto,True,1.0,1.0,0.0,0.0,False,1050,9251,1050.0,9251.0,False,1.0189521382598126,0.6260236271728782,1.8952138259812568,37.39763728271218,37.39763728271218,0.3739763728271218,0.0,0.0,0.0676408279220779,22.657237554112555,0.0676408279220779,22.657237554112555,0.0689227662448653,14.183966035343092
strict_global_hindsight,2pct,1.02,srad_v1,prepare,sradv1::prepare,auto,auto,auto,auto,True,1.0,1.0,0.0,0.0,False,1050,9251,1050.0,9251.0,False,1.0189521382598126,0.6260236271728782,1.8952138259812568,37.39763728271218,37.39763728271218,0.3739763728271218,0.0,0.0,0.0676408279220779,22.657237554112555,0.0676408279220779,22.657237554112555,0.0689227662448653,14.183966035343092
strict_loko_global_fixed_clock,2pct,1.02,srad_v1,prepare,sradv1::prepare,auto,auto,auto,auto,True,1.0,1.0,0.0,0.0,False,1050,9251,1050.0,9251.0,False,1.0189521382598126,0.6260236271728782,1.8952138259812568,37.39763728271218,37.39763728271218,0.3739763728271218,0.0,0.0,0.0676408279220779,22.657237554112555,0.0676408279220779,22.657237554112555,0.0689227662448653,14.183966035343092
per_kernel_oracle,2pct,1.02,srad_v1,prepare,sradv1::prepare,1050,9251,1050.0,9251.0,False,1.0189521382598126,0.6260236271728782,1.8952138259812568,37.39763728271218,False,1050,9251,1050.0,9251.0,False,1.0189521382598126,0.6260236271728782,1.8952138259812568,37.39763728271218,0.0,0.0,,,0.0676408279220779,22.657237554112555,0.0689227662448653,14.183966035343092,0.0689227662448653,14.183966035343092
best_global_hindsight,2pct,1.02,srad_v1,reduce,sradv1::reduce,auto,auto,auto,auto,True,1.0,1.0,0.0,0.0,False,1890,5001,1890.0,5001.0,False,1.0192639909261505,0.7777434811578363,1.9263990926150498,22.22565188421637,22.22565188421637,0.2222565188421637,0.0,0.0,0.1156414265229659,36.027290809010594,0.1156414265229659,36.027290809010594,0.11786914191419141,28.01999057048562
loko_global_fixed_clock,2pct,1.02,srad_v1,reduce,sradv1::reduce,auto,auto,auto,auto,True,1.0,1.0,0.0,0.0,False,1890,5001,1890.0,5001.0,False,1.0192639909261505,0.7777434811578363,1.9263990926150498,22.22565188421637,22.22565188421637,0.2222565188421637,0.0,0.0,0.1156414265229659,36.027290809010594,0.1156414265229659,36.027290809010594,0.11786914191419141,28.01999057048562
strict_global_hindsight,2pct,1.02,srad_v1,reduce,sradv1::reduce,auto,auto,auto,auto,True,1.0,1.0,0.0,0.0,False,1890,5001,1890.0,5001.0,False,1.0192639909261505,0.7777434811578363,1.9263990926150498,22.22565188421637,22.22565188421637,0.2222565188421637,0.0,0.0,0.1156414265229659,36.027290809010594,0.1156414265229659,36.027290809010594,0.11786914191419141,28.01999057048562
strict_loko_global_fixed_clock,2pct,1.02,srad_v1,reduce,sradv1::reduce,auto,auto,auto,auto,True,1.0,1.0,0.0,0.0,False,1890,5001,1890.0,5001.0,False,1.0192639909261505,0.7777434811578363,1.9263990926150498,22.22565188421637,22.22565188421637,0.2222565188421637,0.0,0.0,0.1156414265229659,36.027290809010594,0.1156414265229659,36.027290809010594,0.11786914191419141,28.01999057048562
per_kernel_oracle,2pct,1.02,srad_v1,reduce,sradv1::reduce,1890,5001,1890.0,5001.0,False,1.0192639909261505,0.7777434811578363,1.9263990926150498,22.22565188421637,False,1890,5001,1890.0,5001.0,False,1.0192639909261505,0.7777434811578363,1.9263990926150498,22.22565188421637,0.0,0.0,,,0.1156414265229659,36.027290809010594,0.11786914191419141,28.01999057048562,0.11786914191419141,28.01999057048562
best_global_hindsight,2pct,1.02,srad_v1,srad,sradv1::srad,auto,auto,auto,auto,True,1.0,1.0,0.0,0.0,False,1050,9501,1050.0,9501.0,False,1.0047000764654388,0.7095447120990463,0.4700076465438796,29.045528790095364,29.045528790095364,0.29045528790095365,0.0,0.0,0.131279491690078,45.71882794654344,0.131279491690078,45.71882794654344,0.1318965153393653,32.439552612836
loko_global_fixed_clock,2pct,1.02,srad_v1,srad,sradv1::srad,auto,auto,auto,auto,True,1.0,1.0,0.0,0.0,False,1050,9501,1050.0,9501.0,False,1.0047000764654388,0.7095447120990463,0.4700076465438796,29.045528790095364,29.045528790095364,0.29045528790095365,0.0,0.0,0.131279491690078,45.71882794654344,0.131279491690078,45.71882794654344,0.1318965153393653,32.439552612836
strict_global_hindsight,2pct,1.02,srad_v1,srad,sradv1::srad,auto,auto,auto,auto,True,1.0,1.0,0.0,0.0,False,1050,9501,1050.0,9501.0,False,1.0047000764654388,0.7095447120990463,0.4700076465438796,29.045528790095364,29.045528790095364,0.29045528790095365,0.0,0.0,0.131279491690078,45.71882794654344,0.131279491690078,45.71882794654344,0.1318965153393653,32.439552612836
strict_loko_global_fixed_clock,2pct,1.02,srad_v1,srad,sradv1::srad,auto,auto,auto,auto,True,1.0,1.0,0.0,0.0,False,1050,9501,1050.0,9501.0,False,1.0047000764654388,0.7095447120990463,0.4700076465438796,29.045528790095364,29.045528790095364,0.29045528790095365,0.0,0.0,0.131279491690078,45.71882794654344,0.131279491690078,45.71882794654344,0.1318965153393653,32.439552612836
per_kernel_oracle,2pct,1.02,srad_v1,srad,sradv1::srad,1050,9501,1050.0,9501.0,False,1.0047000764654388,0.7095447120990463,0.4700076465438796,29.045528790095364,False,1050,9501,1050.0,9501.0,False,1.0047000764654388,0.7095447120990463,0.4700076465438796,29.045528790095364,0.0,0.0,,,0.131279491690078,45.71882794654344,0.1318965153393653,32.439552612836,0.1318965153393653,32.439552612836
best_global_hindsight,2pct,1.02,srad_v1,srad2,sradv1::srad2,auto,auto,auto,auto,True,1.0,1.0,0.0,0.0,False,630,9251,630.0,9251.0,False,1.0195857094655645,0.6649353942614548,1.9585709465564483,33.506460573854525,33.506460573854525,0.33506460573854524,0.0,0.0,0.1452390856014175,50.05771632730124,0.1452390856014175,50.05771632730124,0.1480836961350511,33.28514734192211
loko_global_fixed_clock,2pct,1.02,srad_v1,srad2,sradv1::srad2,auto,auto,auto,auto,True,1.0,1.0,0.0,0.0,False,630,9251,630.0,9251.0,False,1.0195857094655645,0.6649353942614548,1.9585709465564483,33.506460573854525,33.506460573854525,0.33506460573854524,0.0,0.0,0.1452390856014175,50.05771632730124,0.1452390856014175,50.05771632730124,0.1480836961350511,33.28514734192211
strict_global_hindsight,2pct,1.02,srad_v1,srad2,sradv1::srad2,auto,auto,auto,auto,True,1.0,1.0,0.0,0.0,False,630,9251,630.0,9251.0,False,1.0195857094655645,0.6649353942614548,1.9585709465564483,33.506460573854525,33.506460573854525,0.33506460573854524,0.0,0.0,0.1452390856014175,50.05771632730124,0.1452390856014175,50.05771632730124,0.1480836961350511,33.28514734192211
strict_loko_global_fixed_clock,2pct,1.02,srad_v1,srad2,sradv1::srad2,auto,auto,auto,auto,True,1.0,1.0,0.0,0.0,False,630,9251,630.0,9251.0,False,1.0195857094655645,0.6649353942614548,1.9585709465564483,33.506460573854525,33.506460573854525,0.33506460573854524,0.0,0.0,0.1452390856014175,50.05771632730124,0.1452390856014175,50.05771632730124,0.1480836961350511,33.28514734192211
per_kernel_oracle,2pct,1.02,srad_v1,srad2,sradv1::srad2,630,9251,630.0,9251.0,False,1.0195857094655645,0.6649353942614548,1.9585709465564483,33.506460573854525,False,630,9251,630.0,9251.0,False,1.0195857094655645,0.6649353942614548,1.9585709465564483,33.506460573854525,0.0,0.0,,,0.1452390856014175,50.05771632730124,0.1480836961350511,33.28514734192211,0.1480836961350511,33.28514734192211
best_global_hindsight,2pct,1.02,streamcluster,compute_cost,streamcluster::computecost,auto,auto,auto,auto,True,1.0,1.0,0.0,0.0,False,630,9251,630.0,9251.0,False,1.0101154559521082,0.6060922487801379,1.0115455952108166,39.39077512198621,39.39077512198621,0.3939077512198621,0.0,0.0,0.3867962404270132,126.6268275702019,0.3867962404270132,126.6268275702019,0.3907088607594937,76.74753867791843
loko_global_fixed_clock,2pct,1.02,streamcluster,compute_cost,streamcluster::computecost,auto,auto,auto,auto,True,1.0,1.0,0.0,0.0,False,630,9251,630.0,9251.0,False,1.0101154559521082,0.6060922487801379,1.0115455952108166,39.39077512198621,39.39077512198621,0.3939077512198621,0.0,0.0,0.3867962404270132,126.6268275702019,0.3867962404270132,126.6268275702019,0.3907088607594937,76.74753867791843
strict_global_hindsight,2pct,1.02,streamcluster,compute_cost,streamcluster::computecost,auto,auto,auto,auto,True,1.0,1.0,0.0,0.0,False,630,9251,630.0,9251.0,False,1.0101154559521082,0.6060922487801379,1.0115455952108166,39.39077512198621,39.39077512198621,0.3939077512198621,0.0,0.0,0.3867962404270132,126.6268275702019,0.3867962404270132,126.6268275702019,0.3907088607594937,76.74753867791843
strict_loko_global_fixed_clock,2pct,1.02,streamcluster,compute_cost,streamcluster::computecost,auto,auto,auto,auto,True,1.0,1.0,0.0,0.0,False,630,9251,630.0,9251.0,False,1.0101154559521082,0.6060922487801379,1.0115455952108166,39.39077512198621,39.39077512198621,0.3939077512198621,0.0,0.0,0.3867962404270132,126.6268275702019,0.3867962404270132,126.6268275702019,0.3907088607594937,76.74753867791843
per_kernel_oracle,2pct,1.02,streamcluster,compute_cost,streamcluster::computecost,630,9251,630.0,9251.0,False,1.0101154559521082,0.6060922487801379,1.0115455952108166,39.39077512198621,False,630,9251,630.0,9251.0,False,1.0101154559521082,0.6060922487801379,1.0115455952108166,39.39077512198621,0.0,0.0,,,0.3867962404270132,126.6268275702019,0.3907088607594937,76.74753867791843,0.3907088607594937,76.74753867791843
best_global_hindsight,2pct,1.02,syr2k,syr2k_kernel,syr2k::syr2kkernel,auto,auto,auto,auto,True,1.0,1.0,0.0,0.0,False,1890,810,1890.0,810.0,False,1.0119134704383688,0.6016649081947375,1.1913470438368767,39.83350918052625,39.83350918052625,0.3983350918052625,0.0,0.0,15.537757763975156,3970.515527950311,15.537757763975156,3970.515527950311,15.722866381774809,2388.9198606100035
loko_global_fixed_clock,2pct,1.02,syr2k,syr2k_kernel,syr2k::syr2kkernel,auto,auto,auto,auto,True,1.0,1.0,0.0,0.0,False,1890,810,1890.0,810.0,False,1.0119134704383688,0.6016649081947375,1.1913470438368767,39.83350918052625,39.83350918052625,0.3983350918052625,0.0,0.0,15.537757763975156,3970.515527950311,15.537757763975156,3970.515527950311,15.722866381774809,2388.9198606100035
strict_global_hindsight,2pct,1.02,syr2k,syr2k_kernel,syr2k::syr2kkernel,auto,auto,auto,auto,True,1.0,1.0,0.0,0.0,False,1890,810,1890.0,810.0,False,1.0119134704383688,0.6016649081947375,1.1913470438368767,39.83350918052625,39.83350918052625,0.3983350918052625,0.0,0.0,15.537757763975156,3970.515527950311,15.537757763975156,3970.515527950311,15.722866381774809,2388.9198606100035
strict_loko_global_fixed_clock,2pct,1.02,syr2k,syr2k_kernel,syr2k::syr2kkernel,auto,auto,auto,auto,True,1.0,1.0,0.0,0.0,False,1890,810,1890.0,810.0,False,1.0119134704383688,0.6016649081947375,1.1913470438368767,39.83350918052625,39.83350918052625,0.3983350918052625,0.0,0.0,15.537757763975156,3970.515527950311,15.537757763975156,3970.515527950311,15.722866381774809,2388.9198606100035
per_kernel_oracle,2pct,1.02,syr2k,syr2k_kernel,syr2k::syr2kkernel,1890,810,1890.0,810.0,False,1.0119134704383688,0.6016649081947375,1.1913470438368767,39.83350918052625,False,1890,810,1890.0,810.0,False,1.0119134704383688,0.6016649081947375,1.1913470438368767,39.83350918052625,0.0,0.0,,,15.537757763975156,3970.515527950311,15.722866381774809,2388.9198606100035,15.722866381774809,2388.9198606100035
best_global_hindsight,2pct,1.02,syrk,syrk_kernel,syrk::syrkkernel,auto,auto,auto,auto,True,1.0,1.0,0.0,0.0,False,1890,810,1890.0,810.0,False,1.014138600614234,0.598167670355022,1.413860061423411,40.1832329644978,40.1832329644978,0.40183232964497795,0.0,0.0,7.959238473767885,1987.608903020668,7.959238473767885,1987.608903020668,8.071770967741935,1188.923387096774
loko_global_fixed_clock,2pct,1.02,syrk,syrk_kernel,syrk::syrkkernel,auto,auto,auto,auto,True,1.0,1.0,0.0,0.0,False,1890,810,1890.0,810.0,False,1.014138600614234,0.598167670355022,1.413860061423411,40.1832329644978,40.1832329644978,0.40183232964497795,0.0,0.0,7.959238473767885,1987.608903020668,7.959238473767885,1987.608903020668,8.071770967741935,1188.923387096774
strict_global_hindsight,2pct,1.02,syrk,syrk_kernel,syrk::syrkkernel,auto,auto,auto,auto,True,1.0,1.0,0.0,0.0,False,1890,810,1890.0,810.0,False,1.014138600614234,0.598167670355022,1.413860061423411,40.1832329644978,40.1832329644978,0.40183232964497795,0.0,0.0,7.959238473767885,1987.608903020668,7.959238473767885,1987.608903020668,8.071770967741935,1188.923387096774
strict_loko_global_fixed_clock,2pct,1.02,syrk,syrk_kernel,syrk::syrkkernel,auto,auto,auto,auto,True,1.0,1.0,0.0,0.0,False,1890,810,1890.0,810.0,False,1.014138600614234,0.598167670355022,1.413860061423411,40.1832329644978,40.1832329644978,0.40183232964497795,0.0,0.0,7.959238473767885,1987.608903020668,7.959238473767885,1987.608903020668,8.071770967741935,1188.923387096774
per_kernel_oracle,2pct,1.02,syrk,syrk_kernel,syrk::syrkkernel,1890,810,1890.0,810.0,False,1.014138600614234,0.598167670355022,1.413860061423411,40.1832329644978,False,1890,810,1890.0,810.0,False,1.014138600614234,0.598167670355022,1.413860061423411,40.1832329644978,0.0,0.0,,,7.959238473767885,1987.608903020668,8.071770967741935,1188.923387096774,8.071770967741935,1188.923387096774
best_global_hindsight,5pct,1.05,2dconv,convolution2D_kernel,2dconv::convolution2dkernel,1890,9251,1890.0,9251.0,False,0.9985237449291527,1.0190801094655706,-0.14762550708472544,-1.9080109465570594,False,1470,9501,1470.0,9501.0,False,1.0149650803044403,0.8261142218486971,1.4965080304440326,17.38857781513029,19.29658876168735,0.1929658876168735,14.000255339153489,2.04647322651319,0.1732624922032019,59.52214290664634,0.1730067125704993,60.65783190893048,0.17585537931277026,49.17208877009109
loko_global_fixed_clock,5pct,1.05,2dconv,convolution2D_kernel,2dconv::convolution2dkernel,1890,9251,1890.0,9251.0,False,0.9985237449291527,1.0190801094655706,-0.14762550708472544,-1.9080109465570594,False,1470,9501,1470.0,9501.0,False,1.0149650803044403,0.8261142218486971,1.4965080304440326,17.38857781513029,19.29658876168735,0.1929658876168735,14.001920114533917,2.046590823347283,0.1732624922032019,59.52214290664634,0.1730067125704993,60.65783190893048,0.17585537931277026,49.17208877009109
strict_global_hindsight,5pct,1.05,2dconv,convolution2D_kernel,2dconv::convolution2dkernel,auto,auto,auto,auto,True,1.0,1.0,0.0,0.0,False,1470,9501,1470.0,9501.0,False,1.0149650803044403,0.8261142218486971,1.4965080304440326,17.38857781513029,17.38857781513029,0.1738857781513029,0.0,0.0,0.1732624922032019,59.52214290664634,0.1732624922032019,59.52214290664634,0.17585537931277026,49.17208877009109
strict_loko_global_fixed_clock,5pct,1.05,2dconv,convolution2D_kernel,2dconv::convolution2dkernel,auto,auto,auto,auto,True,1.0,1.0,0.0,0.0,False,1470,9501,1470.0,9501.0,False,1.0149650803044403,0.8261142218486971,1.4965080304440326,17.38857781513029,17.38857781513029,0.1738857781513029,0.0,0.0,0.1732624922032019,59.52214290664634,0.1732624922032019,59.52214290664634,0.17585537931277026,49.17208877009109
per_kernel_oracle,5pct,1.05,2dconv,convolution2D_kernel,2dconv::convolution2dkernel,1470,9501,1470.0,9501.0,False,1.0149650803044403,0.8261142218486971,1.4965080304440326,17.38857781513029,False,1470,9501,1470.0,9501.0,False,1.0149650803044403,0.8261142218486971,1.4965080304440326,17.38857781513029,0.0,0.0,,,0.1732624922032019,59.52214290664634,0.17585537931277026,49.17208877009109,0.17585537931277026,49.17208877009109
best_global_hindsight,5pct,1.05,2mm,mm2_kernel1,2mm::mm2kernel1,1890,9251,1890.0,9251.0,False,0.994478196665794,0.9975073062104144,-0.5521803334206044,0.24926937895856094,False,1890,5001,1890.0,5001.0,False,0.9763786924983164,0.9680134767447636,-2.3621307501683564,3.198652325523643,2.9493829465650823,0.029493829465650823,14.000255339153489,2.04647322651319,2.134778062313273,696.625693555271,2.1229902376910017,694.88921901528,2.084351813255523,674.3430596081702
loko_global_fixed_clock,5pct,1.05,2mm,mm2_kernel1,2mm::mm2kernel1,1890,9251,1890.0,9251.0,False,0.994478196665794,0.9975073062104144,-0.5521803334206044,0.24926937895856094,False,1890,5001,1890.0,5001.0,False,0.9763786924983164,0.9680134767447636,-2.3621307501683564,3.198652325523643,2.9493829465650823,0.029493829465650823,14.017115988478778,2.048190342458245,2.134778062313273,696.625693555271,2.1229902376910017,694.88921901528,2.084351813255523,674.3430596081702
strict_global_hindsight,5pct,1.05,2mm,mm2_kernel1,2mm::mm2kernel1,auto,auto,auto,auto,True,1.0,1.0,0.0,0.0,False,1890,5001,1890.0,5001.0,False,0.9763786924983164,0.9680134767447636,-2.3621307501683564,3.198652325523643,3.198652325523643,0.03198652325523643,0.0,0.0,2.134778062313273,696.625693555271,2.134778062313273,696.625693555271,2.084351813255523,674.3430596081702
strict_loko_global_fixed_clock,5pct,1.05,2mm,mm2_kernel1,2mm::mm2kernel1,auto,auto,auto,auto,True,1.0,1.0,0.0,0.0,False,1890,5001,1890.0,5001.0,False,0.9763786924983164,0.9680134767447636,-2.3621307501683564,3.198652325523643,3.198652325523643,0.03198652325523643,0.0,0.0,2.134778062313273,696.625693555271,2.134778062313273,696.625693555271,2.084351813255523,674.3430596081702
per_kernel_oracle,5pct,1.05,2mm,mm2_kernel1,2mm::mm2kernel1,1890,5001,1890.0,5001.0,False,0.9763786924983164,0.9680134767447636,-2.3621307501683564,3.198652325523643,False,1890,5001,1890.0,5001.0,False,0.9763786924983164,0.9680134767447636,-2.3621307501683564,3.198652325523643,0.0,0.0,,,2.134778062313273,696.625693555271,2.084351813255523,674.3430596081702,2.084351813255523,674.3430596081702
best_global_hindsight,5pct,1.05,2mm,mm2_kernel2,2mm::mm2kernel2,1890,9251,1890.0,9251.0,False,0.996877914780343,0.993135426730204,-0.3122085219656956,0.6864573269795948,False,1890,5001,1890.0,5001.0,False,0.9963153457813638,0.8975959893322133,-0.3684654218636174,10.24040106677867,9.553943739799076,0.09553943739799076,14.000255339153489,2.04647322651319,2.032619105691057,674.4752032520325,2.0262730956239867,669.8452188006485,2.025129607128392,605.4062373430538
loko_global_fixed_clock,5pct,1.05,2mm,mm2_kernel2,2mm::mm2kernel2,1890,9251,1890.0,9251.0,False,0.996877914780343,0.993135426730204,-0.3122085219656956,0.6864573269795948,False,1890,5001,1890.0,5001.0,False,0.9963153457813638,0.8975959893322133,-0.3684654218636174,10.24040106677867,9.553943739799076,0.09553943739799076,14.016060247751305,2.0479571452615586,2.032619105691057,674.4752032520325,2.0262730956239867,669.8452188006485,2.025129607128392,605.4062373430538
strict_global_hindsight,5pct,1.05,2mm,mm2_kernel2,2mm::mm2kernel2,auto,auto,auto,auto,True,1.0,1.0,0.0,0.0,False,1890,5001,1890.0,5001.0,False,0.9963153457813638,0.8975959893322133,-0.3684654218636174,10.24040106677867,10.24040106677867,0.1024040106677867,0.0,0.0,2.032619105691057,674.4752032520325,2.032619105691057,674.4752032520325,2.025129607128392,605.4062373430538
strict_loko_global_fixed_clock,5pct,1.05,2mm,mm2_kernel2,2mm::mm2kernel2,auto,auto,auto,auto,True,1.0,1.0,0.0,0.0,False,1890,5001,1890.0,5001.0,False,0.9963153457813638,0.8975959893322133,-0.3684654218636174,10.24040106677867,10.24040106677867,0.1024040106677867,0.0,0.0,2.032619105691057,674.4752032520325,2.032619105691057,674.4752032520325,2.025129607128392,605.4062373430538
per_kernel_oracle,5pct,1.05,2mm,mm2_kernel2,2mm::mm2kernel2,1890,5001,1890.0,5001.0,False,0.9963153457813638,0.8975959893322133,-0.3684654218636174,10.24040106677867,False,1890,5001,1890.0,5001.0,False,0.9963153457813638,0.8975959893322133,-0.3684654218636174,10.24040106677867,0.0,0.0,,,2.032619105691057,674.4752032520325,2.025129607128392,605.4062373430538,2.025129607128392,605.4062373430538
best_global_hindsight,5pct,1.05,3mm,mm3_kernel1,3mm::mm3kernel1,1890,9251,1890.0,9251.0,False,1.000254739444559,0.924379185038252,0.025473944455889352,7.5620814961748,False,1890,810,1890.0,810.0,False,1.0014697353367508,0.6895903239160999,0.1469735336750766,31.040967608390012,23.478886112215214,0.23478886112215214,14.000255339153489,2.04647322651319,0.329816160949868,112.27612137203168,0.3299001781355149,103.78570957313451,0.33030090341624746,77.42452690498267
loko_global_fixed_clock,5pct,1.05,3mm,mm3_kernel1,3mm::mm3kernel1,1890,9251,1890.0,9251.0,False,1.000254739444559,0.924379185038252,0.025473944455889352,7.5620814961748,False,1890,810,1890.0,810.0,False,1.0014697353367508,0.6895903239160999,0.1469735336750766,31.040967608390012,23.478886112215214,0.23478886112215214,14.001526336422486,2.0466794290624923,0.329816160949868,112.27612137203168,0.3299001781355149,103.78570957313451,0.33030090341624746,77.42452690498267
strict_global_hindsight,5pct,1.05,3mm,mm3_kernel1,3mm::mm3kernel1,auto,auto,auto,auto,True,1.0,1.0,0.0,0.0,False,1890,810,1890.0,810.0,False,1.0014697353367508,0.6895903239160999,0.1469735336750766,31.040967608390012,31.040967608390012,0.31040967608390013,0.0,0.0,0.329816160949868,112.27612137203168,0.329816160949868,112.27612137203168,0.33030090341624746,77.42452690498267
strict_loko_global_fixed_clock,5pct,1.05,3mm,mm3_kernel1,3mm::mm3kernel1,auto,auto,auto,auto,True,1.0,1.0,0.0,0.0,False,1890,810,1890.0,810.0,False,1.0014697353367508,0.6895903239160999,0.1469735336750766,31.040967608390012,31.040967608390012,0.31040967608390013,0.0,0.0,0.329816160949868,112.27612137203168,0.329816160949868,112.27612137203168,0.33030090341624746,77.42452690498267
per_kernel_oracle,5pct,1.05,3mm,mm3_kernel1,3mm::mm3kernel1,1890,810,1890.0,810.0,False,1.0014697353367508,0.6895903239160999,0.1469735336750766,31.040967608390012,False,1890,810,1890.0,810.0,False,1.0014697353367508,0.6895903239160999,0.1469735336750766,31.040967608390012,0.0,0.0,,,0.329816160949868,112.27612137203168,0.33030090341624746,77.42452690498267,0.33030090341624746,77.42452690498267
best_global_hindsight,5pct,1.05,3mm,mm3_kernel2,3mm::mm3kernel2,1890,9251,1890.0,9251.0,False,1.0077201641844526,0.9165689182395292,0.7720164184452649,8.343108176047076,False,1890,810,1890.0,810.0,False,1.0087362248051623,0.6960437035868351,0.873622480516234,30.39562964131649,22.052521465269415,0.22052521465269415,14.000255339153489,2.04647322651319,0.3275530298067474,112.24828037995414,0.3300817929759704,102.88328492210194,0.3304146067107512,78.12970879691676
loko_global_fixed_clock,5pct,1.05,3mm,mm3_kernel2,3mm::mm3kernel2,1890,9251,1890.0,9251.0,False,1.0077201641844526,0.9165689182395292,0.7720164184452649,8.343108176047076,False,1890,810,1890.0,810.0,False,1.0087362248051623,0.6960437035868351,0.873622480516234,30.39562964131649,22.052521465269415,0.22052521465269415,14.001371872423185,2.0466023669875266,0.3275530298067474,112.24828037995414,0.3300817929759704,102.88328492210194,0.3304146067107512,78.12970879691676
strict_global_hindsight,5pct,1.05,3mm,mm3_kernel2,3mm::mm3kernel2,auto,auto,auto,auto,True,1.0,1.0,0.0,0.0,False,1890,810,1890.0,810.0,False,1.0087362248051623,0.6960437035868351,0.873622480516234,30.39562964131649,30.39562964131649,0.3039562964131649,0.0,0.0,0.3275530298067474,112.24828037995414,0.3275530298067474,112.24828037995414,0.3304146067107512,78.12970879691676
strict_loko_global_fixed_clock,5pct,1.05,3mm,mm3_kernel2,3mm::mm3kernel2,auto,auto,auto,auto,True,1.0,1.0,0.0,0.0,False,1890,810,1890.0,810.0,False,1.0087362248051623,0.6960437035868351,0.873622480516234,30.39562964131649,30.39562964131649,0.3039562964131649,0.0,0.0,0.3275530298067474,112.24828037995414,0.3275530298067474,112.24828037995414,0.3304146067107512,78.12970879691676
per_kernel_oracle,5pct,1.05,3mm,mm3_kernel2,3mm::mm3kernel2,1890,810,1890.0,810.0,False,1.0087362248051623,0.6960437035868351,0.873622480516234,30.39562964131649,False,1890,810,1890.0,810.0,False,1.0087362248051623,0.6960437035868351,0.873622480516234,30.39562964131649,0.0,0.0,,,0.3275530298067474,112.24828037995414,0.3304146067107512,78.12970879691676,0.3304146067107512,78.12970879691676
best_global_hindsight,5pct,1.05,3mm,mm3_kernel3,3mm::mm3kernel3,1890,9251,1890.0,9251.0,False,1.0023905013904464,0.9254691014695164,0.23905013904463868,7.453089853048356,False,1890,810,1890.0,810.0,False,1.003093574726729,0.6970121118587808,0.3093574726729109,30.298788814121924,22.845698961073566,0.22845698961073568,14.000255339153489,2.04647322651319,0.3288522854324235,113.16270963498847,0.3296384072780012,104.72859120574857,0.32986961455146435,78.87577922634532
loko_global_fixed_clock,5pct,1.05,3mm,mm3_kernel3,3mm::mm3kernel3,1890,9251,1890.0,9251.0,False,1.0023905013904464,0.9254691014695164,0.23905013904463868,7.453089853048356,False,1890,810,1890.0,810.0,False,1.003093574726729,0.6970121118587808,0.3093574726729109,30.298788814121924,22.845698961073566,0.22845698961073568,14.001558061461061,2.0466570988939337,0.3288522854324235,113.16270963498847,0.3296384072780012,104.72859120574857,0.32986961455146435,78.87577922634532
strict_global_hindsight,5pct,1.05,3mm,mm3_kernel3,3mm::mm3kernel3,auto,auto,auto,auto,True,1.0,1.0,0.0,0.0,False,1890,810,1890.0,810.0,False,1.003093574726729,0.6970121118587808,0.3093574726729109,30.298788814121924,30.298788814121924,0.30298788814121924,0.0,0.0,0.3288522854324235,113.16270963498847,0.3288522854324235,113.16270963498847,0.32986961455146435,78.87577922634532
strict_loko_global_fixed_clock,5pct,1.05,3mm,mm3_kernel3,3mm::mm3kernel3,auto,auto,auto,auto,True,1.0,1.0,0.0,0.0,False,1890,810,1890.0,810.0,False,1.003093574726729,0.6970121118587808,0.3093574726729109,30.298788814121924,30.298788814121924,0.30298788814121924,0.0,0.0,0.3288522854324235,113.16270963498847,0.3288522854324235,113.16270963498847,0.32986961455146435,78.87577922634532
per_kernel_oracle,5pct,1.05,3mm,mm3_kernel3,3mm::mm3kernel3,1890,810,1890.0,810.0,False,1.003093574726729,0.6970121118587808,0.3093574726729109,30.298788814121924,False,1890,810,1890.0,810.0,False,1.003093574726729,0.6970121118587808,0.3093574726729109,30.298788814121924,0.0,0.0,,,0.3288522854324235,113.16270963498847,0.32986961455146435,78.87577922634532,0.32986961455146435,78.87577922634532
best_global_hindsight,5pct,1.05,atax,atax_kernel1,atax::ataxkernel1,1890,9251,1890.0,9251.0,False,1.016335025124547,0.8606629361380124,1.6335025124547098,13.933706386198763,False,1890,5001,1890.0,5001.0,False,1.0119963497058844,0.7306481980711437,1.1996349705884368,26.935180192885632,13.00147380668687,0.1300147380668687,14.000255339153489,2.04647322651319,1.2237679882525696,296.98164464023495,1.2437582690872917,255.6010942551604,1.238448736998514,216.9891035165924
loko_global_fixed_clock,5pct,1.05,atax,atax_kernel1,atax::ataxkernel1,1890,9251,1890.0,9251.0,False,1.016335025124547,0.8606629361380124,1.6335025124547098,13.933706386198763,False,1890,5001,1890.0,5001.0,False,1.0119963497058844,0.7306481980711437,1.1996349705884368,26.935180192885632,13.00147380668687,0.1300147380668687,14.000290101286772,2.0466296112637616,1.2237679882525696,296.98164464023495,1.2437582690872917,255.6010942551604,1.238448736998514,216.9891035165924
strict_global_hindsight,5pct,1.05,atax,atax_kernel1,atax::ataxkernel1,auto,auto,auto,auto,True,1.0,1.0,0.0,0.0,False,1890,5001,1890.0,5001.0,False,1.0119963497058844,0.7306481980711437,1.1996349705884368,26.935180192885632,26.935180192885632,0.2693518019288563,0.0,0.0,1.2237679882525696,296.98164464023495,1.2237679882525696,296.98164464023495,1.238448736998514,216.9891035165924
strict_loko_global_fixed_clock,5pct,1.05,atax,atax_kernel1,atax::ataxkernel1,auto,auto,auto,auto,True,1.0,1.0,0.0,0.0,False,1890,5001,1890.0,5001.0,False,1.0119963497058844,0.7306481980711437,1.1996349705884368,26.935180192885632,26.935180192885632,0.2693518019288563,0.0,0.0,1.2237679882525696,296.98164464023495,1.2237679882525696,296.98164464023495,1.238448736998514,216.9891035165924
per_kernel_oracle,5pct,1.05,atax,atax_kernel1,atax::ataxkernel1,1890,5001,1890.0,5001.0,False,1.0119963497058844,0.7306481980711437,1.1996349705884368,26.935180192885632,False,1890,5001,1890.0,5001.0,False,1.0119963497058844,0.7306481980711437,1.1996349705884368,26.935180192885632,0.0,0.0,,,1.2237679882525696,296.98164464023495,1.238448736998514,216.9891035165924,1.238448736998514,216.9891035165924
best_global_hindsight,5pct,1.05,atax,atax_kernel2,atax::ataxkernel2,1890,9251,1890.0,9251.0,False,1.0183425103696826,0.8900788033042953,1.8342510369682596,10.992119669570465,False,1890,9501,1890.0,9501.0,False,1.0183581926624277,0.880693933046719,1.8358192662427664,11.930606695328105,0.9384870257576399,0.009384870257576394,14.000255339153489,2.04647322651319,1.216248784046693,241.7205739299611,1.2385578399801833,215.1503591776072,1.2385769135496654,212.88184295268763
loko_global_fixed_clock,5pct,1.05,atax,atax_kernel2,atax::ataxkernel2,1890,9251,1890.0,9251.0,False,1.0183425103696826,0.8900788033042953,1.8342510369682596,10.992119669570465,False,1890,9501,1890.0,9501.0,False,1.0183581926624277,0.880693933046719,1.8358192662427664,11.930606695328105,0.9384870257576399,0.009384870257576394,14.001534144404538,2.046553097354309,1.216248784046693,241.7205739299611,1.2385578399801833,215.1503591776072,1.2385769135496654,212.88184295268763
strict_global_hindsight,5pct,1.05,atax,atax_kernel2,atax::ataxkernel2,auto,auto,auto,auto,True,1.0,1.0,0.0,0.0,False,1890,9501,1890.0,9501.0,False,1.0183581926624277,0.880693933046719,1.8358192662427664,11.930606695328105,11.930606695328105,0.11930606695328105,0.0,0.0,1.216248784046693,241.7205739299611,1.216248784046693,241.7205739299611,1.2385769135496654,212.88184295268763
strict_loko_global_fixed_clock,5pct,1.05,atax,atax_kernel2,atax::ataxkernel2,auto,auto,auto,auto,True,1.0,1.0,0.0,0.0,False,1890,9501,1890.0,9501.0,False,1.0183581926624277,0.880693933046719,1.8358192662427664,11.930606695328105,11.930606695328105,0.11930606695328105,0.0,0.0,1.216248784046693,241.7205739299611,1.216248784046693,241.7205739299611,1.2385769135496654,212.88184295268763
per_kernel_oracle,5pct,1.05,atax,atax_kernel2,atax::ataxkernel2,1890,9501,1890.0,9501.0,False,1.0183581926624277,0.880693933046719,1.8358192662427664,11.930606695328105,False,1890,9501,1890.0,9501.0,False,1.0183581926624277,0.880693933046719,1.8358192662427664,11.930606695328105,0.0,0.0,,,1.216248784046693,241.7205739299611,1.2385769135496654,212.88184295268763,1.2385769135496654,212.88184295268763
best_global_hindsight,5pct,1.05,bicg,bicg_kernel1,bicg::bicgkernel1,1890,9251,1890.0,9251.0,False,1.0129555101921854,0.8737901101147881,1.2955510192185438,12.620988988521187,False,1890,9501,1890.0,9501.0,False,1.0134672627322636,0.8602989700830403,1.3467262732263618,13.970102991695965,1.349114003174778,0.013491140031747784,14.000255339153489,2.04647322651319,1.1971323916686616,219.7598755087384,1.2126418525703202,192.02400581959265,1.2132544881125666,189.0591945657448
loko_global_fixed_clock,5pct,1.05,bicg,bicg_kernel1,bicg::bicgkernel1,1890,9251,1890.0,9251.0,False,1.0129555101921854,0.8737901101147881,1.2955510192185438,12.620988988521187,False,1890,9501,1890.0,9501.0,False,1.0134672627322636,0.8602989700830403,1.3467262732263618,13.970102991695965,1.349114003174778,0.013491140031747784,14.000788395530217,2.046751396076729,1.1971323916686616,219.7598755087384,1.2126418525703202,192.02400581959265,1.2132544881125666,189.0591945657448
strict_global_hindsight,5pct,1.05,bicg,bicg_kernel1,bicg::bicgkernel1,auto,auto,auto,auto,True,1.0,1.0,0.0,0.0,False,1890,9501,1890.0,9501.0,False,1.0134672627322636,0.8602989700830403,1.3467262732263618,13.970102991695965,13.970102991695965,0.13970102991695965,0.0,0.0,1.1971323916686616,219.7598755087384,1.1971323916686616,219.7598755087384,1.2132544881125666,189.0591945657448
strict_loko_global_fixed_clock,5pct,1.05,bicg,bicg_kernel1,bicg::bicgkernel1,auto,auto,auto,auto,True,1.0,1.0,0.0,0.0,False,1890,9501,1890.0,9501.0,False,1.0134672627322636,0.8602989700830403,1.3467262732263618,13.970102991695965,13.970102991695965,0.13970102991695965,0.0,0.0,1.1971323916686616,219.7598755087384,1.1971323916686616,219.7598755087384,1.2132544881125666,189.0591945657448
per_kernel_oracle,5pct,1.05,bicg,bicg_kernel1,bicg::bicgkernel1,1890,9501,1890.0,9501.0,False,1.0134672627322636,0.8602989700830403,1.3467262732263618,13.970102991695965,False,1890,9501,1890.0,9501.0,False,1.0134672627322636,0.8602989700830403,1.3467262732263618,13.970102991695965,0.0,0.0,,,1.1971323916686616,219.7598755087384,1.2132544881125666,189.0591945657448,1.2132544881125666,189.0591945657448
best_global_hindsight,5pct,1.05,bicg,bicg_kernel2,bicg::bicgkernel2,1890,9251,1890.0,9251.0,False,1.030091963343216,0.9110042492150848,3.0091963343215955,8.899575078491518,False,1890,5001,1890.0,5001.0,False,1.0347755282696218,0.7963582361527551,3.4775528269621825,20.364176384724487,11.46460130623297,0.11464601306232969,14.000255339153489,2.04647322651319,0.6395367694078526,134.00882465788465,0.6587816864295125,122.08260869565216,0.661776998411858,106.71903123345686
loko_global_fixed_clock,5pct,1.05,bicg,bicg_kernel2,bicg::bicgkernel2,1890,9251,1890.0,9251.0,False,1.030091963343216,0.9110042492150848,3.0091963343215955,8.899575078491518,False,1890,5001,1890.0,5001.0,False,1.0347755282696218,0.7963582361527551,3.4775528269621825,20.364176384724487,11.46460130623297,0.11464601306232969,14.00145725098736,2.046282739897065,0.6395367694078526,134.00882465788465,0.6587816864295125,122.08260869565216,0.661776998411858,106.71903123345686
strict_global_hindsight,5pct,1.05,bicg,bicg_kernel2,bicg::bicgkernel2,auto,auto,auto,auto,True,1.0,1.0,0.0,0.0,False,1890,5001,1890.0,5001.0,False,1.0347755282696218,0.7963582361527551,3.4775528269621825,20.364176384724487,20.364176384724487,0.20364176384724486,0.0,0.0,0.6395367694078526,134.00882465788465,0.6395367694078526,134.00882465788465,0.661776998411858,106.71903123345686
strict_loko_global_fixed_clock,5pct,1.05,bicg,bicg_kernel2,bicg::bicgkernel2,auto,auto,auto,auto,True,1.0,1.0,0.0,0.0,False,1890,5001,1890.0,5001.0,False,1.0347755282696218,0.7963582361527551,3.4775528269621825,20.364176384724487,20.364176384724487,0.20364176384724486,0.0,0.0,0.6395367694078526,134.00882465788465,0.6395367694078526,134.00882465788465,0.661776998411858,106.71903123345686
per_kernel_oracle,5pct,1.05,bicg,bicg_kernel2,bicg::bicgkernel2,1890,5001,1890.0,5001.0,False,1.0347755282696218,0.7963582361527551,3.4775528269621825,20.364176384724487,False,1890,5001,1890.0,5001.0,False,1.0347755282696218,0.7963582361527551,3.4775528269621825,20.364176384724487,0.0,0.0,,,0.6395367694078526,134.00882465788465,0.661776998411858,106.71903123345686,0.661776998411858,106.71903123345686
best_global_hindsight,5pct,1.05,correlation,corr_kernel,correlation::corrkernel,1890,9251,1890.0,9251.0,False,1.0183902424316302,0.8389598343549344,1.8390242431630233,16.104016564506562,False,1890,9251,1890.0,9251.0,False,1.0183902424316302,0.8389598343549344,1.8390242431630233,16.104016564506562,0.0,0.0,14.000255339153489,2.04647322651319,1351.50475,243653.5,1376.35925,204415.5,1376.35925,204415.5
loko_global_fixed_clock,5pct,1.05,correlation,corr_kernel,correlation::corrkernel,1890,9251,1890.0,9251.0,False,1.0183902424316302,0.8389598343549344,1.8390242431630233,16.104016564506562,False,1890,9251,1890.0,9251.0,False,1.0183902424316302,0.8389598343549344,1.8390242431630233,16.104016564506562,0.0,0.0,12.423970504320303,2.195496997096291,1351.50475,243653.5,1376.35925,204415.5,1376.35925,204415.5
strict_global_hindsight,5pct,1.05,correlation,corr_kernel,correlation::corrkernel,auto,auto,auto,auto,True,1.0,1.0,0.0,0.0,False,1890,9251,1890.0,9251.0,False,1.0183902424316302,0.8389598343549344,1.8390242431630233,16.104016564506562,16.104016564506562,0.16104016564506562,0.0,0.0,1351.50475,243653.5,1351.50475,243653.5,1376.35925,204415.5
strict_loko_global_fixed_clock,5pct,1.05,correlation,corr_kernel,correlation::corrkernel,auto,auto,auto,auto,True,1.0,1.0,0.0,0.0,False,1890,9251,1890.0,9251.0,False,1.0183902424316302,0.8389598343549344,1.8390242431630233,16.104016564506562,16.104016564506562,0.16104016564506562,0.0,0.0,1351.50475,243653.5,1351.50475,243653.5,1376.35925,204415.5
per_kernel_oracle,5pct,1.05,correlation,corr_kernel,correlation::corrkernel,1890,9251,1890.0,9251.0,False,1.0183902424316302,0.8389598343549344,1.8390242431630233,16.104016564506562,False,1890,9251,1890.0,9251.0,False,1.0183902424316302,0.8389598343549344,1.8390242431630233,16.104016564506562,0.0,0.0,,,1351.50475,243653.5,1376.35925,204415.5,1376.35925,204415.5
best_global_hindsight,5pct,1.05,correlation,mean_kernel,correlation::meankernel,1890,9251,1890.0,9251.0,False,1.0176798779746556,0.8233611709555464,1.7679877974655644,17.66388290444536,False,1890,9251,1890.0,9251.0,False,1.0176798779746556,0.8233611709555464,1.7679877974655644,17.66388290444536,0.0,0.0,14.000255339153489,2.04647322651319,0.6022942664418213,104.5072271741749,0.6129427555773475,86.04719293944595,0.6129427555773475,86.04719293944595
loko_global_fixed_clock,5pct,1.05,correlation,mean_kernel,correlation::meankernel,1890,9251,1890.0,9251.0,False,1.0176798779746556,0.8233611709555464,1.7679877974655644,17.66388290444536,False,1890,9251,1890.0,9251.0,False,1.0176798779746556,0.8233611709555464,1.7679877974655644,17.66388290444536,0.0,0.0,13.99958213586726,2.0465251189127898,0.6022942664418213,104.5072271741749,0.6129427555773475,86.04719293944595,0.6129427555773475,86.04719293944595
strict_global_hindsight,5pct,1.05,correlation,mean_kernel,correlation::meankernel,auto,auto,auto,auto,True,1.0,1.0,0.0,0.0,False,1890,9251,1890.0,9251.0,False,1.0176798779746556,0.8233611709555464,1.7679877974655644,17.66388290444536,17.66388290444536,0.1766388290444536,0.0,0.0,0.6022942664418213,104.5072271741749,0.6022942664418213,104.5072271741749,0.6129427555773475,86.04719293944595
strict_loko_global_fixed_clock,5pct,1.05,correlation,mean_kernel,correlation::meankernel,auto,auto,auto,auto,True,1.0,1.0,0.0,0.0,False,1890,9251,1890.0,9251.0,False,1.0176798779746556,0.8233611709555464,1.7679877974655644,17.66388290444536,17.66388290444536,0.1766388290444536,0.0,0.0,0.6022942664418213,104.5072271741749,0.6022942664418213,104.5072271741749,0.6129427555773475,86.04719293944595
per_kernel_oracle,5pct,1.05,correlation,mean_kernel,correlation::meankernel,1890,9251,1890.0,9251.0,False,1.0176798779746556,0.8233611709555464,1.7679877974655644,17.66388290444536,False,1890,9251,1890.0,9251.0,False,1.0176798779746556,0.8233611709555464,1.7679877974655644,17.66388290444536,0.0,0.0,,,0.6022942664418213,104.5072271741749,0.6129427555773475,86.04719293944595,0.6129427555773475,86.04719293944595
best_global_hindsight,5pct,1.05,correlation,reduce_kernel,correlation::reducekernel,1890,9251,1890.0,9251.0,False,1.013686346881329,0.970474157410206,1.3686346881329081,2.952584258979396,False,1470,9251,1470.0,9251.0,False,1.0436275653201637,0.6657595488287699,4.362756532016365,33.424045117123015,30.47146085814362,0.3047146085814362,14.000255339153489,2.04647322651319,0.0463599376923932,16.07854281793569,0.0469944358810481,15.60381029362006,0.0483825089023068,10.704443412292925
loko_global_fixed_clock,5pct,1.05,correlation,reduce_kernel,correlation::reducekernel,1890,9251,1890.0,9251.0,False,1.013686346881329,0.970474157410206,1.3686346881329081,2.952584258979396,False,1470,9251,1470.0,9251.0,False,1.0436275653201637,0.6657595488287699,4.362756532016365,33.424045117123015,30.47146085814362,0.3047146085814362,14.000567615066274,2.0464829469763357,0.0463599376923932,16.07854281793569,0.0469944358810481,15.60381029362006,0.0483825089023068,10.704443412292925
strict_global_hindsight,5pct,1.05,correlation,reduce_kernel,correlation::reducekernel,auto,auto,auto,auto,True,1.0,1.0,0.0,0.0,False,1470,9251,1470.0,9251.0,False,1.0436275653201637,0.6657595488287699,4.362756532016365,33.424045117123015,33.424045117123015,0.33424045117123014,0.0,0.0,0.0463599376923932,16.07854281793569,0.0463599376923932,16.07854281793569,0.0483825089023068,10.704443412292925
strict_loko_global_fixed_clock,5pct,1.05,correlation,reduce_kernel,correlation::reducekernel,auto,auto,auto,auto,True,1.0,1.0,0.0,0.0,False,1470,9251,1470.0,9251.0,False,1.0436275653201637,0.6657595488287699,4.362756532016365,33.424045117123015,33.424045117123015,0.33424045117123014,0.0,0.0,0.0463599376923932,16.07854281793569,0.0463599376923932,16.07854281793569,0.0483825089023068,10.704443412292925
per_kernel_oracle,5pct,1.05,correlation,reduce_kernel,correlation::reducekernel,1470,9251,1470.0,9251.0,False,1.0436275653201637,0.6657595488287699,4.362756532016365,33.424045117123015,False,1470,9251,1470.0,9251.0,False,1.0436275653201637,0.6657595488287699,4.362756532016365,33.424045117123015,0.0,0.0,,,0.0463599376923932,16.07854281793569,0.0483825089023068,10.704443412292925,0.0483825089023068,10.704443412292925
best_global_hindsight,5pct,1.05,correlation,std_kernel,correlation::stdkernel,1890,9251,1890.0,9251.0,False,1.022745048271626,0.875662144189882,2.2745048271626045,12.433785581011803,False,1890,9251,1890.0,9251.0,False,1.022745048271626,0.875662144189882,2.2745048271626045,12.433785581011803,0.0,0.0,14.000255339153489,2.04647322651319,0.604474492263056,99.23972437137331,0.6182232937685459,86.90046983184965,0.6182232937685459,86.90046983184965
loko_global_fixed_clock,5pct,1.05,correlation,std_kernel,correlation::stdkernel,1890,9251,1890.0,9251.0,False,1.022745048271626,0.875662144189882,2.2745048271626045,12.433785581011803,False,1890,9251,1890.0,9251.0,False,1.022745048271626,0.875662144189882,2.2745048271626045,12.433785581011803,0.0,0.0,14.000528672190171,2.0464305817354145,0.604474492263056,99.23972437137331,0.6182232937685459,86.90046983184965,0.6182232937685459,86.90046983184965
strict_global_hindsight,5pct,1.05,correlation,std_kernel,correlation::stdkernel,auto,auto,auto,auto,True,1.0,1.0,0.0,0.0,False,1890,9251,1890.0,9251.0,False,1.022745048271626,0.875662144189882,2.2745048271626045,12.433785581011803,12.433785581011803,0.12433785581011803,0.0,0.0,0.604474492263056,99.23972437137331,0.604474492263056,99.23972437137331,0.6182232937685459,86.90046983184965
strict_loko_global_fixed_clock,5pct,1.05,correlation,std_kernel,correlation::stdkernel,auto,auto,auto,auto,True,1.0,1.0,0.0,0.0,False,1890,9251,1890.0,9251.0,False,1.022745048271626,0.875662144189882,2.2745048271626045,12.433785581011803,12.433785581011803,0.12433785581011803,0.0,0.0,0.604474492263056,99.23972437137331,0.604474492263056,99.23972437137331,0.6182232937685459,86.90046983184965
per_kernel_oracle,5pct,1.05,correlation,std_kernel,correlation::stdkernel,1890,9251,1890.0,9251.0,False,1.022745048271626,0.875662144189882,2.2745048271626045,12.433785581011803,False,1890,9251,1890.0,9251.0,False,1.022745048271626,0.875662144189882,2.2745048271626045,12.433785581011803,0.0,0.0,,,0.604474492263056,99.23972437137331,0.6182232937685459,86.90046983184965,0.6182232937685459,86.90046983184965
best_global_hindsight,5pct,1.05,covariance,covar_kernel,covariance::covarkernel,1890,9251,1890.0,9251.0,False,1.021388270082908,0.8580370821162795,2.1388270082908,14.19629178837205,False,1890,9251,1890.0,9251.0,False,1.021388270082908,0.8580370821162795,2.1388270082908,14.19629178837205,0.0,0.0,14.000255339153489,2.04647322651319,1348.81175,242987.75,1377.6605,208492.5,1377.6605,208492.5
loko_global_fixed_clock,5pct,1.05,covariance,covar_kernel,covariance::covarkernel,1890,9251,1890.0,9251.0,False,1.021388270082908,0.8580370821162795,2.1388270082908,14.19629178837205,False,1890,9251,1890.0,9251.0,False,1.021388270082908,0.8580370821162795,2.1388270082908,14.19629178837205,0.0,0.0,13.854071759847631,1.9803564795481732,1348.81175,242987.75,1377.6605,208492.5,1377.6605,208492.5
strict_global_hindsight,5pct,1.05,covariance,covar_kernel,covariance::covarkernel,auto,auto,auto,auto,True,1.0,1.0,0.0,0.0,False,1890,9251,1890.0,9251.0,False,1.021388270082908,0.8580370821162795,2.1388270082908,14.19629178837205,14.19629178837205,0.1419629178837205,0.0,0.0,1348.81175,242987.75,1348.81175,242987.75,1377.6605,208492.5
strict_loko_global_fixed_clock,5pct,1.05,covariance,covar_kernel,covariance::covarkernel,auto,auto,auto,auto,True,1.0,1.0,0.0,0.0,False,1890,9251,1890.0,9251.0,False,1.021388270082908,0.8580370821162795,2.1388270082908,14.19629178837205,14.19629178837205,0.1419629178837205,0.0,0.0,1348.81175,242987.75,1348.81175,242987.75,1377.6605,208492.5
per_kernel_oracle,5pct,1.05,covariance,covar_kernel,covariance::covarkernel,1890,9251,1890.0,9251.0,False,1.021388270082908,0.8580370821162795,2.1388270082908,14.19629178837205,False,1890,9251,1890.0,9251.0,False,1.021388270082908,0.8580370821162795,2.1388270082908,14.19629178837205,0.0,0.0,,,1348.81175,242987.75,1377.6605,208492.5,1377.6605,208492.5
best_global_hindsight,5pct,1.05,covariance,mean_kernel,covariance::meankernel,1890,9251,1890.0,9251.0,False,1.013430227567937,0.8278504277667804,1.3430227567936992,17.21495722332196,False,1890,9251,1890.0,9251.0,False,1.013430227567937,0.8278504277667804,1.3430227567936992,17.21495722332196,0.0,0.0,14.000255339153489,2.04647322651319,0.6037243419463898,104.34581019077515,0.6118324972470328,86.38272360210449,0.6118324972470328,86.38272360210449
loko_global_fixed_clock,5pct,1.05,covariance,mean_kernel,covariance::meankernel,1890,9251,1890.0,9251.0,False,1.013430227567937,0.8278504277667804,1.3430227567936992,17.21495722332196,False,1890,9251,1890.0,9251.0,False,1.013430227567937,0.8278504277667804,1.3430227567936992,17.21495722332196,0.0,0.0,13.999665539950602,2.046604617311365,0.6037243419463898,104.34581019077515,0.6118324972470328,86.38272360210449,0.6118324972470328,86.38272360210449
strict_global_hindsight,5pct,1.05,covariance,mean_kernel,covariance::meankernel,auto,auto,auto,auto,True,1.0,1.0,0.0,0.0,False,1890,9251,1890.0,9251.0,False,1.013430227567937,0.8278504277667804,1.3430227567936992,17.21495722332196,17.21495722332196,0.17214957223321958,0.0,0.0,0.6037243419463898,104.34581019077515,0.6037243419463898,104.34581019077515,0.6118324972470328,86.38272360210449
strict_loko_global_fixed_clock,5pct,1.05,covariance,mean_kernel,covariance::meankernel,auto,auto,auto,auto,True,1.0,1.0,0.0,0.0,False,1890,9251,1890.0,9251.0,False,1.013430227567937,0.8278504277667804,1.3430227567936992,17.21495722332196,17.21495722332196,0.17214957223321958,0.0,0.0,0.6037243419463898,104.34581019077515,0.6037243419463898,104.34581019077515,0.6118324972470328,86.38272360210449
per_kernel_oracle,5pct,1.05,covariance,mean_kernel,covariance::meankernel,1890,9251,1890.0,9251.0,False,1.013430227567937,0.8278504277667804,1.3430227567936992,17.21495722332196,False,1890,9251,1890.0,9251.0,False,1.013430227567937,0.8278504277667804,1.3430227567936992,17.21495722332196,0.0,0.0,,,0.6037243419463898,104.34581019077515,0.6118324972470328,86.38272360210449,0.6118324972470328,86.38272360210449
best_global_hindsight,5pct,1.05,covariance,reduce_kernel,covariance::reducekernel,1890,9251,1890.0,9251.0,False,1.010253240172397,0.8852328398057993,1.0253240172396927,11.476716019420074,False,1470,9251,1470.0,9251.0,False,1.018263186104697,0.6437145465891021,1.8263186104696905,35.62854534108979,24.151829321669716,0.24151829321669716,14.000255339153489,2.04647322651319,0.0462931264350788,15.581790237760163,0.046767780978748806,13.793512421430709,0.047138586418530914,10.03022503794628
loko_global_fixed_clock,5pct,1.05,covariance,reduce_kernel,covariance::reducekernel,1890,9251,1890.0,9251.0,False,1.010253240172397,0.8852328398057993,1.0253240172396927,11.476716019420074,False,1470,9251,1470.0,9251.0,False,1.018263186104697,0.6437145465891021,1.8263186104696905,35.62854534108979,24.151829321669716,0.24151829321669716,14.000324466217961,2.0464878490783933,0.0462931264350788,15.581790237760163,0.046767780978748806,13.793512421430709,0.047138586418530914,10.03022503794628
strict_global_hindsight,5pct,1.05,covariance,reduce_kernel,covariance::reducekernel,auto,auto,auto,auto,True,1.0,1.0,0.0,0.0,False,1470,9251,1470.0,9251.0,False,1.018263186104697,0.6437145465891021,1.8263186104696905,35.62854534108979,35.62854534108979,0.3562854534108979,0.0,0.0,0.0462931264350788,15.581790237760163,0.0462931264350788,15.581790237760163,0.047138586418530914,10.03022503794628
strict_loko_global_fixed_clock,5pct,1.05,covariance,reduce_kernel,covariance::reducekernel,auto,auto,auto,auto,True,1.0,1.0,0.0,0.0,False,1470,9251,1470.0,9251.0,False,1.018263186104697,0.6437145465891021,1.8263186104696905,35.62854534108979,35.62854534108979,0.3562854534108979,0.0,0.0,0.0462931264350788,15.581790237760163,0.0462931264350788,15.581790237760163,0.047138586418530914,10.03022503794628
per_kernel_oracle,5pct,1.05,covariance,reduce_kernel,covariance::reducekernel,1470,9251,1470.0,9251.0,False,1.018263186104697,0.6437145465891021,1.8263186104696905,35.62854534108979,False,1470,9251,1470.0,9251.0,False,1.018263186104697,0.6437145465891021,1.8263186104696905,35.62854534108979,0.0,0.0,,,0.0462931264350788,15.581790237760163,0.047138586418530914,10.03022503794628,0.047138586418530914,10.03022503794628
best_global_hindsight,5pct,1.05,doitgen,kernel1,doitgen::kernel1,1890,9251,1890.0,9251.0,False,1.0302104344496634,0.8563967234666058,3.0210434449663426,14.360327653339422,False,1890,810,1890.0,810.0,False,1.046039774080033,0.5594613284901262,4.60397740800329,44.05386715098738,29.693539497647958,0.2969353949764796,14.000255339153489,2.04647322651319,0.0242435354754874,4.764261228368753,0.0249759432147977,4.080097705713986,0.0253597023716801,2.665419916097183
loko_global_fixed_clock,5pct,1.05,doitgen,kernel1,doitgen::kernel1,1890,9251,1890.0,9251.0,False,1.0302104344496634,0.8563967234666058,3.0210434449663426,14.360327653339422,False,1890,810,1890.0,810.0,False,1.046039774080033,0.5594613284901262,4.60397740800329,44.05386715098738,29.693539497647958,0.2969353949764796,14.000252323386919,2.0464659180851497,0.0242435354754874,4.764261228368753,0.0249759432147977,4.080097705713986,0.0253597023716801,2.665419916097183
strict_global_hindsight,5pct,1.05,doitgen,kernel1,doitgen::kernel1,auto,auto,auto,auto,True,1.0,1.0,0.0,0.0,False,1890,810,1890.0,810.0,False,1.046039774080033,0.5594613284901262,4.60397740800329,44.05386715098738,44.05386715098738,0.4405386715098738,0.0,0.0,0.0242435354754874,4.764261228368753,0.0242435354754874,4.764261228368753,0.0253597023716801,2.665419916097183
strict_loko_global_fixed_clock,5pct,1.05,doitgen,kernel1,doitgen::kernel1,auto,auto,auto,auto,True,1.0,1.0,0.0,0.0,False,1890,810,1890.0,810.0,False,1.046039774080033,0.5594613284901262,4.60397740800329,44.05386715098738,44.05386715098738,0.4405386715098738,0.0,0.0,0.0242435354754874,4.764261228368753,0.0242435354754874,4.764261228368753,0.0253597023716801,2.665419916097183
per_kernel_oracle,5pct,1.05,doitgen,kernel1,doitgen::kernel1,1890,810,1890.0,810.0,False,1.046039774080033,0.5594613284901262,4.60397740800329,44.05386715098738,False,1890,810,1890.0,810.0,False,1.046039774080033,0.5594613284901262,4.60397740800329,44.05386715098738,0.0,0.0,,,0.0242435354754874,4.764261228368753,0.0253597023716801,2.665419916097183,0.0253597023716801,2.665419916097183
best_global_hindsight,5pct,1.05,doitgen,kernel2,doitgen::kernel2,1890,9251,1890.0,9251.0,False,0.8868744546079427,1.076455198055362,-11.312554539205733,-7.645519805536205,False,1470,810,1470.0,810.0,False,1.0205319989862511,0.420527834313945,2.053199898625113,57.9472165686055,65.59273637414171,0.655927363741417,14.000255339153489,2.04647322651319,0.0062991934528833,0.6842749768820062,0.0055865937579958,0.7365913557638483,0.0064285284864721,0.2877566741034149
loko_global_fixed_clock,5pct,1.05,doitgen,kernel2,doitgen::kernel2,1890,9251,1890.0,9251.0,False,0.8868744546079427,1.076455198055362,-11.312554539205733,-7.645519805536205,False,1470,810,1470.0,810.0,False,1.0205319989862511,0.420527834313945,2.053199898625113,57.9472165686055,65.59273637414171,0.655927363741417,14.000281377482636,2.0464992563997253,0.0062991934528833,0.6842749768820062,0.0055865937579958,0.7365913557638483,0.0064285284864721,0.2877566741034149
strict_global_hindsight,5pct,1.05,doitgen,kernel2,doitgen::kernel2,auto,auto,auto,auto,True,1.0,1.0,0.0,0.0,False,1470,810,1470.0,810.0,False,1.0205319989862511,0.420527834313945,2.053199898625113,57.9472165686055,57.9472165686055,0.579472165686055,0.0,0.0,0.0062991934528833,0.6842749768820062,0.0062991934528833,0.6842749768820062,0.0064285284864721,0.2877566741034149
strict_loko_global_fixed_clock,5pct,1.05,doitgen,kernel2,doitgen::kernel2,auto,auto,auto,auto,True,1.0,1.0,0.0,0.0,False,1470,810,1470.0,810.0,False,1.0205319989862511,0.420527834313945,2.053199898625113,57.9472165686055,57.9472165686055,0.579472165686055,0.0,0.0,0.0062991934528833,0.6842749768820062,0.0062991934528833,0.6842749768820062,0.0064285284864721,0.2877566741034149
per_kernel_oracle,5pct,1.05,doitgen,kernel2,doitgen::kernel2,1470,810,1470.0,810.0,False,1.0205319989862511,0.420527834313945,2.053199898625113,57.9472165686055,False,1470,810,1470.0,810.0,False,1.0205319989862511,0.420527834313945,2.053199898625113,57.9472165686055,0.0,0.0,,,0.0062991934528833,0.6842749768820062,0.0064285284864721,0.2877566741034149,0.0064285284864721,0.2877566741034149
best_global_hindsight,5pct,1.05,euler3d,compute_flux,euler3d::computeflux,1890,9251,1890.0,9251.0,False,0.9754070658041488,0.9509094933368708,-2.459293419585118,4.90905066631292,False,1890,9251,1890.0,9251.0,False,0.9754070658041488,0.9509094933368708,-2.459293419585118,4.90905066631292,0.0,0.0,14.000255339153489,2.04647322651319,0.0256531047822317,8.83643649087523,0.025022219664403,8.402651346441601,0.025022219664403,8.402651346441601
loko_global_fixed_clock,5pct,1.05,euler3d,compute_flux,euler3d::computeflux,1890,9251,1890.0,9251.0,False,0.9754070658041488,0.9509094933368708,-2.459293419585118,4.90905066631292,False,1890,9251,1890.0,9251.0,False,0.9754070658041488,0.9509094933368708,-2.459293419585118,4.90905066631292,0.0,0.0,14.000396564981866,2.0465089804367453,0.0256531047822317,8.83643649087523,0.025022219664403,8.402651346441601,0.025022219664403,8.402651346441601
strict_global_hindsight,5pct,1.05,euler3d,compute_flux,euler3d::computeflux,auto,auto,auto,auto,True,1.0,1.0,0.0,0.0,False,1890,9251,1890.0,9251.0,False,0.9754070658041488,0.9509094933368708,-2.459293419585118,4.90905066631292,4.90905066631292,0.049090506663129196,0.0,0.0,0.0256531047822317,8.83643649087523,0.0256531047822317,8.83643649087523,0.025022219664403,8.402651346441601
strict_loko_global_fixed_clock,5pct,1.05,euler3d,compute_flux,euler3d::computeflux,auto,auto,auto,auto,True,1.0,1.0,0.0,0.0,False,1890,9251,1890.0,9251.0,False,0.9754070658041488,0.9509094933368708,-2.459293419585118,4.90905066631292,4.90905066631292,0.049090506663129196,0.0,0.0,0.0256531047822317,8.83643649087523,0.0256531047822317,8.83643649087523,0.025022219664403,8.402651346441601
per_kernel_oracle,5pct,1.05,euler3d,compute_flux,euler3d::computeflux,1890,9251,1890.0,9251.0,False,0.9754070658041488,0.9509094933368708,-2.459293419585118,4.90905066631292,False,1890,9251,1890.0,9251.0,False,0.9754070658041488,0.9509094933368708,-2.459293419585118,4.90905066631292,0.0,0.0,,,0.0256531047822317,8.83643649087523,0.025022219664403,8.402651346441601,0.025022219664403,8.402651346441601
best_global_hindsight,5pct,1.05,euler3d,compute_step_factor,euler3d::computestepfactor,1890,9251,1890.0,9251.0,False,1.0264363912975143,0.8788465092348974,2.6436391297514295,12.115349076510263,False,1965,810,1965.0,810.0,False,1.0324237857797478,0.7230858081325595,3.2423785779747805,27.69141918674405,15.576070110233786,0.15576070110233786,14.000255339153489,2.04647322651319,0.0072604597604343,1.4915873221009406,0.007452400115660998,1.3108763112474402,0.007495871352369101,1.078545624201639
loko_global_fixed_clock,5pct,1.05,euler3d,compute_step_factor,euler3d::computestepfactor,1890,9251,1890.0,9251.0,False,1.0264363912975143,0.8788465092348974,2.6436391297514295,12.115349076510263,False,1965,810,1965.0,810.0,False,1.0324237857797478,0.7230858081325595,3.2423785779747805,27.69141918674405,15.576070110233786,0.15576070110233786,14.000260281672738,2.046471885380563,0.0072604597604343,1.4915873221009406,0.007452400115660998,1.3108763112474402,0.007495871352369101,1.078545624201639
strict_global_hindsight,5pct,1.05,euler3d,compute_step_factor,euler3d::computestepfactor,auto,auto,auto,auto,True,1.0,1.0,0.0,0.0,False,1965,810,1965.0,810.0,False,1.0324237857797478,0.7230858081325595,3.2423785779747805,27.69141918674405,27.69141918674405,0.2769141918674405,0.0,0.0,0.0072604597604343,1.4915873221009406,0.0072604597604343,1.4915873221009406,0.007495871352369101,1.078545624201639
strict_loko_global_fixed_clock,5pct,1.05,euler3d,compute_step_factor,euler3d::computestepfactor,auto,auto,auto,auto,True,1.0,1.0,0.0,0.0,False,1965,810,1965.0,810.0,False,1.0324237857797478,0.7230858081325595,3.2423785779747805,27.69141918674405,27.69141918674405,0.2769141918674405,0.0,0.0,0.0072604597604343,1.4915873221009406,0.0072604597604343,1.4915873221009406,0.007495871352369101,1.078545624201639
per_kernel_oracle,5pct,1.05,euler3d,compute_step_factor,euler3d::computestepfactor,1965,810,1965.0,810.0,False,1.0324237857797478,0.7230858081325595,3.2423785779747805,27.69141918674405,False,1965,810,1965.0,810.0,False,1.0324237857797478,0.7230858081325595,3.2423785779747805,27.69141918674405,0.0,0.0,,,0.0072604597604343,1.4915873221009406,0.007495871352369101,1.078545624201639,0.007495871352369101,1.078545624201639
best_global_hindsight,5pct,1.05,euler3d,time_step,euler3d::timestep,1890,9251,1890.0,9251.0,False,0.9760249467619264,0.8520485544594156,-2.3975053238073585,14.795144554058437,False,1890,9251,1890.0,9251.0,False,0.9760249467619264,0.8520485544594156,-2.3975053238073585,14.795144554058437,0.0,0.0,14.000255339153489,2.04647322651319,0.0088314572408104,2.095693965829387,0.0086197225832922,1.7856330141742491,0.0086197225832922,1.7856330141742491
loko_global_fixed_clock,5pct,1.05,euler3d,time_step,euler3d::timestep,1890,9251,1890.0,9251.0,False,0.9760249467619264,0.8520485544594156,-2.3975053238073585,14.795144554058437,False,1890,9251,1890.0,9251.0,False,0.9760249467619264,0.8520485544594156,-2.3975053238073585,14.795144554058437,0.0,0.0,14.000252410656023,2.0464853664699856,0.0088314572408104,2.095693965829387,0.0086197225832922,1.7856330141742491,0.0086197225832922,1.7856330141742491
strict_global_hindsight,5pct,1.05,euler3d,time_step,euler3d::timestep,auto,auto,auto,auto,True,1.0,1.0,0.0,0.0,False,1890,9251,1890.0,9251.0,False,0.9760249467619264,0.8520485544594156,-2.3975053238073585,14.795144554058437,14.795144554058437,0.14795144554058437,0.0,0.0,0.0088314572408104,2.095693965829387,0.0088314572408104,2.095693965829387,0.0086197225832922,1.7856330141742491
strict_loko_global_fixed_clock,5pct,1.05,euler3d,time_step,euler3d::timestep,auto,auto,auto,auto,True,1.0,1.0,0.0,0.0,False,1890,9251,1890.0,9251.0,False,0.9760249467619264,0.8520485544594156,-2.3975053238073585,14.795144554058437,14.795144554058437,0.14795144554058437,0.0,0.0,0.0088314572408104,2.095693965829387,0.0088314572408104,2.095693965829387,0.0086197225832922,1.7856330141742491
per_kernel_oracle,5pct,1.05,euler3d,time_step,euler3d::timestep,1890,9251,1890.0,9251.0,False,0.9760249467619264,0.8520485544594156,-2.3975053238073585,14.795144554058437,False,1890,9251,1890.0,9251.0,False,0.9760249467619264,0.8520485544594156,-2.3975053238073585,14.795144554058437,0.0,0.0,,,0.0088314572408104,2.095693965829387,0.0086197225832922,1.7856330141742491,0.0086197225832922,1.7856330141742491
best_global_hindsight,5pct,1.05,fdtd2d,step1,fdtd2d::step1,1890,9251,1890.0,9251.0,False,0.9913761125688476,0.9062304486627886,-0.8623887431152388,9.376955133721143,False,630,9251,630.0,9251.0,False,1.0047362571263485,0.6099160397111852,0.47362571263485087,39.00839602888148,29.631440895160335,0.2963144089516033,14.000255339153489,2.04647322651319,0.0677983972664036,22.852255623805068,0.0672137115203656,20.7094098669176,0.06811950790861161,13.937957248538847
loko_global_fixed_clock,5pct,1.05,fdtd2d,step1,fdtd2d::step1,1890,9251,1890.0,9251.0,False,0.9913761125688476,0.9062304486627886,-0.8623887431152388,9.376955133721143,False,630,9251,630.0,9251.0,False,1.0047362571263485,0.6099160397111852,0.47362571263485087,39.00839602888148,29.631440895160335,0.2963144089516033,14.000441079992909,2.0465342312108614,0.0677983972664036,22.852255623805068,0.0672137115203656,20.7094098669176,0.06811950790861161,13.937957248538847
strict_global_hindsight,5pct,1.05,fdtd2d,step1,fdtd2d::step1,auto,auto,auto,auto,True,1.0,1.0,0.0,0.0,False,630,9251,630.0,9251.0,False,1.0047362571263485,0.6099160397111852,0.47362571263485087,39.00839602888148,39.00839602888148,0.39008396028881476,0.0,0.0,0.0677983972664036,22.852255623805068,0.0677983972664036,22.852255623805068,0.06811950790861161,13.937957248538847
strict_loko_global_fixed_clock,5pct,1.05,fdtd2d,step1,fdtd2d::step1,auto,auto,auto,auto,True,1.0,1.0,0.0,0.0,False,630,9251,630.0,9251.0,False,1.0047362571263485,0.6099160397111852,0.47362571263485087,39.00839602888148,39.00839602888148,0.39008396028881476,0.0,0.0,0.0677983972664036,22.852255623805068,0.0677983972664036,22.852255623805068,0.06811950790861161,13.937957248538847
per_kernel_oracle,5pct,1.05,fdtd2d,step1,fdtd2d::step1,630,9251,630.0,9251.0,False,1.0047362571263485,0.6099160397111852,0.47362571263485087,39.00839602888148,False,630,9251,630.0,9251.0,False,1.0047362571263485,0.6099160397111852,0.47362571263485087,39.00839602888148,0.0,0.0,,,0.0677983972664036,22.852255623805068,0.06811950790861161,13.937957248538847,0.06811950790861161,13.937957248538847
best_global_hindsight,5pct,1.05,fdtd2d,step2,fdtd2d::step2,1890,9251,1890.0,9251.0,False,0.9930855517892752,0.9144471702529932,-0.6914448210724844,8.555282974700685,False,630,9251,630.0,9251.0,False,1.0106851592365145,0.6132151127598626,1.0685159236514474,38.67848872401374,30.123205749313055,0.30123205749313053,14.000255339153489,2.04647322651319,0.067651138562286,22.77645482958773,0.0671833682683005,20.82786466731162,0.06837400175035553,13.966866316595558
loko_global_fixed_clock,5pct,1.05,fdtd2d,step2,fdtd2d::step2,1890,9251,1890.0,9251.0,False,0.9930855517892752,0.9144471702529932,-0.6914448210724844,8.555282974700685,False,630,9251,630.0,9251.0,False,1.0106851592365145,0.6132151127598626,1.0685159236514474,38.67848872401374,30.123205749313055,0.30123205749313053,14.000473365001753,2.0465305214536933,0.067651138562286,22.77645482958773,0.0671833682683005,20.82786466731162,0.06837400175035553,13.966866316595558
strict_global_hindsight,5pct,1.05,fdtd2d,step2,fdtd2d::step2,auto,auto,auto,auto,True,1.0,1.0,0.0,0.0,False,630,9251,630.0,9251.0,False,1.0106851592365145,0.6132151127598626,1.0685159236514474,38.67848872401374,38.67848872401374,0.3867848872401374,0.0,0.0,0.067651138562286,22.77645482958773,0.067651138562286,22.77645482958773,0.06837400175035553,13.966866316595558
strict_loko_global_fixed_clock,5pct,1.05,fdtd2d,step2,fdtd2d::step2,auto,auto,auto,auto,True,1.0,1.0,0.0,0.0,False,630,9251,630.0,9251.0,False,1.0106851592365145,0.6132151127598626,1.0685159236514474,38.67848872401374,38.67848872401374,0.3867848872401374,0.0,0.0,0.067651138562286,22.77645482958773,0.067651138562286,22.77645482958773,0.06837400175035553,13.966866316595558
per_kernel_oracle,5pct,1.05,fdtd2d,step2,fdtd2d::step2,630,9251,630.0,9251.0,False,1.0106851592365145,0.6132151127598626,1.0685159236514474,38.67848872401374,False,630,9251,630.0,9251.0,False,1.0106851592365145,0.6132151127598626,1.0685159236514474,38.67848872401374,0.0,0.0,,,0.067651138562286,22.77645482958773,0.06837400175035553,13.966866316595558,0.06837400175035553,13.966866316595558
best_global_hindsight,5pct,1.05,fdtd2d,step3,fdtd2d::step3,1890,9251,1890.0,9251.0,False,0.9986060551400902,0.9337217852036208,-0.13939448599098458,6.627821479637919,False,630,9251,630.0,9251.0,False,1.0009200345631082,0.6288631808885659,0.09200345631081852,37.113681911143416,30.485860431505497,0.30485860431505496,14.000255339153489,2.04647322651319,0.0867349905459087,29.282460492306623,0.0866140867516629,27.341671286031037,0.08681478973504181,18.414661249435703
loko_global_fixed_clock,5pct,1.05,fdtd2d,step3,fdtd2d::step3,1890,9251,1890.0,9251.0,False,0.9986060551400902,0.9337217852036208,-0.13939448599098458,6.627821479637919,False,630,9251,630.0,9251.0,False,1.0009200345631082,0.6288631808885659,0.09200345631081852,37.113681911143416,30.485860431505497,0.30485860431505496,14.000634872200058,2.046531872931334,0.0867349905459087,29.282460492306623,0.0866140867516629,27.341671286031037,0.08681478973504181,18.414661249435703
strict_global_hindsight,5pct,1.05,fdtd2d,step3,fdtd2d::step3,auto,auto,auto,auto,True,1.0,1.0,0.0,0.0,False,630,9251,630.0,9251.0,False,1.0009200345631082,0.6288631808885659,0.09200345631081852,37.113681911143416,37.113681911143416,0.37113681911143415,0.0,0.0,0.0867349905459087,29.282460492306623,0.0867349905459087,29.282460492306623,0.08681478973504181,18.414661249435703
strict_loko_global_fixed_clock,5pct,1.05,fdtd2d,step3,fdtd2d::step3,auto,auto,auto,auto,True,1.0,1.0,0.0,0.0,False,630,9251,630.0,9251.0,False,1.0009200345631082,0.6288631808885659,0.09200345631081852,37.113681911143416,37.113681911143416,0.37113681911143415,0.0,0.0,0.0867349905459087,29.282460492306623,0.0867349905459087,29.282460492306623,0.08681478973504181,18.414661249435703
per_kernel_oracle,5pct,1.05,fdtd2d,step3,fdtd2d::step3,630,9251,630.0,9251.0,False,1.0009200345631082,0.6288631808885659,0.09200345631081852,37.113681911143416,False,630,9251,630.0,9251.0,False,1.0009200345631082,0.6288631808885659,0.09200345631081852,37.113681911143416,0.0,0.0,,,0.0867349905459087,29.282460492306623,0.08681478973504181,18.414661249435703,0.08681478973504181,18.414661249435703
best_global_hindsight,5pct,1.05,gemm,gemm_kernel,gemm::gemmkernel,1890,9251,1890.0,9251.0,False,1.0086199616896725,0.8836301404891618,0.8619961689672495,11.636985951083822,False,1890,810,1890.0,810.0,False,1.0082765420025408,0.6454702217565333,0.8276542002540799,35.45297782434667,23.815991873262846,0.23815991873262843,14.000255339153489,2.04647322651319,0.3255344401041666,103.93723958333334,0.3283405345065335,91.8420776150765,0.3282287395709623,67.08839308261611
loko_global_fixed_clock,5pct,1.05,gemm,gemm_kernel,gemm::gemmkernel,1890,9251,1890.0,9251.0,False,1.0086199616896725,0.8836301404891618,0.8619961689672495,11.636985951083822,False,1890,810,1890.0,810.0,False,1.0082765420025408,0.6454702217565333,0.8276542002540799,35.45297782434667,23.815991873262846,0.23815991873262843,14.000687228565267,2.0465925096244897,0.3255344401041666,103.93723958333334,0.3283405345065335,91.8420776150765,0.3282287395709623,67.08839308261611
strict_global_hindsight,5pct,1.05,gemm,gemm_kernel,gemm::gemmkernel,auto,auto,auto,auto,True,1.0,1.0,0.0,0.0,False,1890,810,1890.0,810.0,False,1.0082765420025408,0.6454702217565333,0.8276542002540799,35.45297782434667,35.45297782434667,0.35452977824346665,0.0,0.0,0.3255344401041666,103.93723958333334,0.3255344401041666,103.93723958333334,0.3282287395709623,67.08839308261611
strict_loko_global_fixed_clock,5pct,1.05,gemm,gemm_kernel,gemm::gemmkernel,auto,auto,auto,auto,True,1.0,1.0,0.0,0.0,False,1890,810,1890.0,810.0,False,1.0082765420025408,0.6454702217565333,0.8276542002540799,35.45297782434667,35.45297782434667,0.35452977824346665,0.0,0.0,0.3255344401041666,103.93723958333334,0.3255344401041666,103.93723958333334,0.3282287395709623,67.08839308261611
per_kernel_oracle,5pct,1.05,gemm,gemm_kernel,gemm::gemmkernel,1890,810,1890.0,810.0,False,1.0082765420025408,0.6454702217565333,0.8276542002540799,35.45297782434667,False,1890,810,1890.0,810.0,False,1.0082765420025408,0.6454702217565333,0.8276542002540799,35.45297782434667,0.0,0.0,,,0.3255344401041666,103.93723958333334,0.3282287395709623,67.08839308261611,0.3282287395709623,67.08839308261611
best_global_hindsight,5pct,1.05,gemver,gemver_kernel1,gemver::gemverkernel1,1890,9251,1890.0,9251.0,False,1.0016145116718176,0.992543772771014,0.16145116718175867,0.7456227228985979,False,1470,9251,1470.0,9251.0,False,1.0292333299211205,0.6897128258277487,2.923332992112049,31.028717417225128,30.28309469432653,0.3028309469432653,14.000255339153489,2.04647322651319,0.1792517209235623,60.94808547253693,0.1795411249191868,60.493642698082034,0.18449184562024942,42.036676260054605
loko_global_fixed_clock,5pct,1.05,gemver,gemver_kernel1,gemver::gemverkernel1,1890,9251,1890.0,9251.0,False,1.0016145116718176,0.992543772771014,0.16145116718175867,0.7456227228985979,False,1470,9251,1470.0,9251.0,False,1.0292333299211205,0.6897128258277487,2.923332992112049,31.028717417225128,30.28309469432653,0.3028309469432653,14.001675648960966,2.0465777503832827,0.1792517209235623,60.94808547253693,0.1795411249191868,60.493642698082034,0.18449184562024942,42.036676260054605
strict_global_hindsight,5pct,1.05,gemver,gemver_kernel1,gemver::gemverkernel1,auto,auto,auto,auto,True,1.0,1.0,0.0,0.0,False,1470,9251,1470.0,9251.0,False,1.0292333299211205,0.6897128258277487,2.923332992112049,31.028717417225128,31.028717417225128,0.31028717417225127,0.0,0.0,0.1792517209235623,60.94808547253693,0.1792517209235623,60.94808547253693,0.18449184562024942,42.036676260054605
strict_loko_global_fixed_clock,5pct,1.05,gemver,gemver_kernel1,gemver::gemverkernel1,auto,auto,auto,auto,True,1.0,1.0,0.0,0.0,False,1470,9251,1470.0,9251.0,False,1.0292333299211205,0.6897128258277487,2.923332992112049,31.028717417225128,31.028717417225128,0.31028717417225127,0.0,0.0,0.1792517209235623,60.94808547253693,0.1792517209235623,60.94808547253693,0.18449184562024942,42.036676260054605
per_kernel_oracle,5pct,1.05,gemver,gemver_kernel1,gemver::gemverkernel1,1470,9251,1470.0,9251.0,False,1.0292333299211205,0.6897128258277487,2.923332992112049,31.028717417225128,False,1470,9251,1470.0,9251.0,False,1.0292333299211205,0.6897128258277487,2.923332992112049,31.028717417225128,0.0,0.0,,,0.1792517209235623,60.94808547253693,0.18449184562024942,42.036676260054605,0.18449184562024942,42.036676260054605
best_global_hindsight,5pct,1.05,gemver,gemver_kernel2,gemver::gemverkernel2,1890,9251,1890.0,9251.0,False,1.0212174117053512,0.9120135589913072,2.1217411705351186,8.798644100869279,False,1890,9501,1890.0,9501.0,False,1.0215336086496885,0.8996835579107235,2.153360864968845,10.031644208927649,1.23300010805837,0.012330001080583686,14.000255339153489,2.04647322651319,1.1949811230585423,212.01003584229392,1.2203355295265983,193.35602733040508,1.22071337890625,190.741943359375
loko_global_fixed_clock,5pct,1.05,gemver,gemver_kernel2,gemver::gemverkernel2,1890,9251,1890.0,9251.0,False,1.0212174117053512,0.9120135589913072,2.1217411705351186,8.798644100869279,False,1890,9501,1890.0,9501.0,False,1.0215336086496885,0.8996835579107235,2.153360864968845,10.031644208927649,1.23300010805837,0.012330001080583686,14.00219472844122,2.04644539458545,1.1949811230585423,212.01003584229392,1.2203355295265983,193.35602733040508,1.22071337890625,190.741943359375
strict_global_hindsight,5pct,1.05,gemver,gemver_kernel2,gemver::gemverkernel2,auto,auto,auto,auto,True,1.0,1.0,0.0,0.0,False,1890,9501,1890.0,9501.0,False,1.0215336086496885,0.8996835579107235,2.153360864968845,10.031644208927649,10.031644208927649,0.10031644208927648,0.0,0.0,1.1949811230585423,212.01003584229392,1.1949811230585423,212.01003584229392,1.22071337890625,190.741943359375
strict_loko_global_fixed_clock,5pct,1.05,gemver,gemver_kernel2,gemver::gemverkernel2,auto,auto,auto,auto,True,1.0,1.0,0.0,0.0,False,1890,9501,1890.0,9501.0,False,1.0215336086496885,0.8996835579107235,2.153360864968845,10.031644208927649,10.031644208927649,0.10031644208927648,0.0,0.0,1.1949811230585423,212.01003584229392,1.1949811230585423,212.01003584229392,1.22071337890625,190.741943359375
per_kernel_oracle,5pct,1.05,gemver,gemver_kernel2,gemver::gemverkernel2,1890,9501,1890.0,9501.0,False,1.0215336086496885,0.8996835579107235,2.153360864968845,10.031644208927649,False,1890,9501,1890.0,9501.0,False,1.0215336086496885,0.8996835579107235,2.153360864968845,10.031644208927649,0.0,0.0,,,1.1949811230585423,212.01003584229392,1.22071337890625,190.741943359375,1.22071337890625,190.741943359375
best_global_hindsight,5pct,1.05,gemver,gemver_kernel3,gemver::gemverkernel3,1890,9251,1890.0,9251.0,False,1.0298061044720006,0.8997158830942773,2.9806104472000605,10.02841169057227,False,1890,5001,1890.0,5001.0,False,1.0302273712346464,0.7821817436852818,3.022737123464636,21.78182563147182,11.753413940899549,0.11753413940899549,14.000255339153489,2.04647322651319,0.6776776904310111,142.11371645432365,0.6978766224703419,127.86196789951153,0.698162105557107,111.1587545378386
loko_global_fixed_clock,5pct,1.05,gemver,gemver_kernel3,gemver::gemverkernel3,1890,9251,1890.0,9251.0,False,1.0298061044720006,0.8997158830942773,2.9806104472000605,10.02841169057227,False,1890,5001,1890.0,5001.0,False,1.0302273712346464,0.7821817436852818,3.022737123464636,21.78182563147182,11.753413940899549,0.11753413940899549,14.00124787326864,2.046277370665761,0.6776776904310111,142.11371645432365,0.6978766224703419,127.86196789951153,0.698162105557107,111.1587545378386
strict_global_hindsight,5pct,1.05,gemver,gemver_kernel3,gemver::gemverkernel3,auto,auto,auto,auto,True,1.0,1.0,0.0,0.0,False,1890,5001,1890.0,5001.0,False,1.0302273712346464,0.7821817436852818,3.022737123464636,21.78182563147182,21.78182563147182,0.21781825631471818,0.0,0.0,0.6776776904310111,142.11371645432365,0.6776776904310111,142.11371645432365,0.698162105557107,111.1587545378386
strict_loko_global_fixed_clock,5pct,1.05,gemver,gemver_kernel3,gemver::gemverkernel3,auto,auto,auto,auto,True,1.0,1.0,0.0,0.0,False,1890,5001,1890.0,5001.0,False,1.0302273712346464,0.7821817436852818,3.022737123464636,21.78182563147182,21.78182563147182,0.21781825631471818,0.0,0.0,0.6776776904310111,142.11371645432365,0.6776776904310111,142.11371645432365,0.698162105557107,111.1587545378386
per_kernel_oracle,5pct,1.05,gemver,gemver_kernel3,gemver::gemverkernel3,1890,5001,1890.0,5001.0,False,1.0302273712346464,0.7821817436852818,3.022737123464636,21.78182563147182,False,1890,5001,1890.0,5001.0,False,1.0302273712346464,0.7821817436852818,3.022737123464636,21.78182563147182,0.0,0.0,,,0.6776776904310111,142.11371645432365,0.698162105557107,111.1587545378386,0.698162105557107,111.1587545378386
best_global_hindsight,5pct,1.05,gesummv,gesummv_kernel,gesummv::gesummvkernel,1890,9251,1890.0,9251.0,False,1.011579985355716,0.8705299157279994,1.1579985355715916,12.947008427200057,False,1890,5001,1890.0,5001.0,False,1.016146357801476,0.773650206413235,1.6146357801475997,22.6349793586765,9.687970931476443,0.09687970931476442,14.000255339153489,2.04647322651319,1.413187623622492,303.2195535461995,1.4295523156089196,263.96169239565467,1.4360054566341185,234.58587018954623
loko_global_fixed_clock,5pct,1.05,gesummv,gesummv_kernel,gesummv::gesummvkernel,1890,9251,1890.0,9251.0,False,1.011579985355716,0.8705299157279994,1.1579985355715916,12.947008427200057,False,1890,5001,1890.0,5001.0,False,1.016146357801476,0.773650206413235,1.6146357801475997,22.6349793586765,9.687970931476443,0.09687970931476442,14.000817069321414,2.0468617760551755,1.413187623622492,303.2195535461995,1.4295523156089196,263.96169239565467,1.4360054566341185,234.58587018954623
strict_global_hindsight,5pct,1.05,gesummv,gesummv_kernel,gesummv::gesummvkernel,auto,auto,auto,auto,True,1.0,1.0,0.0,0.0,False,1890,5001,1890.0,5001.0,False,1.016146357801476,0.773650206413235,1.6146357801475997,22.6349793586765,22.6349793586765,0.226349793586765,0.0,0.0,1.413187623622492,303.2195535461995,1.413187623622492,303.2195535461995,1.4360054566341185,234.58587018954623
strict_loko_global_fixed_clock,5pct,1.05,gesummv,gesummv_kernel,gesummv::gesummvkernel,auto,auto,auto,auto,True,1.0,1.0,0.0,0.0,False,1890,5001,1890.0,5001.0,False,1.016146357801476,0.773650206413235,1.6146357801475997,22.6349793586765,22.6349793586765,0.226349793586765,0.0,0.0,1.413187623622492,303.2195535461995,1.413187623622492,303.2195535461995,1.4360054566341185,234.58587018954623
per_kernel_oracle,5pct,1.05,gesummv,gesummv_kernel,gesummv::gesummvkernel,1890,5001,1890.0,5001.0,False,1.016146357801476,0.773650206413235,1.6146357801475997,22.6349793586765,False,1890,5001,1890.0,5001.0,False,1.016146357801476,0.773650206413235,1.6146357801475997,22.6349793586765,0.0,0.0,,,1.413187623622492,303.2195535461995,1.4360054566341185,234.58587018954623,1.4360054566341185,234.58587018954623
best_global_hindsight,5pct,1.05,gramschmidt,kernel1,gramschmidt::kernel1,1890,9251,1890.0,9251.0,False,1.0184586972761749,0.8573734507572706,1.8458697276174885,14.262654924272944,False,1890,810,1890.0,810.0,False,1.0313127155985131,0.4846913162271925,3.131271559851312,51.53086837728075,37.2682134530078,0.37268213453007804,14.000255339153489,2.04647322651319,0.0796207363291824,12.213621452912513,0.08109043139798892,10.47163477132663,0.08211387780160229,5.919836257912841
loko_global_fixed_clock,5pct,1.05,gramschmidt,kernel1,gramschmidt::kernel1,1890,9251,1890.0,9251.0,False,1.0184586972761749,0.8573734507572706,1.8458697276174885,14.262654924272944,False,1890,810,1890.0,810.0,False,1.0313127155985131,0.4846913162271925,3.131271559851312,51.53086837728075,37.2682134530078,0.37268213453007804,14.000249705038437,2.0464781671965415,0.0796207363291824,12.213621452912513,0.08109043139798892,10.47163477132663,0.08211387780160229,5.919836257912841
strict_global_hindsight,5pct,1.05,gramschmidt,kernel1,gramschmidt::kernel1,auto,auto,auto,auto,True,1.0,1.0,0.0,0.0,False,1890,810,1890.0,810.0,False,1.0313127155985131,0.4846913162271925,3.131271559851312,51.53086837728075,51.53086837728075,0.5153086837728075,0.0,0.0,0.0796207363291824,12.213621452912513,0.0796207363291824,12.213621452912513,0.08211387780160229,5.919836257912841
strict_loko_global_fixed_clock,5pct,1.05,gramschmidt,kernel1,gramschmidt::kernel1,auto,auto,auto,auto,True,1.0,1.0,0.0,0.0,False,1890,810,1890.0,810.0,False,1.0313127155985131,0.4846913162271925,3.131271559851312,51.53086837728075,51.53086837728075,0.5153086837728075,0.0,0.0,0.0796207363291824,12.213621452912513,0.0796207363291824,12.213621452912513,0.08211387780160229,5.919836257912841
per_kernel_oracle,5pct,1.05,gramschmidt,kernel1,gramschmidt::kernel1,1890,810,1890.0,810.0,False,1.0313127155985131,0.4846913162271925,3.131271559851312,51.53086837728075,False,1890,810,1890.0,810.0,False,1.0313127155985131,0.4846913162271925,3.131271559851312,51.53086837728075,0.0,0.0,,,0.0796207363291824,12.213621452912513,0.08211387780160229,5.919836257912841,0.08211387780160229,5.919836257912841
best_global_hindsight,5pct,1.05,gramschmidt,kernel2,gramschmidt::kernel2,1890,9251,1890.0,9251.0,False,0.8837361831074014,1.0474359332827363,-11.626381689259857,-4.743593328273632,False,1890,810,1890.0,810.0,False,0.9857399485895656,0.6479672443109288,-1.4260051410434404,35.203275568907124,39.94686889718076,0.39946868897180754,14.000255339153489,2.04647322651319,0.0068690622239501,0.7647887149798805,0.0060704388313209,0.8010671814390558,0.006771109043495099,0.49555803612560956
loko_global_fixed_clock,5pct,1.05,gramschmidt,kernel2,gramschmidt::kernel2,1890,9251,1890.0,9251.0,False,0.8837361831074014,1.0474359332827363,-11.626381689259857,-4.743593328273632,False,1890,810,1890.0,810.0,False,0.9857399485895656,0.6479672443109288,-1.4260051410434404,35.203275568907124,39.94686889718076,0.39946868897180754,14.000280539679933,2.046502278056539,0.0068690622239501,0.7647887149798805,0.0060704388313209,0.8010671814390558,0.006771109043495099,0.49555803612560956
strict_global_hindsight,5pct,1.05,gramschmidt,kernel2,gramschmidt::kernel2,auto,auto,auto,auto,True,1.0,1.0,0.0,0.0,False,1890,810,1890.0,810.0,False,0.9857399485895656,0.6479672443109288,-1.4260051410434404,35.203275568907124,35.203275568907124,0.3520327556890712,0.0,0.0,0.0068690622239501,0.7647887149798805,0.0068690622239501,0.7647887149798805,0.006771109043495099,0.49555803612560956
strict_loko_global_fixed_clock,5pct,1.05,gramschmidt,kernel2,gramschmidt::kernel2,auto,auto,auto,auto,True,1.0,1.0,0.0,0.0,False,1890,810,1890.0,810.0,False,0.9857399485895656,0.6479672443109288,-1.4260051410434404,35.203275568907124,35.203275568907124,0.3520327556890712,0.0,0.0,0.0068690622239501,0.7647887149798805,0.0068690622239501,0.7647887149798805,0.006771109043495099,0.49555803612560956
per_kernel_oracle,5pct,1.05,gramschmidt,kernel2,gramschmidt::kernel2,1890,810,1890.0,810.0,False,0.9857399485895656,0.6479672443109288,-1.4260051410434404,35.203275568907124,False,1890,810,1890.0,810.0,False,0.9857399485895656,0.6479672443109288,-1.4260051410434404,35.203275568907124,0.0,0.0,,,0.0068690622239501,0.7647887149798805,0.006771109043495099,0.49555803612560956,0.006771109043495099,0.49555803612560956
best_global_hindsight,5pct,1.05,gramschmidt,kernel3,gramschmidt::kernel3,1890,9251,1890.0,9251.0,False,1.0170789387973531,0.9210563526898712,1.7078938797353116,7.894364731012882,False,1890,9251,1890.0,9251.0,False,1.0170789387973531,0.9210563526898712,1.7078938797353116,7.894364731012882,0.0,0.0,14.000255339153489,2.04647322651319,1.1533431734317343,177.33694649446494,1.17304105090312,163.33732113535072,1.17304105090312,163.33732113535072
loko_global_fixed_clock,5pct,1.05,gramschmidt,kernel3,gramschmidt::kernel3,1890,9251,1890.0,9251.0,False,1.0170789387973531,0.9210563526898712,1.7078938797353116,7.894364731012882,False,1890,9251,1890.0,9251.0,False,1.0170789387973531,0.9210563526898712,1.7078938797353116,7.894364731012882,0.0,0.0,14.002159450965056,2.046594059526674,1.1533431734317343,177.33694649446494,1.17304105090312,163.33732113535072,1.17304105090312,163.33732113535072
strict_global_hindsight,5pct,1.05,gramschmidt,kernel3,gramschmidt::kernel3,auto,auto,auto,auto,True,1.0,1.0,0.0,0.0,False,1890,9251,1890.0,9251.0,False,1.0170789387973531,0.9210563526898712,1.7078938797353116,7.894364731012882,7.894364731012882,0.07894364731012882,0.0,0.0,1.1533431734317343,177.33694649446494,1.1533431734317343,177.33694649446494,1.17304105090312,163.33732113535072
strict_loko_global_fixed_clock,5pct,1.05,gramschmidt,kernel3,gramschmidt::kernel3,auto,auto,auto,auto,True,1.0,1.0,0.0,0.0,False,1890,9251,1890.0,9251.0,False,1.0170789387973531,0.9210563526898712,1.7078938797353116,7.894364731012882,7.894364731012882,0.07894364731012882,0.0,0.0,1.1533431734317343,177.33694649446494,1.1533431734317343,177.33694649446494,1.17304105090312,163.33732113535072
per_kernel_oracle,5pct,1.05,gramschmidt,kernel3,gramschmidt::kernel3,1890,9251,1890.0,9251.0,False,1.0170789387973531,0.9210563526898712,1.7078938797353116,7.894364731012882,False,1890,9251,1890.0,9251.0,False,1.0170789387973531,0.9210563526898712,1.7078938797353116,7.894364731012882,0.0,0.0,,,1.1533431734317343,177.33694649446494,1.17304105090312,163.33732113535072,1.17304105090312,163.33732113535072
best_global_hindsight,5pct,1.05,hotspot3d,hotspotOpt1,hotspot3d::hotspotopt1,1890,9251,1890.0,9251.0,False,1.000557090258683,0.8767512726109138,0.055709025868289075,12.32487273890862,False,1050,9251,1050.0,9251.0,False,1.043948819986826,0.6167030337108534,4.394881998682609,38.329696628914654,26.004823890006033,0.26004823890006035,14.000255339153489,2.04647322651319,0.0382728219102585,13.520491113118291,0.03829414332651701,11.854107789751012,0.039954867270780306,8.338127886720685
loko_global_fixed_clock,5pct,1.05,hotspot3d,hotspotOpt1,hotspot3d::hotspotopt1,1890,9251,1890.0,9251.0,False,1.000557090258683,0.8767512726109138,0.055709025868289075,12.32487273890862,False,1050,9251,1050.0,9251.0,False,1.043948819986826,0.6167030337108534,4.394881998682609,38.329696628914654,26.004823890006033,0.26004823890006035,14.00029516138378,2.0464967947491974,0.0382728219102585,13.520491113118291,0.03829414332651701,11.854107789751012,0.039954867270780306,8.338127886720685
strict_global_hindsight,5pct,1.05,hotspot3d,hotspotOpt1,hotspot3d::hotspotopt1,auto,auto,auto,auto,True,1.0,1.0,0.0,0.0,False,1050,9251,1050.0,9251.0,False,1.043948819986826,0.6167030337108534,4.394881998682609,38.329696628914654,38.329696628914654,0.38329696628914656,0.0,0.0,0.0382728219102585,13.520491113118291,0.0382728219102585,13.520491113118291,0.039954867270780306,8.338127886720685
strict_loko_global_fixed_clock,5pct,1.05,hotspot3d,hotspotOpt1,hotspot3d::hotspotopt1,auto,auto,auto,auto,True,1.0,1.0,0.0,0.0,False,1050,9251,1050.0,9251.0,False,1.043948819986826,0.6167030337108534,4.394881998682609,38.329696628914654,38.329696628914654,0.38329696628914656,0.0,0.0,0.0382728219102585,13.520491113118291,0.0382728219102585,13.520491113118291,0.039954867270780306,8.338127886720685
per_kernel_oracle,5pct,1.05,hotspot3d,hotspotOpt1,hotspot3d::hotspotopt1,1050,9251,1050.0,9251.0,False,1.043948819986826,0.6167030337108534,4.394881998682609,38.329696628914654,False,1050,9251,1050.0,9251.0,False,1.043948819986826,0.6167030337108534,4.394881998682609,38.329696628914654,0.0,0.0,,,0.0382728219102585,13.520491113118291,0.039954867270780306,8.338127886720685,0.039954867270780306,8.338127886720685
best_global_hindsight,5pct,1.05,hotspot,calculate_temp,hotspot::calculatetemp,1890,9251,1890.0,9251.0,False,1.0186369592457416,0.9154750446023208,1.8636959245741602,8.452495539767924,False,1890,810,1890.0,810.0,False,1.0470250180979768,0.6545252712531346,4.702501809797677,34.547472874686534,26.09497733491861,0.2609497733491861,14.000255339153489,2.04647322651319,0.0092787035834245,2.4721231465845195,0.009451630403962099,2.2631670478818924,0.009715034787360799,1.6180670730893854
loko_global_fixed_clock,5pct,1.05,hotspot,calculate_temp,hotspot::calculatetemp,1890,9251,1890.0,9251.0,False,1.0186369592457416,0.9154750446023208,1.8636959245741602,8.452495539767924,False,1890,810,1890.0,810.0,False,1.0470250180979768,0.6545252712531346,4.702501809797677,34.547472874686534,26.09497733491861,0.2609497733491861,14.00027944922102,2.0464737511061593,0.0092787035834245,2.4721231465845195,0.009451630403962099,2.2631670478818924,0.009715034787360799,1.6180670730893854
strict_global_hindsight,5pct,1.05,hotspot,calculate_temp,hotspot::calculatetemp,auto,auto,auto,auto,True,1.0,1.0,0.0,0.0,False,1890,810,1890.0,810.0,False,1.0470250180979768,0.6545252712531346,4.702501809797677,34.547472874686534,34.547472874686534,0.34547472874686536,0.0,0.0,0.0092787035834245,2.4721231465845195,0.0092787035834245,2.4721231465845195,0.009715034787360799,1.6180670730893854
strict_loko_global_fixed_clock,5pct,1.05,hotspot,calculate_temp,hotspot::calculatetemp,auto,auto,auto,auto,True,1.0,1.0,0.0,0.0,False,1890,810,1890.0,810.0,False,1.0470250180979768,0.6545252712531346,4.702501809797677,34.547472874686534,34.547472874686534,0.34547472874686536,0.0,0.0,0.0092787035834245,2.4721231465845195,0.0092787035834245,2.4721231465845195,0.009715034787360799,1.6180670730893854
per_kernel_oracle,5pct,1.05,hotspot,calculate_temp,hotspot::calculatetemp,1890,810,1890.0,810.0,False,1.0470250180979768,0.6545252712531346,4.702501809797677,34.547472874686534,False,1890,810,1890.0,810.0,False,1.0470250180979768,0.6545252712531346,4.702501809797677,34.547472874686534,0.0,0.0,,,0.0092787035834245,2.4721231465845195,0.009715034787360799,1.6180670730893854,0.009715034787360799,1.6180670730893854
best_global_hindsight,5pct,1.05,jacobi1d,kernel1,jacobi1d::kernel1,1890,9251,1890.0,9251.0,False,1.0197394138707734,1.1530789359477307,1.9739413870773381,-15.30789359477307,False,1890,810,1890.0,810.0,False,1.0348132622429227,0.6483440709065685,3.4813262242922693,35.16559290934315,50.47348650411622,0.5047348650411622,14.000255339153489,2.04647322651319,0.0058807652047093,0.6770520917869283,0.0059968480629619,0.7806945055788566,0.0060854938259699,0.43896270940494475
loko_global_fixed_clock,5pct,1.05,jacobi1d,kernel1,jacobi1d::kernel1,1890,9251,1890.0,9251.0,False,1.0197394138707734,1.1530789359477307,1.9739413870773381,-15.30789359477307,False,1890,810,1890.0,810.0,False,1.0348132622429227,0.6483440709065685,3.4813262242922693,35.16559290934315,50.47348650411622,0.5047348650411622,14.00029022263155,2.0464733584527384,0.0058807652047093,0.6770520917869283,0.0059968480629619,0.7806945055788566,0.0060854938259699,0.43896270940494475
strict_global_hindsight,5pct,1.05,jacobi1d,kernel1,jacobi1d::kernel1,auto,auto,auto,auto,True,1.0,1.0,0.0,0.0,False,1890,810,1890.0,810.0,False,1.0348132622429227,0.6483440709065685,3.4813262242922693,35.16559290934315,35.16559290934315,0.35165592909343146,0.0,0.0,0.0058807652047093,0.6770520917869283,0.0058807652047093,0.6770520917869283,0.0060854938259699,0.43896270940494475
strict_loko_global_fixed_clock,5pct,1.05,jacobi1d,kernel1,jacobi1d::kernel1,auto,auto,auto,auto,True,1.0,1.0,0.0,0.0,False,1890,810,1890.0,810.0,False,1.0348132622429227,0.6483440709065685,3.4813262242922693,35.16559290934315,35.16559290934315,0.35165592909343146,0.0,0.0,0.0058807652047093,0.6770520917869283,0.0058807652047093,0.6770520917869283,0.0060854938259699,0.43896270940494475
per_kernel_oracle,5pct,1.05,jacobi1d,kernel1,jacobi1d::kernel1,1890,810,1890.0,810.0,False,1.0348132622429227,0.6483440709065685,3.4813262242922693,35.16559290934315,False,1890,810,1890.0,810.0,False,1.0348132622429227,0.6483440709065685,3.4813262242922693,35.16559290934315,0.0,0.0,,,0.0058807652047093,0.6770520917869283,0.0060854938259699,0.43896270940494475,0.0060854938259699,0.43896270940494475
best_global_hindsight,5pct,1.05,jacobi1d,kernel2,jacobi1d::kernel2,1890,9251,1890.0,9251.0,False,0.9625615775899268,1.1648014575158503,-3.7438422410073224,-16.480145751585027,False,1470,810,1470.0,810.0,False,1.016036527301774,0.4208644925343379,1.6036527301773962,57.91355074656621,74.39369649815123,0.7439369649815124,14.000255339153489,2.04647322651319,0.0063036988755488,0.6731565192066941,0.0060676983343001005,0.7840936947082537,0.006404788314668701,0.28330767685210656
loko_global_fixed_clock,5pct,1.05,jacobi1d,kernel2,jacobi1d::kernel2,1890,9251,1890.0,9251.0,False,0.9625615775899268,1.1648014575158503,-3.7438422410073224,-16.480145751585027,False,1470,810,1470.0,810.0,False,1.016036527301774,0.4208644925343379,1.6036527301773962,57.91355074656621,74.39369649815123,0.7439369649815124,14.000291409144694,2.0464845169348544,0.0063036988755488,0.6731565192066941,0.0060676983343001005,0.7840936947082537,0.006404788314668701,0.28330767685210656
strict_global_hindsight,5pct,1.05,jacobi1d,kernel2,jacobi1d::kernel2,auto,auto,auto,auto,True,1.0,1.0,0.0,0.0,False,1470,810,1470.0,810.0,False,1.016036527301774,0.4208644925343379,1.6036527301773962,57.91355074656621,57.91355074656621,0.5791355074656621,0.0,0.0,0.0063036988755488,0.6731565192066941,0.0063036988755488,0.6731565192066941,0.006404788314668701,0.28330767685210656
strict_loko_global_fixed_clock,5pct,1.05,jacobi1d,kernel2,jacobi1d::kernel2,auto,auto,auto,auto,True,1.0,1.0,0.0,0.0,False,1470,810,1470.0,810.0,False,1.016036527301774,0.4208644925343379,1.6036527301773962,57.91355074656621,57.91355074656621,0.5791355074656621,0.0,0.0,0.0063036988755488,0.6731565192066941,0.0063036988755488,0.6731565192066941,0.006404788314668701,0.28330767685210656
per_kernel_oracle,5pct,1.05,jacobi1d,kernel2,jacobi1d::kernel2,1470,810,1470.0,810.0,False,1.016036527301774,0.4208644925343379,1.6036527301773962,57.91355074656621,False,1470,810,1470.0,810.0,False,1.016036527301774,0.4208644925343379,1.6036527301773962,57.91355074656621,0.0,0.0,,,0.0063036988755488,0.6731565192066941,0.006404788314668701,0.28330767685210656,0.006404788314668701,0.28330767685210656
best_global_hindsight,5pct,1.05,jacobi2d,kernel1,jacobi2d::kernel1,1890,9251,1890.0,9251.0,False,0.950576613052159,0.8443458995892559,-4.942338694784098,15.565410041074411,False,1050,9501,1050.0,9501.0,False,1.0239790414047896,0.586421499874257,2.397904140478957,41.3578500125743,25.792439971499892,0.2579243997149989,14.000255339153489,2.04647322651319,0.0169041370986554,5.46050367325136,0.0160686773898092,4.610553886201855,0.017309482102056295,3.202156754136952
loko_global_fixed_clock,5pct,1.05,jacobi2d,kernel1,jacobi2d::kernel1,1890,9251,1890.0,9251.0,False,0.950576613052159,0.8443458995892559,-4.942338694784098,15.565410041074411,False,1050,9501,1050.0,9501.0,False,1.0239790414047896,0.586421499874257,2.397904140478957,41.3578500125743,25.792439971499892,0.2579243997149989,14.00024031455307,2.0465097700233192,0.0169041370986554,5.46050367325136,0.0160686773898092,4.610553886201855,0.017309482102056295,3.202156754136952
strict_global_hindsight,5pct,1.05,jacobi2d,kernel1,jacobi2d::kernel1,auto,auto,auto,auto,True,1.0,1.0,0.0,0.0,False,1050,9501,1050.0,9501.0,False,1.0239790414047896,0.586421499874257,2.397904140478957,41.3578500125743,41.3578500125743,0.41357850012574304,0.0,0.0,0.0169041370986554,5.46050367325136,0.0169041370986554,5.46050367325136,0.017309482102056295,3.202156754136952
strict_loko_global_fixed_clock,5pct,1.05,jacobi2d,kernel1,jacobi2d::kernel1,auto,auto,auto,auto,True,1.0,1.0,0.0,0.0,False,1050,9501,1050.0,9501.0,False,1.0239790414047896,0.586421499874257,2.397904140478957,41.3578500125743,41.3578500125743,0.41357850012574304,0.0,0.0,0.0169041370986554,5.46050367325136,0.0169041370986554,5.46050367325136,0.017309482102056295,3.202156754136952
per_kernel_oracle,5pct,1.05,jacobi2d,kernel1,jacobi2d::kernel1,1050,9501,1050.0,9501.0,False,1.0239790414047896,0.586421499874257,2.397904140478957,41.3578500125743,False,1050,9501,1050.0,9501.0,False,1.0239790414047896,0.586421499874257,2.397904140478957,41.3578500125743,0.0,0.0,,,0.0169041370986554,5.46050367325136,0.017309482102056295,3.202156754136952,0.017309482102056295,3.202156754136952
best_global_hindsight,5pct,1.05,jacobi2d,kernel2,jacobi2d::kernel2,1890,9251,1890.0,9251.0,False,0.9547208807819692,0.8555470577567809,-4.527911921803085,14.445294224321914,False,1470,9251,1470.0,9251.0,False,0.9947384895142684,0.6448816867747978,-0.5261510485731646,35.511831322520216,21.066537098198303,0.210665370981983,14.000255339153489,2.04647322651319,0.0164680881897647,4.615767181128919,0.0157224276613273,3.949006031105157,0.016381441171074297,2.976623725526171
loko_global_fixed_clock,5pct,1.05,jacobi2d,kernel2,jacobi2d::kernel2,1890,9251,1890.0,9251.0,False,0.9547208807819692,0.8555470577567809,-4.527911921803085,14.445294224321914,False,1470,9251,1470.0,9251.0,False,0.9947384895142684,0.6448816867747978,-0.5261510485731646,35.511831322520216,21.066537098198303,0.210665370981983,14.000251727931667,2.046506716283547,0.0164680881897647,4.615767181128919,0.0157224276613273,3.949006031105157,0.016381441171074297,2.976623725526171
strict_global_hindsight,5pct,1.05,jacobi2d,kernel2,jacobi2d::kernel2,auto,auto,auto,auto,True,1.0,1.0,0.0,0.0,False,1470,9251,1470.0,9251.0,False,0.9947384895142684,0.6448816867747978,-0.5261510485731646,35.511831322520216,35.511831322520216,0.35511831322520215,0.0,0.0,0.0164680881897647,4.615767181128919,0.0164680881897647,4.615767181128919,0.016381441171074297,2.976623725526171
strict_loko_global_fixed_clock,5pct,1.05,jacobi2d,kernel2,jacobi2d::kernel2,auto,auto,auto,auto,True,1.0,1.0,0.0,0.0,False,1470,9251,1470.0,9251.0,False,0.9947384895142684,0.6448816867747978,-0.5261510485731646,35.511831322520216,35.511831322520216,0.35511831322520215,0.0,0.0,0.0164680881897647,4.615767181128919,0.0164680881897647,4.615767181128919,0.016381441171074297,2.976623725526171
per_kernel_oracle,5pct,1.05,jacobi2d,kernel2,jacobi2d::kernel2,1470,9251,1470.0,9251.0,False,0.9947384895142684,0.6448816867747978,-0.5261510485731646,35.511831322520216,False,1470,9251,1470.0,9251.0,False,0.9947384895142684,0.6448816867747978,-0.5261510485731646,35.511831322520216,0.0,0.0,,,0.0164680881897647,4.615767181128919,0.016381441171074297,2.976623725526171,0.016381441171074297,2.976623725526171
best_global_hindsight,5pct,1.05,kmeans,kmeansPoint,kmeans::kmeanspoint,1890,9251,1890.0,9251.0,False,0.9978259877907564,1.0002558057785031,-0.21740122092436254,-0.025580577850314867,False,1050,9251,1050.0,9251.0,False,1.0416727998787578,0.7149776883150886,4.167279987875783,28.502231168491143,28.527811746341456,0.2852781174634146,14.000255339153489,2.04647322651319,2.374225546058879,794.7644824311491,2.369063950734249,794.967787778304,2.473166172106825,568.2388724035608
loko_global_fixed_clock,5pct,1.05,kmeans,kmeansPoint,kmeans::kmeanspoint,1890,9251,1890.0,9251.0,False,0.9978259877907564,1.0002558057785031,-0.21740122092436254,-0.025580577850314867,False,1050,9251,1050.0,9251.0,False,1.0416727998787578,0.7149776883150886,4.167279987875783,28.502231168491143,28.527811746341456,0.2852781174634146,14.019879143163227,2.0481370413964584,2.374225546058879,794.7644824311491,2.369063950734249,794.967787778304,2.473166172106825,568.2388724035608
strict_global_hindsight,5pct,1.05,kmeans,kmeansPoint,kmeans::kmeanspoint,auto,auto,auto,auto,True,1.0,1.0,0.0,0.0,False,1050,9251,1050.0,9251.0,False,1.0416727998787578,0.7149776883150886,4.167279987875783,28.502231168491143,28.502231168491143,0.28502231168491143,0.0,0.0,2.374225546058879,794.7644824311491,2.374225546058879,794.7644824311491,2.473166172106825,568.2388724035608
strict_loko_global_fixed_clock,5pct,1.05,kmeans,kmeansPoint,kmeans::kmeanspoint,auto,auto,auto,auto,True,1.0,1.0,0.0,0.0,False,1050,9251,1050.0,9251.0,False,1.0416727998787578,0.7149776883150886,4.167279987875783,28.502231168491143,28.502231168491143,0.28502231168491143,0.0,0.0,2.374225546058879,794.7644824311491,2.374225546058879,794.7644824311491,2.473166172106825,568.2388724035608
per_kernel_oracle,5pct,1.05,kmeans,kmeansPoint,kmeans::kmeanspoint,1050,9251,1050.0,9251.0,False,1.0416727998787578,0.7149776883150886,4.167279987875783,28.502231168491143,False,1050,9251,1050.0,9251.0,False,1.0416727998787578,0.7149776883150886,4.167279987875783,28.502231168491143,0.0,0.0,,,2.374225546058879,794.7644824311491,2.473166172106825,568.2388724035608,2.473166172106825,568.2388724035608
best_global_hindsight,5pct,1.05,lavamd,kernel_gpu_cuda,lavamd::kernelgpucuda,1890,9251,1890.0,9251.0,False,1.0017976069402603,1.0005651073897257,0.17976069402603212,-0.05651073897257053,False,1890,810,1890.0,810.0,False,0.961163045926818,0.936196537688285,-3.8836954073181995,6.3803462311714965,6.436856970144067,0.06436856970144067,14.000255339153489,2.04647322651319,0.6408376265538895,217.95347943098807,0.6419896007189627,218.07664655283094,0.6159494450830492,204.0472928204059
loko_global_fixed_clock,5pct,1.05,lavamd,kernel_gpu_cuda,lavamd::kernelgpucuda,1890,9251,1890.0,9251.0,False,1.0017976069402603,1.0005651073897257,0.17976069402603212,-0.05651073897257053,False,1890,810,1890.0,810.0,False,0.961163045926818,0.936196537688285,-3.8836954073181995,6.3803462311714965,6.436856970144067,0.06436856970144067,14.005643300186122,2.0468433299970945,0.6408376265538895,217.95347943098807,0.6419896007189627,218.07664655283094,0.6159494450830492,204.0472928204059
strict_global_hindsight,5pct,1.05,lavamd,kernel_gpu_cuda,lavamd::kernelgpucuda,auto,auto,auto,auto,True,1.0,1.0,0.0,0.0,False,1890,810,1890.0,810.0,False,0.961163045926818,0.936196537688285,-3.8836954073181995,6.3803462311714965,6.3803462311714965,0.06380346231171496,0.0,0.0,0.6408376265538895,217.95347943098807,0.6408376265538895,217.95347943098807,0.6159494450830492,204.0472928204059
strict_loko_global_fixed_clock,5pct,1.05,lavamd,kernel_gpu_cuda,lavamd::kernelgpucuda,auto,auto,auto,auto,True,1.0,1.0,0.0,0.0,False,1890,810,1890.0,810.0,False,0.961163045926818,0.936196537688285,-3.8836954073181995,6.3803462311714965,6.3803462311714965,0.06380346231171496,0.0,0.0,0.6408376265538895,217.95347943098807,0.6408376265538895,217.95347943098807,0.6159494450830492,204.0472928204059
per_kernel_oracle,5pct,1.05,lavamd,kernel_gpu_cuda,lavamd::kernelgpucuda,1890,810,1890.0,810.0,False,0.961163045926818,0.936196537688285,-3.8836954073181995,6.3803462311714965,False,1890,810,1890.0,810.0,False,0.961163045926818,0.936196537688285,-3.8836954073181995,6.3803462311714965,0.0,0.0,,,0.6408376265538895,217.95347943098807,0.6159494450830492,204.0472928204059,0.6159494450830492,204.0472928204059
best_global_hindsight,5pct,1.05,mvt,kernel1,mvt::kernel1,1890,9251,1890.0,9251.0,False,1.003465174277094,0.8472492737190401,0.34651742770939187,15.275072628095987,False,1890,9251,1890.0,9251.0,False,1.003465174277094,0.8472492737190401,0.34651742770939187,15.275072628095987,0.0,0.0,14.000255339153489,2.04647322651319,0.460322592524397,111.79534155772416,0.4619176905311777,94.71852193995382,0.4619176905311777,94.71852193995382
loko_global_fixed_clock,5pct,1.05,mvt,kernel1,mvt::kernel1,1890,9251,1890.0,9251.0,False,1.003465174277094,0.8472492737190401,0.34651742770939187,15.275072628095987,False,1890,9251,1890.0,9251.0,False,1.003465174277094,0.8472492737190401,0.34651742770939187,15.275072628095987,0.0,0.0,14.00000474796178,2.0467153145856676,0.460322592524397,111.79534155772416,0.4619176905311777,94.71852193995382,0.4619176905311777,94.71852193995382
strict_global_hindsight,5pct,1.05,mvt,kernel1,mvt::kernel1,auto,auto,auto,auto,True,1.0,1.0,0.0,0.0,False,1890,9251,1890.0,9251.0,False,1.003465174277094,0.8472492737190401,0.34651742770939187,15.275072628095987,15.275072628095987,0.15275072628095987,0.0,0.0,0.460322592524397,111.79534155772416,0.460322592524397,111.79534155772416,0.4619176905311777,94.71852193995382
strict_loko_global_fixed_clock,5pct,1.05,mvt,kernel1,mvt::kernel1,auto,auto,auto,auto,True,1.0,1.0,0.0,0.0,False,1890,9251,1890.0,9251.0,False,1.003465174277094,0.8472492737190401,0.34651742770939187,15.275072628095987,15.275072628095987,0.15275072628095987,0.0,0.0,0.460322592524397,111.79534155772416,0.460322592524397,111.79534155772416,0.4619176905311777,94.71852193995382
per_kernel_oracle,5pct,1.05,mvt,kernel1,mvt::kernel1,1890,9251,1890.0,9251.0,False,1.003465174277094,0.8472492737190401,0.34651742770939187,15.275072628095987,False,1890,9251,1890.0,9251.0,False,1.003465174277094,0.8472492737190401,0.34651742770939187,15.275072628095987,0.0,0.0,,,0.460322592524397,111.79534155772416,0.4619176905311777,94.71852193995382,0.4619176905311777,94.71852193995382
best_global_hindsight,5pct,1.05,mvt,kernel2,mvt::kernel2,1890,9251,1890.0,9251.0,False,1.0214603254573569,0.8993744341801992,2.1460325457356877,10.062556581980076,False,1890,9501,1890.0,9501.0,False,1.0218398756569445,0.8825798437060893,2.183987565694445,11.742015629391068,1.679459047410992,0.016794590474109916,14.000255339153489,2.04647322651319,1.182297635933806,214.6075650118204,1.207670127988409,193.0125573532963,1.2081188692920997,189.40831118627688
loko_global_fixed_clock,5pct,1.05,mvt,kernel2,mvt::kernel2,1890,9251,1890.0,9251.0,False,1.0214603254573569,0.8993744341801992,2.1460325457356877,10.062556581980076,False,1890,9501,1890.0,9501.0,False,1.0218398756569445,0.8825798437060893,2.183987565694445,11.742015629391068,1.679459047410992,0.016794590474109916,14.001741480722163,2.046436803218743,1.182297635933806,214.6075650118204,1.207670127988409,193.0125573532963,1.2081188692920997,189.40831118627688
strict_global_hindsight,5pct,1.05,mvt,kernel2,mvt::kernel2,auto,auto,auto,auto,True,1.0,1.0,0.0,0.0,False,1890,9501,1890.0,9501.0,False,1.0218398756569445,0.8825798437060893,2.183987565694445,11.742015629391068,11.742015629391068,0.11742015629391067,0.0,0.0,1.182297635933806,214.6075650118204,1.182297635933806,214.6075650118204,1.2081188692920997,189.40831118627688
strict_loko_global_fixed_clock,5pct,1.05,mvt,kernel2,mvt::kernel2,auto,auto,auto,auto,True,1.0,1.0,0.0,0.0,False,1890,9501,1890.0,9501.0,False,1.0218398756569445,0.8825798437060893,2.183987565694445,11.742015629391068,11.742015629391068,0.11742015629391067,0.0,0.0,1.182297635933806,214.6075650118204,1.182297635933806,214.6075650118204,1.2081188692920997,189.40831118627688
per_kernel_oracle,5pct,1.05,mvt,kernel2,mvt::kernel2,1890,9501,1890.0,9501.0,False,1.0218398756569445,0.8825798437060893,2.183987565694445,11.742015629391068,False,1890,9501,1890.0,9501.0,False,1.0218398756569445,0.8825798437060893,2.183987565694445,11.742015629391068,0.0,0.0,,,1.182297635933806,214.6075650118204,1.2081188692920997,189.40831118627688,1.2081188692920997,189.40831118627688
best_global_hindsight,5pct,1.05,myocyte,solver_2,myocyte::solver2,1890,9251,1890.0,9251.0,False,1.023987405363759,0.9369258023318088,2.3987405363758985,6.307419766819122,False,1890,810,1890.0,810.0,False,1.0270785498378054,0.5120725356112346,2.7078549837805443,48.79274643887654,42.48532667205742,0.4248532667205742,14.000255339153489,2.04647322651319,443.8926666666667,62705.25,454.54049999999995,58750.16666666665,455.91263636363635,32109.636363636368
loko_global_fixed_clock,5pct,1.05,myocyte,solver_2,myocyte::solver2,1890,9251,1890.0,9251.0,False,1.023987405363759,0.9369258023318088,2.3987405363758985,6.307419766819122,False,1890,810,1890.0,810.0,False,1.0270785498378054,0.5120725356112346,2.7078549837805443,48.79274643887654,42.48532667205742,0.4248532667205742,14.953321345884852,1.9904065027388063,443.8926666666667,62705.25,454.54049999999995,58750.16666666665,455.91263636363635,32109.636363636368
strict_global_hindsight,5pct,1.05,myocyte,solver_2,myocyte::solver2,auto,auto,auto,auto,True,1.0,1.0,0.0,0.0,False,1890,810,1890.0,810.0,False,1.0270785498378054,0.5120725356112346,2.7078549837805443,48.79274643887654,48.79274643887654,0.48792746438876544,0.0,0.0,443.8926666666667,62705.25,443.8926666666667,62705.25,455.91263636363635,32109.636363636368
strict_loko_global_fixed_clock,5pct,1.05,myocyte,solver_2,myocyte::solver2,auto,auto,auto,auto,True,1.0,1.0,0.0,0.0,False,1890,810,1890.0,810.0,False,1.0270785498378054,0.5120725356112346,2.7078549837805443,48.79274643887654,48.79274643887654,0.48792746438876544,0.0,0.0,443.8926666666667,62705.25,443.8926666666667,62705.25,455.91263636363635,32109.636363636368
per_kernel_oracle,5pct,1.05,myocyte,solver_2,myocyte::solver2,1890,810,1890.0,810.0,False,1.0270785498378054,0.5120725356112346,2.7078549837805443,48.79274643887654,False,1890,810,1890.0,810.0,False,1.0270785498378054,0.5120725356112346,2.7078549837805443,48.79274643887654,0.0,0.0,,,443.8926666666667,62705.25,455.91263636363635,32109.636363636368,455.91263636363635,32109.636363636368
best_global_hindsight,5pct,1.05,nn,euclid,nn::euclid,1890,9251,1890.0,9251.0,False,0.9969577120982148,0.9591836282427836,-0.3042287901785179,4.081637175721642,False,630,9251,630.0,9251.0,False,1.0066291609049676,0.6414606462275406,0.6629160904967568,35.85393537724594,31.772298201524297,0.31772298201524296,14.000255339153489,2.04647322651319,0.1508754978877489,51.16599275799638,0.15041649118584918,49.077582576258955,0.1518756758398639,32.82097077941802
loko_global_fixed_clock,5pct,1.05,nn,euclid,nn::euclid,1890,9251,1890.0,9251.0,False,0.9969577120982148,0.9591836282427836,-0.3042287901785179,4.081637175721642,False,630,9251,630.0,9251.0,False,1.0066291609049676,0.6414606462275406,0.6629160904967568,35.85393537724594,31.772298201524297,0.31772298201524296,14.001147576568151,2.0465829370133193,0.1508754978877489,51.16599275799638,0.15041649118584918,49.077582576258955,0.1518756758398639,32.82097077941802
strict_global_hindsight,5pct,1.05,nn,euclid,nn::euclid,auto,auto,auto,auto,True,1.0,1.0,0.0,0.0,False,630,9251,630.0,9251.0,False,1.0066291609049676,0.6414606462275406,0.6629160904967568,35.85393537724594,35.85393537724594,0.3585393537724594,0.0,0.0,0.1508754978877489,51.16599275799638,0.1508754978877489,51.16599275799638,0.1518756758398639,32.82097077941802
strict_loko_global_fixed_clock,5pct,1.05,nn,euclid,nn::euclid,auto,auto,auto,auto,True,1.0,1.0,0.0,0.0,False,630,9251,630.0,9251.0,False,1.0066291609049676,0.6414606462275406,0.6629160904967568,35.85393537724594,35.85393537724594,0.3585393537724594,0.0,0.0,0.1508754978877489,51.16599275799638,0.1508754978877489,51.16599275799638,0.1518756758398639,32.82097077941802
per_kernel_oracle,5pct,1.05,nn,euclid,nn::euclid,630,9251,630.0,9251.0,False,1.0066291609049676,0.6414606462275406,0.6629160904967568,35.85393537724594,False,630,9251,630.0,9251.0,False,1.0066291609049676,0.6414606462275406,0.6629160904967568,35.85393537724594,0.0,0.0,,,0.1508754978877489,51.16599275799638,0.1518756758398639,32.82097077941802,0.1518756758398639,32.82097077941802
best_global_hindsight,5pct,1.05,nw,shared_1,nw::shared1,1890,9251,1890.0,9251.0,False,1.0306387417145522,0.9193302655972504,3.0638741714552165,8.06697344027496,False,1950,810,1950.0,810.0,False,1.033839619869209,0.6301852597098004,3.3839619869209026,36.98147402901996,28.914500588744996,0.28914500588744996,14.000255339153489,2.04647322651319,0.0088833896835563,1.458549273428575,0.0091555655656205,1.3408884909277685,0.0091840002135979,0.9191562526751272
loko_global_fixed_clock,5pct,1.05,nw,shared_1,nw::shared1,1890,9251,1890.0,9251.0,False,1.0306387417145522,0.9193302655972504,3.0638741714552165,8.06697344027496,False,1950,810,1950.0,810.0,False,1.033839619869209,0.6301852597098004,3.3839619869209026,36.98147402901996,28.914500588744996,0.28914500588744996,14.000270552543215,2.046470430857572,0.0088833896835563,1.458549273428575,0.0091555655656205,1.3408884909277685,0.0091840002135979,0.9191562526751272
strict_global_hindsight,5pct,1.05,nw,shared_1,nw::shared1,auto,auto,auto,auto,True,1.0,1.0,0.0,0.0,False,1950,810,1950.0,810.0,False,1.033839619869209,0.6301852597098004,3.3839619869209026,36.98147402901996,36.98147402901996,0.36981474029019956,0.0,0.0,0.0088833896835563,1.458549273428575,0.0088833896835563,1.458549273428575,0.0091840002135979,0.9191562526751272
strict_loko_global_fixed_clock,5pct,1.05,nw,shared_1,nw::shared1,auto,auto,auto,auto,True,1.0,1.0,0.0,0.0,False,1950,810,1950.0,810.0,False,1.033839619869209,0.6301852597098004,3.3839619869209026,36.98147402901996,36.98147402901996,0.36981474029019956,0.0,0.0,0.0088833896835563,1.458549273428575,0.0088833896835563,1.458549273428575,0.0091840002135979,0.9191562526751272
per_kernel_oracle,5pct,1.05,nw,shared_1,nw::shared1,1950,810,1950.0,810.0,False,1.033839619869209,0.6301852597098004,3.3839619869209026,36.98147402901996,False,1950,810,1950.0,810.0,False,1.033839619869209,0.6301852597098004,3.3839619869209026,36.98147402901996,0.0,0.0,,,0.0088833896835563,1.458549273428575,0.0091840002135979,0.9191562526751272,0.0091840002135979,0.9191562526751272
best_global_hindsight,5pct,1.05,nw,shared_2,nw::shared2,1890,9251,1890.0,9251.0,False,1.0262975024875869,0.9368853917152984,2.629750248758689,6.311460828470161,False,1950,5001,1950.0,5001.0,False,1.0056496886730932,0.8379817954244907,0.5649688673093234,16.20182045755093,9.89035962908077,0.0989035962908077,14.000255339153489,2.04647322651319,0.0084325397762344,1.4027999365873896,0.0086542945119766,1.3142627680878722,0.0084801810006936,1.1755208094828624
loko_global_fixed_clock,5pct,1.05,nw,shared_2,nw::shared2,1890,9251,1890.0,9251.0,False,1.0262975024875869,0.9368853917152984,2.629750248758689,6.311460828470161,False,1950,5001,1950.0,5001.0,False,1.0056496886730932,0.8379817954244907,0.5649688673093234,16.20182045755093,9.89035962908077,0.0989035962908077,14.000274300267613,2.046471705104036,0.0084325397762344,1.4027999365873896,0.0086542945119766,1.3142627680878722,0.0084801810006936,1.1755208094828624
strict_global_hindsight,5pct,1.05,nw,shared_2,nw::shared2,auto,auto,auto,auto,True,1.0,1.0,0.0,0.0,False,1950,5001,1950.0,5001.0,False,1.0056496886730932,0.8379817954244907,0.5649688673093234,16.20182045755093,16.20182045755093,0.1620182045755093,0.0,0.0,0.0084325397762344,1.4027999365873896,0.0084325397762344,1.4027999365873896,0.0084801810006936,1.1755208094828624
strict_loko_global_fixed_clock,5pct,1.05,nw,shared_2,nw::shared2,auto,auto,auto,auto,True,1.0,1.0,0.0,0.0,False,1950,5001,1950.0,5001.0,False,1.0056496886730932,0.8379817954244907,0.5649688673093234,16.20182045755093,16.20182045755093,0.1620182045755093,0.0,0.0,0.0084325397762344,1.4027999365873896,0.0084325397762344,1.4027999365873896,0.0084801810006936,1.1755208094828624
per_kernel_oracle,5pct,1.05,nw,shared_2,nw::shared2,1950,5001,1950.0,5001.0,False,1.0056496886730932,0.8379817954244907,0.5649688673093234,16.20182045755093,False,1950,5001,1950.0,5001.0,False,1.0056496886730932,0.8379817954244907,0.5649688673093234,16.20182045755093,0.0,0.0,,,0.0084325397762344,1.4027999365873896,0.0084801810006936,1.1755208094828624,0.0084801810006936,1.1755208094828624
best_global_hindsight,5pct,1.05,particlefilter,find_index,particlefilter::findindex,1890,9251,1890.0,9251.0,False,1.0317541021155705,0.906318591528272,3.1754102115570504,9.368140847172802,False,1890,810,1890.0,810.0,False,1.0317783427398513,0.5782413411629568,3.177834273985125,42.17586588370432,32.807725036531515,0.3280772503653152,14.000255339153489,2.04647322651319,28.80391379310345,5425.362068965517,29.71855621301775,4917.10650887574,29.71925443786982,3137.1686390532545
loko_global_fixed_clock,5pct,1.05,particlefilter,find_index,particlefilter::findindex,1890,9251,1890.0,9251.0,False,1.0317541021155705,0.906318591528272,3.1754102115570504,9.368140847172802,False,1890,810,1890.0,810.0,False,1.0317783427398513,0.5782413411629568,3.177834273985125,42.17586588370432,32.807725036531515,0.3280772503653152,14.044859851111813,2.036324311671023,28.80391379310345,5425.362068965517,29.71855621301775,4917.10650887574,29.71925443786982,3137.1686390532545
strict_global_hindsight,5pct,1.05,particlefilter,find_index,particlefilter::findindex,auto,auto,auto,auto,True,1.0,1.0,0.0,0.0,False,1890,810,1890.0,810.0,False,1.0317783427398513,0.5782413411629568,3.177834273985125,42.17586588370432,42.17586588370432,0.4217586588370432,0.0,0.0,28.80391379310345,5425.362068965517,28.80391379310345,5425.362068965517,29.71925443786982,3137.1686390532545
strict_loko_global_fixed_clock,5pct,1.05,particlefilter,find_index,particlefilter::findindex,auto,auto,auto,auto,True,1.0,1.0,0.0,0.0,False,1890,810,1890.0,810.0,False,1.0317783427398513,0.5782413411629568,3.177834273985125,42.17586588370432,42.17586588370432,0.4217586588370432,0.0,0.0,28.80391379310345,5425.362068965517,28.80391379310345,5425.362068965517,29.71925443786982,3137.1686390532545
per_kernel_oracle,5pct,1.05,particlefilter,find_index,particlefilter::findindex,1890,810,1890.0,810.0,False,1.0317783427398513,0.5782413411629568,3.177834273985125,42.17586588370432,False,1890,810,1890.0,810.0,False,1.0317783427398513,0.5782413411629568,3.177834273985125,42.17586588370432,0.0,0.0,,,28.80391379310345,5425.362068965517,29.71925443786982,3137.1686390532545,29.71925443786982,3137.1686390532545
best_global_hindsight,5pct,1.05,particlefilter,likelihood,particlefilter::likelihood,1890,9251,1890.0,9251.0,False,1.0296654560755911,0.9049199835374726,2.9665456075591123,9.50800164625274,False,1890,5001,1890.0,5001.0,False,1.0410103721010902,0.7816149815450181,4.101037210109015,21.838501845498193,12.330500199245453,0.12330500199245453,14.000255339153489,2.04647322651319,6.209976426799008,1225.0111662531017,6.39419820971867,1108.537084398977,6.464649870801034,957.4870801033592
loko_global_fixed_clock,5pct,1.05,particlefilter,likelihood,particlefilter::likelihood,1890,9251,1890.0,9251.0,False,1.0296654560755911,0.9049199835374726,2.9665456075591123,9.50800164625274,False,1890,5001,1890.0,5001.0,False,1.0410103721010902,0.7816149815450181,4.101037210109015,21.838501845498193,12.330500199245453,0.12330500199245453,14.009950374138814,2.0447024709775885,6.209976426799008,1225.0111662531017,6.39419820971867,1108.537084398977,6.464649870801034,957.4870801033592
strict_global_hindsight,5pct,1.05,particlefilter,likelihood,particlefilter::likelihood,auto,auto,auto,auto,True,1.0,1.0,0.0,0.0,False,1890,5001,1890.0,5001.0,False,1.0410103721010902,0.7816149815450181,4.101037210109015,21.838501845498193,21.838501845498193,0.21838501845498193,0.0,0.0,6.209976426799008,1225.0111662531017,6.209976426799008,1225.0111662531017,6.464649870801034,957.4870801033592
strict_loko_global_fixed_clock,5pct,1.05,particlefilter,likelihood,particlefilter::likelihood,auto,auto,auto,auto,True,1.0,1.0,0.0,0.0,False,1890,5001,1890.0,5001.0,False,1.0410103721010902,0.7816149815450181,4.101037210109015,21.838501845498193,21.838501845498193,0.21838501845498193,0.0,0.0,6.209976426799008,1225.0111662531017,6.209976426799008,1225.0111662531017,6.464649870801034,957.4870801033592
per_kernel_oracle,5pct,1.05,particlefilter,likelihood,particlefilter::likelihood,1890,5001,1890.0,5001.0,False,1.0410103721010902,0.7816149815450181,4.101037210109015,21.838501845498193,False,1890,5001,1890.0,5001.0,False,1.0410103721010902,0.7816149815450181,4.101037210109015,21.838501845498193,0.0,0.0,,,6.209976426799008,1225.0111662531017,6.464649870801034,957.4870801033592,6.464649870801034,957.4870801033592
best_global_hindsight,5pct,1.05,particlefilter,normalize_weights,particlefilter::normalizeweights,1890,9251,1890.0,9251.0,False,1.0320205841806112,0.9200545937515896,3.2020584180611156,7.99454062484104,False,1890,810,1890.0,810.0,False,1.0321059419187404,0.4986840985114477,3.210594191874039,50.13159014885523,42.13704952401419,0.4213704952401419,14.000255339153489,2.04647322651319,7.351093979441997,1018.2613803230544,7.586480303030304,936.8560606060606,7.587107775785165,507.7907584954247
loko_global_fixed_clock,5pct,1.05,particlefilter,normalize_weights,particlefilter::normalizeweights,1890,9251,1890.0,9251.0,False,1.0320205841806112,0.9200545937515896,3.2020584180611156,7.99454062484104,False,1890,810,1890.0,810.0,False,1.0321059419187404,0.4986840985114477,3.210594191874039,50.13159014885523,42.13704952401419,0.4213704952401419,14.011025219298645,2.0438395997805614,7.351093979441997,1018.2613803230544,7.586480303030304,936.8560606060606,7.587107775785165,507.7907584954247
strict_global_hindsight,5pct,1.05,particlefilter,normalize_weights,particlefilter::normalizeweights,auto,auto,auto,auto,True,1.0,1.0,0.0,0.0,False,1890,810,1890.0,810.0,False,1.0321059419187404,0.4986840985114477,3.210594191874039,50.13159014885523,50.13159014885523,0.5013159014885523,0.0,0.0,7.351093979441997,1018.2613803230544,7.351093979441997,1018.2613803230544,7.587107775785165,507.7907584954247
strict_loko_global_fixed_clock,5pct,1.05,particlefilter,normalize_weights,particlefilter::normalizeweights,auto,auto,auto,auto,True,1.0,1.0,0.0,0.0,False,1890,810,1890.0,810.0,False,1.0321059419187404,0.4986840985114477,3.210594191874039,50.13159014885523,50.13159014885523,0.5013159014885523,0.0,0.0,7.351093979441997,1018.2613803230544,7.351093979441997,1018.2613803230544,7.587107775785165,507.7907584954247
per_kernel_oracle,5pct,1.05,particlefilter,normalize_weights,particlefilter::normalizeweights,1890,810,1890.0,810.0,False,1.0321059419187404,0.4986840985114477,3.210594191874039,50.13159014885523,False,1890,810,1890.0,810.0,False,1.0321059419187404,0.4986840985114477,3.210594191874039,50.13159014885523,0.0,0.0,,,7.351093979441997,1018.2613803230544,7.587107775785165,507.7907584954247,7.587107775785165,507.7907584954247
best_global_hindsight,5pct,1.05,particlefilter,sum,particlefilter::sum,1890,9251,1890.0,9251.0,False,1.0196910885052914,0.909391419234494,1.9691088505291443,9.060858076550604,False,1890,810,1890.0,810.0,False,1.0396931146207873,0.4992882772708011,3.9693114620787284,50.07117227291988,41.01031419636928,0.41010314196369285,14.000255339153489,2.04647322651319,0.0117943472199616,1.6474419306824428,0.012026590754932,1.4981695554497214,0.0122625015960409,0.8225484434741194
loko_global_fixed_clock,5pct,1.05,particlefilter,sum,particlefilter::sum,1890,9251,1890.0,9251.0,False,1.0196910885052914,0.909391419234494,1.9691088505291443,9.060858076550604,False,1890,810,1890.0,810.0,False,1.0396931146207873,0.4992882772708011,3.9693114620787284,50.07117227291988,41.01031419636928,0.41010314196369285,14.000269644359587,2.046473508759439,0.0117943472199616,1.6474419306824428,0.012026590754932,1.4981695554497214,0.0122625015960409,0.8225484434741194
strict_global_hindsight,5pct,1.05,particlefilter,sum,particlefilter::sum,auto,auto,auto,auto,True,1.0,1.0,0.0,0.0,False,1890,810,1890.0,810.0,False,1.0396931146207873,0.4992882772708011,3.9693114620787284,50.07117227291988,50.07117227291988,0.5007117227291988,0.0,0.0,0.0117943472199616,1.6474419306824428,0.0117943472199616,1.6474419306824428,0.0122625015960409,0.8225484434741194
strict_loko_global_fixed_clock,5pct,1.05,particlefilter,sum,particlefilter::sum,auto,auto,auto,auto,True,1.0,1.0,0.0,0.0,False,1890,810,1890.0,810.0,False,1.0396931146207873,0.4992882772708011,3.9693114620787284,50.07117227291988,50.07117227291988,0.5007117227291988,0.0,0.0,0.0117943472199616,1.6474419306824428,0.0117943472199616,1.6474419306824428,0.0122625015960409,0.8225484434741194
per_kernel_oracle,5pct,1.05,particlefilter,sum,particlefilter::sum,1890,810,1890.0,810.0,False,1.0396931146207873,0.4992882772708011,3.9693114620787284,50.07117227291988,False,1890,810,1890.0,810.0,False,1.0396931146207873,0.4992882772708011,3.9693114620787284,50.07117227291988,0.0,0.0,,,0.0117943472199616,1.6474419306824428,0.0122625015960409,0.8225484434741194,0.0122625015960409,0.8225484434741194
best_global_hindsight,5pct,1.05,pathfinder,dynproc,pathfinder::dynproc,1890,9251,1890.0,9251.0,False,0.9763774072280028,0.8750743783194054,-2.3622592771997186,12.492562168059463,False,1890,9251,1890.0,9251.0,False,0.9763774072280028,0.8750743783194054,-2.3622592771997186,12.492562168059463,0.0,0.0,14.000255339153489,2.04647322651319,0.0196384567346025,6.037481883559895,0.019174545468490498,5.283245705870848,0.019174545468490498,5.283245705870848
loko_global_fixed_clock,5pct,1.05,pathfinder,dynproc,pathfinder::dynproc,1890,9251,1890.0,9251.0,False,0.9763774072280028,0.8750743783194054,-2.3622592771997186,12.492562168059463,False,1890,9251,1890.0,9251.0,False,0.9763774072280028,0.8750743783194054,-2.3622592771997186,12.492562168059463,0.0,0.0,14.00027134144607,2.04650000804254,0.0196384567346025,6.037481883559895,0.019174545468490498,5.283245705870848,0.019174545468490498,5.283245705870848
strict_global_hindsight,5pct,1.05,pathfinder,dynproc,pathfinder::dynproc,auto,auto,auto,auto,True,1.0,1.0,0.0,0.0,False,1890,9251,1890.0,9251.0,False,0.9763774072280028,0.8750743783194054,-2.3622592771997186,12.492562168059463,12.492562168059463,0.12492562168059462,0.0,0.0,0.0196384567346025,6.037481883559895,0.0196384567346025,6.037481883559895,0.019174545468490498,5.283245705870848
strict_loko_global_fixed_clock,5pct,1.05,pathfinder,dynproc,pathfinder::dynproc,auto,auto,auto,auto,True,1.0,1.0,0.0,0.0,False,1890,9251,1890.0,9251.0,False,0.9763774072280028,0.8750743783194054,-2.3622592771997186,12.492562168059463,12.492562168059463,0.12492562168059462,0.0,0.0,0.0196384567346025,6.037481883559895,0.0196384567346025,6.037481883559895,0.019174545468490498,5.283245705870848
per_kernel_oracle,5pct,1.05,pathfinder,dynproc,pathfinder::dynproc,1890,9251,1890.0,9251.0,False,0.9763774072280028,0.8750743783194054,-2.3622592771997186,12.492562168059463,False,1890,9251,1890.0,9251.0,False,0.9763774072280028,0.8750743783194054,-2.3622592771997186,12.492562168059463,0.0,0.0,,,0.0196384567346025,6.037481883559895,0.019174545468490498,5.283245705870848,0.019174545468490498,5.283245705870848
best_global_hindsight,5pct,1.05,pre_euler3d,compute_flux,preeuler3d::computeflux,1890,9251,1890.0,9251.0,False,0.9947227045552356,0.997618560349764,-0.5277295444764407,0.23814396502359614,False,1935,9251,1935.0,9251.0,False,0.9995602258741704,0.9939541431716576,-0.04397741258296284,0.6045856828342355,0.3664417178106394,0.003664417178106394,14.000255339153489,2.04647322651319,0.0512522730301259,17.42720665867134,0.050981799643130196,17.385704817741527,0.0512297336065573,17.32184426229508
loko_global_fixed_clock,5pct,1.05,pre_euler3d,compute_flux,preeuler3d::computeflux,1890,9251,1890.0,9251.0,False,0.9947227045552356,0.997618560349764,-0.5277295444764407,0.23814396502359614,False,1935,9251,1935.0,9251.0,False,0.9995602258741704,0.9939541431716576,-0.04397741258296284,0.6045856828342355,0.3664417178106394,0.003664417178106394,14.000676972492265,2.0465140372466273,0.0512522730301259,17.42720665867134,0.050981799643130196,17.385704817741527,0.0512297336065573,17.32184426229508
strict_global_hindsight,5pct,1.05,pre_euler3d,compute_flux,preeuler3d::computeflux,auto,auto,auto,auto,True,1.0,1.0,0.0,0.0,False,1935,9251,1935.0,9251.0,False,0.9995602258741704,0.9939541431716576,-0.04397741258296284,0.6045856828342355,0.6045856828342355,0.006045856828342355,0.0,0.0,0.0512522730301259,17.42720665867134,0.0512522730301259,17.42720665867134,0.0512297336065573,17.32184426229508
strict_loko_global_fixed_clock,5pct,1.05,pre_euler3d,compute_flux,preeuler3d::computeflux,auto,auto,auto,auto,True,1.0,1.0,0.0,0.0,False,1935,9251,1935.0,9251.0,False,0.9995602258741704,0.9939541431716576,-0.04397741258296284,0.6045856828342355,0.6045856828342355,0.006045856828342355,0.0,0.0,0.0512522730301259,17.42720665867134,0.0512522730301259,17.42720665867134,0.0512297336065573,17.32184426229508
per_kernel_oracle,5pct,1.05,pre_euler3d,compute_flux,preeuler3d::computeflux,1935,9251,1935.0,9251.0,False,0.9995602258741704,0.9939541431716576,-0.04397741258296284,0.6045856828342355,False,1935,9251,1935.0,9251.0,False,0.9995602258741704,0.9939541431716576,-0.04397741258296284,0.6045856828342355,0.0,0.0,,,0.0512522730301259,17.42720665867134,0.0512297336065573,17.32184426229508,0.0512297336065573,17.32184426229508
best_global_hindsight,5pct,1.05,pre_euler3d,compute_flux_contributions,preeuler3d::computefluxcontributions,1890,9251,1890.0,9251.0,False,0.9671170548091504,0.8650432402204088,-3.2882945190849555,13.49567597795912,False,1890,9251,1890.0,9251.0,False,0.9671170548091504,0.8650432402204088,-3.2882945190849555,13.49567597795912,0.0,0.0,14.000255339153489,2.04647322651319,0.0109878013673192,2.609109748138121,0.010626490097189701,2.256992750620055,0.010626490097189701,2.256992750620055
loko_global_fixed_clock,5pct,1.05,pre_euler3d,compute_flux_contributions,preeuler3d::computefluxcontributions,1890,9251,1890.0,9251.0,False,0.9671170548091504,0.8650432402204088,-3.2882945190849555,13.49567597795912,False,1890,9251,1890.0,9251.0,False,0.9671170548091504,0.8650432402204088,-3.2882945190849555,13.49567597795912,0.0,0.0,14.000257653522553,2.0464913582506794,0.0109878013673192,2.609109748138121,0.010626490097189701,2.256992750620055,0.010626490097189701,2.256992750620055
strict_global_hindsight,5pct,1.05,pre_euler3d,compute_flux_contributions,preeuler3d::computefluxcontributions,auto,auto,auto,auto,True,1.0,1.0,0.0,0.0,False,1890,9251,1890.0,9251.0,False,0.9671170548091504,0.8650432402204088,-3.2882945190849555,13.49567597795912,13.49567597795912,0.1349567597795912,0.0,0.0,0.0109878013673192,2.609109748138121,0.0109878013673192,2.609109748138121,0.010626490097189701,2.256992750620055
strict_loko_global_fixed_clock,5pct,1.05,pre_euler3d,compute_flux_contributions,preeuler3d::computefluxcontributions,auto,auto,auto,auto,True,1.0,1.0,0.0,0.0,False,1890,9251,1890.0,9251.0,False,0.9671170548091504,0.8650432402204088,-3.2882945190849555,13.49567597795912,13.49567597795912,0.1349567597795912,0.0,0.0,0.0109878013673192,2.609109748138121,0.0109878013673192,2.609109748138121,0.010626490097189701,2.256992750620055
per_kernel_oracle,5pct,1.05,pre_euler3d,compute_flux_contributions,preeuler3d::computefluxcontributions,1890,9251,1890.0,9251.0,False,0.9671170548091504,0.8650432402204088,-3.2882945190849555,13.49567597795912,False,1890,9251,1890.0,9251.0,False,0.9671170548091504,0.8650432402204088,-3.2882945190849555,13.49567597795912,0.0,0.0,,,0.0109878013673192,2.609109748138121,0.010626490097189701,2.256992750620055,0.010626490097189701,2.256992750620055
best_global_hindsight,5pct,1.05,pre_euler3d,compute_step_factor,preeuler3d::computestepfactor,1890,9251,1890.0,9251.0,False,1.0858889565554668,0.9212788910458926,8.588895655546679,7.872110895410744,True,1965,810,1965.0,810.0,False,1.0323630270768045,0.7178296729408283,3.2363027076804496,28.217032705917166,20.34492181050642,0.20344921810506422,14.000255339153489,2.04647322651319,0.0072640945028315,1.5152429545646051,0.007888,1.3959613488463811,0.007499182589915102,1.087686354501005
loko_global_fixed_clock,5pct,1.05,pre_euler3d,compute_step_factor,preeuler3d::computestepfactor,1890,9251,1890.0,9251.0,False,1.0858889565554668,0.9212788910458926,8.588895655546679,7.872110895410744,True,1965,810,1965.0,810.0,False,1.0323630270768045,0.7178296729408283,3.2363027076804496,28.217032705917166,20.34492181050642,0.20344921810506422,14.000271662951514,2.0464585259939883,0.0072640945028315,1.5152429545646051,0.007888,1.3959613488463811,0.007499182589915102,1.087686354501005
strict_global_hindsight,5pct,1.05,pre_euler3d,compute_step_factor,preeuler3d::computestepfactor,auto,auto,auto,auto,True,1.0,1.0,0.0,0.0,False,1965,810,1965.0,810.0,False,1.0323630270768045,0.7178296729408283,3.2363027076804496,28.217032705917166,28.217032705917166,0.28217032705917167,0.0,0.0,0.0072640945028315,1.5152429545646051,0.0072640945028315,1.5152429545646051,0.007499182589915102,1.087686354501005
strict_loko_global_fixed_clock,5pct,1.05,pre_euler3d,compute_step_factor,preeuler3d::computestepfactor,1890,9251,1890.0,9251.0,False,1.0858889565554668,0.9212788910458926,8.588895655546679,7.872110895410744,True,1965,810,1965.0,810.0,False,1.0323630270768045,0.7178296729408283,3.2363027076804496,28.217032705917166,20.34492181050642,0.20344921810506422,14.000271662951514,2.0464585259939883,0.0072640945028315,1.5152429545646051,0.007888,1.3959613488463811,0.007499182589915102,1.087686354501005
per_kernel_oracle,5pct,1.05,pre_euler3d,compute_step_factor,preeuler3d::computestepfactor,1965,810,1965.0,810.0,False,1.0323630270768045,0.7178296729408283,3.2363027076804496,28.217032705917166,False,1965,810,1965.0,810.0,False,1.0323630270768045,0.7178296729408283,3.2363027076804496,28.217032705917166,0.0,0.0,,,0.0072640945028315,1.5152429545646051,0.007499182589915102,1.087686354501005,0.007499182589915102,1.087686354501005
best_global_hindsight,5pct,1.05,pre_euler3d,time_step,preeuler3d::timestep,1890,9251,1890.0,9251.0,False,1.004870004951157,0.8647249835985911,0.487000495115697,13.527501640140894,False,1890,9251,1890.0,9251.0,False,1.004870004951157,0.8647249835985911,0.487000495115697,13.527501640140894,0.0,0.0,14.000255339153489,2.04647322651319,0.0080555347902019,1.9303712630418952,0.0080947652845144,1.6692402587730943,0.0080947652845144,1.6692402587730943
loko_global_fixed_clock,5pct,1.05,pre_euler3d,time_step,preeuler3d::timestep,1890,9251,1890.0,9251.0,False,1.004870004951157,0.8647249835985911,0.487000495115697,13.527501640140894,False,1890,9251,1890.0,9251.0,False,1.004870004951157,0.8647249835985911,0.487000495115697,13.527501640140894,0.0,0.0,14.000256943455192,2.0464771123528402,0.0080555347902019,1.9303712630418952,0.0080947652845144,1.6692402587730943,0.0080947652845144,1.6692402587730943
strict_global_hindsight,5pct,1.05,pre_euler3d,time_step,preeuler3d::timestep,auto,auto,auto,auto,True,1.0,1.0,0.0,0.0,False,1890,9251,1890.0,9251.0,False,1.004870004951157,0.8647249835985911,0.487000495115697,13.527501640140894,13.527501640140894,0.13527501640140893,0.0,0.0,0.0080555347902019,1.9303712630418952,0.0080555347902019,1.9303712630418952,0.0080947652845144,1.6692402587730943
strict_loko_global_fixed_clock,5pct,1.05,pre_euler3d,time_step,preeuler3d::timestep,auto,auto,auto,auto,True,1.0,1.0,0.0,0.0,False,1890,9251,1890.0,9251.0,False,1.004870004951157,0.8647249835985911,0.487000495115697,13.527501640140894,13.527501640140894,0.13527501640140893,0.0,0.0,0.0080555347902019,1.9303712630418952,0.0080555347902019,1.9303712630418952,0.0080947652845144,1.6692402587730943
per_kernel_oracle,5pct,1.05,pre_euler3d,time_step,preeuler3d::timestep,1890,9251,1890.0,9251.0,False,1.004870004951157,0.8647249835985911,0.487000495115697,13.527501640140894,False,1890,9251,1890.0,9251.0,False,1.004870004951157,0.8647249835985911,0.487000495115697,13.527501640140894,0.0,0.0,,,0.0080555347902019,1.9303712630418952,0.0080947652845144,1.6692402587730943,0.0080947652845144,1.6692402587730943
best_global_hindsight,5pct,1.05,srad_v1,compress,sradv1::compress,1890,9251,1890.0,9251.0,False,1.0020801870507654,0.871389748005478,0.2080187050765403,12.861025199452204,False,1050,9501,1050.0,9501.0,False,1.0465470233704568,0.6185845200024804,4.65470233704568,38.14154799975196,25.280522800299753,0.25280522800299754,14.000255339153489,2.04647322651319,0.0468210132034834,14.976018353778445,0.046918409668853,13.049948859424411,0.04900039199929441,9.263933124920376
loko_global_fixed_clock,5pct,1.05,srad_v1,compress,sradv1::compress,1890,9251,1890.0,9251.0,False,1.0020801870507654,0.871389748005478,0.2080187050765403,12.861025199452204,False,1050,9501,1050.0,9501.0,False,1.0465470233704568,0.6185845200024804,4.65470233704568,38.14154799975196,25.280522800299753,0.25280522800299754,14.000285332716011,2.0464998528620715,0.0468210132034834,14.976018353778445,0.046918409668853,13.049948859424411,0.04900039199929441,9.263933124920376
strict_global_hindsight,5pct,1.05,srad_v1,compress,sradv1::compress,auto,auto,auto,auto,True,1.0,1.0,0.0,0.0,False,1050,9501,1050.0,9501.0,False,1.0465470233704568,0.6185845200024804,4.65470233704568,38.14154799975196,38.14154799975196,0.38141547999751957,0.0,0.0,0.0468210132034834,14.976018353778445,0.0468210132034834,14.976018353778445,0.04900039199929441,9.263933124920376
strict_loko_global_fixed_clock,5pct,1.05,srad_v1,compress,sradv1::compress,auto,auto,auto,auto,True,1.0,1.0,0.0,0.0,False,1050,9501,1050.0,9501.0,False,1.0465470233704568,0.6185845200024804,4.65470233704568,38.14154799975196,38.14154799975196,0.38141547999751957,0.0,0.0,0.0468210132034834,14.976018353778445,0.0468210132034834,14.976018353778445,0.04900039199929441,9.263933124920376
per_kernel_oracle,5pct,1.05,srad_v1,compress,sradv1::compress,1050,9501,1050.0,9501.0,False,1.0465470233704568,0.6185845200024804,4.65470233704568,38.14154799975196,False,1050,9501,1050.0,9501.0,False,1.0465470233704568,0.6185845200024804,4.65470233704568,38.14154799975196,0.0,0.0,,,0.0468210132034834,14.976018353778445,0.04900039199929441,9.263933124920376,0.04900039199929441,9.263933124920376
best_global_hindsight,5pct,1.05,srad_v1,extract,sradv1::extract,1890,9251,1890.0,9251.0,False,1.00143870938109,0.8770279982252891,0.14387093810899199,12.29720017747109,False,1050,9501,1050.0,9501.0,False,1.0452916273582715,0.6289388730654771,4.5291627358271525,37.10611269345229,24.8089125159812,0.24808912515981196,14.000255339153489,2.04647322651319,0.0467676313229571,14.500636037114637,0.0468349163528728,12.71746379662414,0.0488858134532655,9.120013687915526
loko_global_fixed_clock,5pct,1.05,srad_v1,extract,sradv1::extract,1890,9251,1890.0,9251.0,False,1.00143870938109,0.8770279982252891,0.14387093810899199,12.29720017747109,False,1050,9501,1050.0,9501.0,False,1.0452916273582715,0.6289388730654771,4.5291627358271525,37.10611269345229,24.8089125159812,0.24808912515981196,14.000298753735773,2.046500750497482,0.0467676313229571,14.500636037114637,0.0468349163528728,12.71746379662414,0.0488858134532655,9.120013687915526
strict_global_hindsight,5pct,1.05,srad_v1,extract,sradv1::extract,auto,auto,auto,auto,True,1.0,1.0,0.0,0.0,False,1050,9501,1050.0,9501.0,False,1.0452916273582715,0.6289388730654771,4.5291627358271525,37.10611269345229,37.10611269345229,0.37106112693452287,0.0,0.0,0.0467676313229571,14.500636037114637,0.0467676313229571,14.500636037114637,0.0488858134532655,9.120013687915526
strict_loko_global_fixed_clock,5pct,1.05,srad_v1,extract,sradv1::extract,auto,auto,auto,auto,True,1.0,1.0,0.0,0.0,False,1050,9501,1050.0,9501.0,False,1.0452916273582715,0.6289388730654771,4.5291627358271525,37.10611269345229,37.10611269345229,0.37106112693452287,0.0,0.0,0.0467676313229571,14.500636037114637,0.0467676313229571,14.500636037114637,0.0488858134532655,9.120013687915526
per_kernel_oracle,5pct,1.05,srad_v1,extract,sradv1::extract,1050,9501,1050.0,9501.0,False,1.0452916273582715,0.6289388730654771,4.5291627358271525,37.10611269345229,False,1050,9501,1050.0,9501.0,False,1.0452916273582715,0.6289388730654771,4.5291627358271525,37.10611269345229,0.0,0.0,,,0.0467676313229571,14.500636037114637,0.0488858134532655,9.120013687915526,0.0488858134532655,9.120013687915526
best_global_hindsight,5pct,1.05,srad_v1,prepare,sradv1::prepare,1890,9251,1890.0,9251.0,False,0.9997563528365592,0.8942916838231771,-0.024364716344082993,10.570831617682286,False,630,9251,630.0,9251.0,False,1.029029582116238,0.6160319993732357,2.9029582116238073,38.39680006267643,27.82596844499414,0.2782596844499414,14.000255339153489,2.04647322651319,0.0676408279220779,22.657237554112555,0.06762434742622189,20.26217912304904,0.0696044128906522,13.957583350734318
loko_global_fixed_clock,5pct,1.05,srad_v1,prepare,sradv1::prepare,1890,9251,1890.0,9251.0,False,0.9997563528365592,0.8942916838231771,-0.024364716344082993,10.570831617682286,False,630,9251,630.0,9251.0,False,1.029029582116238,0.6160319993732357,2.9029582116238073,38.39680006267643,27.82596844499414,0.2782596844499414,14.000391940252332,2.046516555221767,0.0676408279220779,22.657237554112555,0.06762434742622189,20.26217912304904,0.0696044128906522,13.957583350734318
strict_global_hindsight,5pct,1.05,srad_v1,prepare,sradv1::prepare,auto,auto,auto,auto,True,1.0,1.0,0.0,0.0,False,630,9251,630.0,9251.0,False,1.029029582116238,0.6160319993732357,2.9029582116238073,38.39680006267643,38.39680006267643,0.3839680006267643,0.0,0.0,0.0676408279220779,22.657237554112555,0.0676408279220779,22.657237554112555,0.0696044128906522,13.957583350734318
strict_loko_global_fixed_clock,5pct,1.05,srad_v1,prepare,sradv1::prepare,auto,auto,auto,auto,True,1.0,1.0,0.0,0.0,False,630,9251,630.0,9251.0,False,1.029029582116238,0.6160319993732357,2.9029582116238073,38.39680006267643,38.39680006267643,0.3839680006267643,0.0,0.0,0.0676408279220779,22.657237554112555,0.0676408279220779,22.657237554112555,0.0696044128906522,13.957583350734318
per_kernel_oracle,5pct,1.05,srad_v1,prepare,sradv1::prepare,630,9251,630.0,9251.0,False,1.029029582116238,0.6160319993732357,2.9029582116238073,38.39680006267643,False,630,9251,630.0,9251.0,False,1.029029582116238,0.6160319993732357,2.9029582116238073,38.39680006267643,0.0,0.0,,,0.0676408279220779,22.657237554112555,0.0696044128906522,13.957583350734318,0.0696044128906522,13.957583350734318
best_global_hindsight,5pct,1.05,srad_v1,reduce,sradv1::reduce,1890,9251,1890.0,9251.0,False,1.0101208551716618,0.8798400264900988,1.0120855171661836,12.015997350990116,False,1890,5001,1890.0,5001.0,False,1.0192639909261505,0.7777434811578363,1.9263990926150498,22.22565188421637,10.209654533226253,0.10209654533226253,14.000255339153489,2.04647322651319,0.1156414265229659,36.027290809010594,0.11681181665264921,31.698252499766376,0.11786914191419141,28.01999057048562
loko_global_fixed_clock,5pct,1.05,srad_v1,reduce,sradv1::reduce,1890,9251,1890.0,9251.0,False,1.0101208551716618,0.8798400264900988,1.0120855171661836,12.015997350990116,False,1890,5001,1890.0,5001.0,False,1.0192639909261505,0.7777434811578363,1.9263990926150498,22.22565188421637,10.209654533226253,0.10209654533226253,14.000381019114661,2.0465102284073833,0.1156414265229659,36.027290809010594,0.11681181665264921,31.698252499766376,0.11786914191419141,28.01999057048562
strict_global_hindsight,5pct,1.05,srad_v1,reduce,sradv1::reduce,auto,auto,auto,auto,True,1.0,1.0,0.0,0.0,False,1890,5001,1890.0,5001.0,False,1.0192639909261505,0.7777434811578363,1.9263990926150498,22.22565188421637,22.22565188421637,0.2222565188421637,0.0,0.0,0.1156414265229659,36.027290809010594,0.1156414265229659,36.027290809010594,0.11786914191419141,28.01999057048562
strict_loko_global_fixed_clock,5pct,1.05,srad_v1,reduce,sradv1::reduce,auto,auto,auto,auto,True,1.0,1.0,0.0,0.0,False,1890,5001,1890.0,5001.0,False,1.0192639909261505,0.7777434811578363,1.9263990926150498,22.22565188421637,22.22565188421637,0.2222565188421637,0.0,0.0,0.1156414265229659,36.027290809010594,0.1156414265229659,36.027290809010594,0.11786914191419141,28.01999057048562
per_kernel_oracle,5pct,1.05,srad_v1,reduce,sradv1::reduce,1890,5001,1890.0,5001.0,False,1.0192639909261505,0.7777434811578363,1.9263990926150498,22.22565188421637,False,1890,5001,1890.0,5001.0,False,1.0192639909261505,0.7777434811578363,1.9263990926150498,22.22565188421637,0.0,0.0,,,0.1156414265229659,36.027290809010594,0.11786914191419141,28.01999057048562,0.11786914191419141,28.01999057048562
best_global_hindsight,5pct,1.05,srad_v1,srad,sradv1::srad,1890,9251,1890.0,9251.0,False,0.9989432546225696,0.9993669730742644,-0.10567453774303903,0.06330269257356358,False,1050,9501,1050.0,9501.0,False,1.0047000764654388,0.7095447120990463,0.4700076465438796,29.045528790095364,28.9822260975218,0.289822260975218,14.000255339153489,2.04647322651319,0.131279491690078,45.71882794654344,0.1311407626940831,45.68988669744021,0.1318965153393653,32.439552612836
loko_global_fixed_clock,5pct,1.05,srad_v1,srad,sradv1::srad,1890,9251,1890.0,9251.0,False,0.9989432546225696,0.9993669730742644,-0.10567453774303903,0.06330269257356358,False,1050,9501,1050.0,9501.0,False,1.0047000764654388,0.7095447120990463,0.4700076465438796,29.045528790095364,28.9822260975218,0.289822260975218,14.001375567628472,2.046560623857996,0.131279491690078,45.71882794654344,0.1311407626940831,45.68988669744021,0.1318965153393653,32.439552612836
strict_global_hindsight,5pct,1.05,srad_v1,srad,sradv1::srad,auto,auto,auto,auto,True,1.0,1.0,0.0,0.0,False,1050,9501,1050.0,9501.0,False,1.0047000764654388,0.7095447120990463,0.4700076465438796,29.045528790095364,29.045528790095364,0.29045528790095365,0.0,0.0,0.131279491690078,45.71882794654344,0.131279491690078,45.71882794654344,0.1318965153393653,32.439552612836
strict_loko_global_fixed_clock,5pct,1.05,srad_v1,srad,sradv1::srad,auto,auto,auto,auto,True,1.0,1.0,0.0,0.0,False,1050,9501,1050.0,9501.0,False,1.0047000764654388,0.7095447120990463,0.4700076465438796,29.045528790095364,29.045528790095364,0.29045528790095365,0.0,0.0,0.131279491690078,45.71882794654344,0.131279491690078,45.71882794654344,0.1318965153393653,32.439552612836
per_kernel_oracle,5pct,1.05,srad_v1,srad,sradv1::srad,1050,9501,1050.0,9501.0,False,1.0047000764654388,0.7095447120990463,0.4700076465438796,29.045528790095364,False,1050,9501,1050.0,9501.0,False,1.0047000764654388,0.7095447120990463,0.4700076465438796,29.045528790095364,0.0,0.0,,,0.131279491690078,45.71882794654344,0.1318965153393653,32.439552612836,0.1318965153393653,32.439552612836
best_global_hindsight,5pct,1.05,srad_v1,srad2,sradv1::srad2,1890,9251,1890.0,9251.0,False,0.9967469228887484,0.979549091708194,-0.32530771112515566,2.045090829180596,False,630,9251,630.0,9251.0,False,1.0195857094655645,0.6649353942614548,1.9585709465564483,33.506460573854525,31.46136974467393,0.3146136974467393,14.000255339153489,2.04647322651319,0.1452390856014175,50.05771632730124,0.1447666116563884,49.03399056139437,0.1480836961350511,33.28514734192211
loko_global_fixed_clock,5pct,1.05,srad_v1,srad2,sradv1::srad2,1890,9251,1890.0,9251.0,False,0.9967469228887484,0.979549091708194,-0.32530771112515566,2.045090829180596,False,630,9251,630.0,9251.0,False,1.0195857094655645,0.6649353942614548,1.9585709465564483,33.506460573854525,31.46136974467393,0.3146136974467393,14.001307479312553,2.0465797852887713,0.1452390856014175,50.05771632730124,0.1447666116563884,49.03399056139437,0.1480836961350511,33.28514734192211
strict_global_hindsight,5pct,1.05,srad_v1,srad2,sradv1::srad2,auto,auto,auto,auto,True,1.0,1.0,0.0,0.0,False,630,9251,630.0,9251.0,False,1.0195857094655645,0.6649353942614548,1.9585709465564483,33.506460573854525,33.506460573854525,0.33506460573854524,0.0,0.0,0.1452390856014175,50.05771632730124,0.1452390856014175,50.05771632730124,0.1480836961350511,33.28514734192211
strict_loko_global_fixed_clock,5pct,1.05,srad_v1,srad2,sradv1::srad2,auto,auto,auto,auto,True,1.0,1.0,0.0,0.0,False,630,9251,630.0,9251.0,False,1.0195857094655645,0.6649353942614548,1.9585709465564483,33.506460573854525,33.506460573854525,0.33506460573854524,0.0,0.0,0.1452390856014175,50.05771632730124,0.1452390856014175,50.05771632730124,0.1480836961350511,33.28514734192211
per_kernel_oracle,5pct,1.05,srad_v1,srad2,sradv1::srad2,630,9251,630.0,9251.0,False,1.0195857094655645,0.6649353942614548,1.9585709465564483,33.506460573854525,False,630,9251,630.0,9251.0,False,1.0195857094655645,0.6649353942614548,1.9585709465564483,33.506460573854525,0.0,0.0,,,0.1452390856014175,50.05771632730124,0.1480836961350511,33.28514734192211,0.1480836961350511,33.28514734192211
best_global_hindsight,5pct,1.05,streamcluster,compute_cost,streamcluster::computecost,1890,9251,1890.0,9251.0,False,1.000024799429613,0.8824330061915627,0.00247994296129761,11.756699380843727,False,630,9251,630.0,9251.0,False,1.0101154559521082,0.6060922487801379,1.0115455952108166,39.39077512198621,27.63407574114248,0.27634075741142483,14.000255339153489,2.04647322651319,0.3867962404270132,126.6268275702019,0.3868058327531522,111.73969211727392,0.3907088607594937,76.74753867791843
loko_global_fixed_clock,5pct,1.05,streamcluster,compute_cost,streamcluster::computecost,1890,9251,1890.0,9251.0,False,1.000024799429613,0.8824330061915627,0.00247994296129761,11.756699380843727,False,630,9251,630.0,9251.0,False,1.0101154559521082,0.6060922487801379,1.0115455952108166,39.39077512198621,27.63407574114248,0.27634075741142483,14.000754876667255,2.0467178089697446,0.3867962404270132,126.6268275702019,0.3868058327531522,111.73969211727392,0.3907088607594937,76.74753867791843
strict_global_hindsight,5pct,1.05,streamcluster,compute_cost,streamcluster::computecost,auto,auto,auto,auto,True,1.0,1.0,0.0,0.0,False,630,9251,630.0,9251.0,False,1.0101154559521082,0.6060922487801379,1.0115455952108166,39.39077512198621,39.39077512198621,0.3939077512198621,0.0,0.0,0.3867962404270132,126.6268275702019,0.3867962404270132,126.6268275702019,0.3907088607594937,76.74753867791843
strict_loko_global_fixed_clock,5pct,1.05,streamcluster,compute_cost,streamcluster::computecost,auto,auto,auto,auto,True,1.0,1.0,0.0,0.0,False,630,9251,630.0,9251.0,False,1.0101154559521082,0.6060922487801379,1.0115455952108166,39.39077512198621,39.39077512198621,0.3939077512198621,0.0,0.0,0.3867962404270132,126.6268275702019,0.3867962404270132,126.6268275702019,0.3907088607594937,76.74753867791843
per_kernel_oracle,5pct,1.05,streamcluster,compute_cost,streamcluster::computecost,630,9251,630.0,9251.0,False,1.0101154559521082,0.6060922487801379,1.0115455952108166,39.39077512198621,False,630,9251,630.0,9251.0,False,1.0101154559521082,0.6060922487801379,1.0115455952108166,39.39077512198621,0.0,0.0,,,0.3867962404270132,126.6268275702019,0.3907088607594937,76.74753867791843,0.3907088607594937,76.74753867791843
best_global_hindsight,5pct,1.05,syr2k,syr2k_kernel,syr2k::syr2kkernel,1890,9251,1890.0,9251.0,False,1.0107876103697415,0.8505090142267198,1.0787610369741518,14.949098577328023,False,1890,810,1890.0,810.0,False,1.0119134704383688,0.6016649081947375,1.1913470438368767,39.83350918052625,24.884410603198226,0.24884410603198226,14.000255339153489,2.04647322651319,15.537757763975156,3970.515527950311,15.705373040752347,3376.959247648903,15.722866381774809,2388.9198606100035
loko_global_fixed_clock,5pct,1.05,syr2k,syr2k_kernel,syr2k::syr2kkernel,1890,9251,1890.0,9251.0,False,1.0107876103697415,0.8505090142267198,1.0787610369741518,14.949098577328023,False,1890,810,1890.0,810.0,False,1.0119134704383688,0.6016649081947375,1.1913470438368767,39.83350918052625,24.884410603198226,0.24884410603198226,13.993585856294043,2.05114668637687,15.537757763975156,3970.515527950311,15.705373040752347,3376.959247648903,15.722866381774809,2388.9198606100035
strict_global_hindsight,5pct,1.05,syr2k,syr2k_kernel,syr2k::syr2kkernel,auto,auto,auto,auto,True,1.0,1.0,0.0,0.0,False,1890,810,1890.0,810.0,False,1.0119134704383688,0.6016649081947375,1.1913470438368767,39.83350918052625,39.83350918052625,0.3983350918052625,0.0,0.0,15.537757763975156,3970.515527950311,15.537757763975156,3970.515527950311,15.722866381774809,2388.9198606100035
strict_loko_global_fixed_clock,5pct,1.05,syr2k,syr2k_kernel,syr2k::syr2kkernel,auto,auto,auto,auto,True,1.0,1.0,0.0,0.0,False,1890,810,1890.0,810.0,False,1.0119134704383688,0.6016649081947375,1.1913470438368767,39.83350918052625,39.83350918052625,0.3983350918052625,0.0,0.0,15.537757763975156,3970.515527950311,15.537757763975156,3970.515527950311,15.722866381774809,2388.9198606100035
per_kernel_oracle,5pct,1.05,syr2k,syr2k_kernel,syr2k::syr2kkernel,1890,810,1890.0,810.0,False,1.0119134704383688,0.6016649081947375,1.1913470438368767,39.83350918052625,False,1890,810,1890.0,810.0,False,1.0119134704383688,0.6016649081947375,1.1913470438368767,39.83350918052625,0.0,0.0,,,15.537757763975156,3970.515527950311,15.722866381774809,2388.9198606100035,15.722866381774809,2388.9198606100035
best_global_hindsight,5pct,1.05,syrk,syrk_kernel,syrk::syrkkernel,1890,9251,1890.0,9251.0,False,1.0132714808607586,0.8585271108611621,1.3271480860758578,14.147288913883793,False,1890,810,1890.0,810.0,False,1.014138600614234,0.598167670355022,1.413860061423411,40.1832329644978,26.035944050614006,0.26035944050614,14.000255339153489,2.04647322651319,7.959238473767885,1987.608903020668,8.06486935483871,1706.416129032258,8.071770967741935,1188.923387096774
loko_global_fixed_clock,5pct,1.05,syrk,syrk_kernel,syrk::syrkkernel,1890,9251,1890.0,9251.0,False,1.0132714808607586,0.8585271108611621,1.3271480860758578,14.147288913883793,False,1890,810,1890.0,810.0,False,1.014138600614234,0.598167670355022,1.413860061423411,40.1832329644978,26.035944050614006,0.26035944050614,13.999739782520027,2.0482485558332764,7.959238473767885,1987.608903020668,8.06486935483871,1706.416129032258,8.071770967741935,1188.923387096774
strict_global_hindsight,5pct,1.05,syrk,syrk_kernel,syrk::syrkkernel,auto,auto,auto,auto,True,1.0,1.0,0.0,0.0,False,1890,810,1890.0,810.0,False,1.014138600614234,0.598167670355022,1.413860061423411,40.1832329644978,40.1832329644978,0.40183232964497795,0.0,0.0,7.959238473767885,1987.608903020668,7.959238473767885,1987.608903020668,8.071770967741935,1188.923387096774
strict_loko_global_fixed_clock,5pct,1.05,syrk,syrk_kernel,syrk::syrkkernel,auto,auto,auto,auto,True,1.0,1.0,0.0,0.0,False,1890,810,1890.0,810.0,False,1.014138600614234,0.598167670355022,1.413860061423411,40.1832329644978,40.1832329644978,0.40183232964497795,0.0,0.0,7.959238473767885,1987.608903020668,7.959238473767885,1987.608903020668,8.071770967741935,1188.923387096774
per_kernel_oracle,5pct,1.05,syrk,syrk_kernel,syrk::syrkkernel,1890,810,1890.0,810.0,False,1.014138600614234,0.598167670355022,1.413860061423411,40.1832329644978,False,1890,810,1890.0,810.0,False,1.014138600614234,0.598167670355022,1.413860061423411,40.1832329644978,0.0,0.0,,,7.959238473767885,1987.608903020668,8.071770967741935,1188.923387096774,8.071770967741935,1188.923387096774
