target_name,feature_set,model,held_out_kernel_id,n_train_rows,n_test_rows,train_s,predict_s,predict_per_row_ms,n_features
time_ratio,ptx,random_forest,2dconv::convolution2dkernel,1640,26,1.0163044249638915,0.25727627403102815,9.895241308885698,59
time_ratio,ptx,random_forest,2mm::mm2kernel1,1641,25,0.9985494939610362,0.26100216899067163,10.440086759626865,59
time_ratio,ptx,random_forest,2mm::mm2kernel2,1640,26,0.9052125390153378,0.27436721115373075,10.55258504437426,59
time_ratio,ptx,random_forest,3mm::mm3kernel1,1641,25,1.032847800059244,0.2595681748352945,10.38272699341178,59
time_ratio,ptx,random_forest,3mm::mm3kernel2,1640,26,0.9407903600949794,0.2627401321660727,10.105389698695104,59
time_ratio,ptx,random_forest,3mm::mm3kernel3,1640,26,0.9509740869980305,0.2653269770089537,10.204883731113604,59
time_ratio,ptx,random_forest,atax::ataxkernel1,1640,26,0.9744003331288695,0.30041848099790514,11.55455696145789,59
time_ratio,ptx,random_forest,atax::ataxkernel2,1640,26,0.9215490550268441,0.26496075512841344,10.190798274169747,59
time_ratio,ptx,random_forest,bicg::bicgkernel1,1640,26,0.9596176880877465,0.23240656801499426,8.938714154422858,59
time_ratio,ptx,random_forest,bicg::bicgkernel2,1641,25,1.0415422378573567,0.27679988695308566,11.071995478123426,59
time_ratio,ptx,random_forest,correlation::corrkernel,1641,25,0.9229624120052904,0.2654056439641863,10.616225758567452,59
time_ratio,ptx,random_forest,correlation::meankernel,1640,26,0.9364437840413302,0.2684374188538641,10.324516109764001,59
time_ratio,ptx,random_forest,correlation::reducekernel,1640,26,0.9910431168973446,0.2522589589934796,9.702267653595369,59
time_ratio,ptx,random_forest,correlation::stdkernel,1640,26,0.9856461840681732,0.27287412411533296,10.495158619820497,59
time_ratio,ptx,random_forest,covariance::covarkernel,1641,25,0.8999467229004949,0.25865291291847825,10.34611651673913,59
time_ratio,ptx,random_forest,covariance::meankernel,1641,25,0.9591326899826527,0.2660784060135484,10.643136240541935,59
time_ratio,ptx,random_forest,covariance::reducekernel,1640,26,0.9519338188692927,0.25551868393085897,9.827641689648422,59
time_ratio,ptx,random_forest,doitgen::kernel1,1641,25,0.9469095761887729,0.24911364796571434,9.964545918628573,59
time_ratio,ptx,random_forest,doitgen::kernel2,1640,26,0.9168360370676965,0.23909573117271066,9.195989660488872,59
time_ratio,ptx,random_forest,euler3d::computeflux,1640,26,0.9708530839998275,0.26275260699912906,10.105869499966502,59
time_ratio,ptx,random_forest,euler3d::computestepfactor,1641,25,0.9986161750275642,0.24566474882885814,9.826589953154325,59
time_ratio,ptx,random_forest,euler3d::timestep,1640,26,0.9504675751086324,0.2649409540463239,10.19003669408938,59
time_ratio,ptx,random_forest,fdtd2d::step1,1640,26,1.0172225448768586,0.2581431521102786,9.928582773472254,59
time_ratio,ptx,random_forest,fdtd2d::step2,1640,26,0.8995057288557291,0.2680506049655378,10.309638652520684,59
time_ratio,ptx,random_forest,fdtd2d::step3,1640,26,0.9856607760302722,0.2872375319711864,11.04759738350717,59
time_ratio,ptx,random_forest,gemm::gemmkernel,1641,25,1.030931944027543,0.26682988996617496,10.673195598646998,59
time_ratio,ptx,random_forest,gemver::gemverkernel1,1640,26,0.9180833559948951,0.258892108919099,9.957388804580729,59
time_ratio,ptx,random_forest,gemver::gemverkernel2,1640,26,1.0329141619149595,0.2700989921577275,10.388422775297212,59
time_ratio,ptx,random_forest,gemver::gemverkernel3,1640,26,0.9283116119913757,0.27839440992102027,10.707477304654626,59
time_ratio,ptx,random_forest,gesummv::gesummvkernel,1640,26,0.9768756818957627,0.290780320065096,11.183858464042155,59
time_ratio,ptx,random_forest,gramschmidt::kernel1,1641,25,1.0276165371760726,0.2853965589310974,11.415862357243896,59
time_ratio,ptx,random_forest,gramschmidt::kernel2,1641,25,0.9640858571510762,0.2952873520553112,11.811494082212448,59
time_ratio,ptx,random_forest,gramschmidt::kernel3,1641,25,1.0228219130076468,0.2471120331902057,9.884481327608228,59
time_ratio,ptx,random_forest,hotspot3d::hotspotopt1,1640,26,0.9494569250382483,0.2638479829765856,10.147999345253293,59
time_ratio,ptx,random_forest,hotspot::calculatetemp,1640,26,0.9832575509790331,0.24091714108362794,9.266043887831845,59
time_ratio,ptx,random_forest,jacobi1d::kernel1,1641,25,1.0081361969932914,0.28338617482222617,11.335446992889047,59
time_ratio,ptx,random_forest,jacobi1d::kernel2,1641,25,0.9657224230468273,0.23425899003632367,9.370359601452947,59
time_ratio,ptx,random_forest,jacobi2d::kernel1,1640,26,0.9479372741188854,0.2667103048879653,10.258088649537127,59
time_ratio,ptx,random_forest,jacobi2d::kernel2,1640,26,1.0192535850219429,0.2677136620040983,10.296679307849935,59
time_ratio,ptx,random_forest,kmeans::kmeanspoint,1641,25,1.0127247490454465,0.2634880889672786,10.539523558691144,59
time_ratio,ptx,random_forest,lavamd::kernelgpucuda,1641,25,0.9423377041239291,0.263582861982286,10.543314479291439,59
time_ratio,ptx,random_forest,mvt::kernel1,1640,26,0.9757735610473901,0.2633914081379771,10.130438774537582,59
time_ratio,ptx,random_forest,mvt::kernel2,1640,26,0.9878783989697695,0.27249164995737374,10.480448075283606,59
time_ratio,ptx,random_forest,myocyte::solver2,1640,26,0.9563653049990535,0.2664085580036044,10.246483000138632,59
time_ratio,ptx,random_forest,nn::euclid,1640,26,0.9504620227962732,0.25075431703589857,9.644396809073022,59
time_ratio,ptx,random_forest,nw::shared1,1641,25,0.901437354972586,0.26499690394848585,10.599876157939434,59
time_ratio,ptx,random_forest,nw::shared2,1641,25,1.020927312085405,0.2406494638416916,9.625978553667665,59
time_ratio,ptx,random_forest,particlefilter::findindex,1640,26,1.0112054019700736,0.25938542396761477,9.976362460292876,59
time_ratio,ptx,random_forest,particlefilter::likelihood,1641,25,0.9459853009320796,0.23569153784774244,9.427661513909698,56
time_ratio,ptx,random_forest,particlefilter::normalizeweights,1641,25,0.9107601409777999,0.2573462938889861,10.293851755559444,59
time_ratio,ptx,random_forest,particlefilter::sum,1641,25,0.9483626859728247,0.2518739840015769,10.074959360063076,59
time_ratio,ptx,random_forest,pathfinder::dynproc,1640,26,0.946402751840651,0.25135373300872743,9.667451269566438,59
time_ratio,ptx,random_forest,preeuler3d::computeflux,1640,26,0.9376541879028082,0.31715766503475606,12.198371732106002,59
time_ratio,ptx,random_forest,preeuler3d::computefluxcontributions,1641,25,0.8755681661423296,0.25736030214466155,10.294412085786462,59
time_ratio,ptx,random_forest,preeuler3d::computestepfactor,1640,26,0.9590527899563313,0.25907707400619984,9.964502846392302,59
time_ratio,ptx,random_forest,preeuler3d::timestep,1640,26,1.0132074721623212,0.3156671430915594,12.141043965059977,59
time_ratio,ptx,random_forest,sradv1::compress,1640,26,0.9462427208200097,0.2694734449032694,10.364363265510361,59
time_ratio,ptx,random_forest,sradv1::extract,1640,26,0.8620200180448592,0.24167438899166882,9.295168807371876,59
time_ratio,ptx,random_forest,sradv1::prepare,1641,25,1.0544876160565764,0.2605180770624429,10.420723082497716,59
time_ratio,ptx,random_forest,sradv1::reduce,1640,26,0.9695132679771632,0.23870882205665112,9.181108540640427,59
time_ratio,ptx,random_forest,sradv1::srad,1640,26,0.8921018620021641,0.25181039003655314,9.68501500140589,59
time_ratio,ptx,random_forest,sradv1::srad2,1640,26,1.0045920289121568,0.2522679539397359,9.702613613066765,59
time_ratio,ptx,random_forest,streamcluster::computecost,1640,26,0.8735736929811537,0.267316005891189,10.281384841968807,59
time_ratio,ptx,random_forest,syr2k::syr2kkernel,1640,26,0.9584547088015825,0.2491634669713676,9.583210268129523,59
time_ratio,ptx,random_forest,syrk::syrkkernel,1641,25,0.8560478230938315,0.25669770198874176,10.26790807954967,59
time_ratio,ptx,extra_trees,2dconv::convolution2dkernel,1640,26,0.5177445011213422,0.2635532501153648,10.13666346597557,59
time_ratio,ptx,extra_trees,2mm::mm2kernel1,1641,25,0.5085036209784448,0.2667397952172905,10.66959180869162,59
time_ratio,ptx,extra_trees,2mm::mm2kernel2,1640,26,0.5322776299435645,0.2570333471521735,9.88589796739129,59
time_ratio,ptx,extra_trees,3mm::mm3kernel1,1641,25,0.5008815620094538,0.29600560991093516,11.840224396437407,59
time_ratio,ptx,extra_trees,3mm::mm3kernel2,1640,26,0.5451780860312283,0.28057659696787596,10.791407575687536,59
time_ratio,ptx,extra_trees,3mm::mm3kernel3,1640,26,0.5112716390285641,0.26762280194088817,10.29318469003416,59
time_ratio,ptx,extra_trees,atax::ataxkernel1,1640,26,0.5354713359847665,0.2637389318551868,10.143805071353338,59
time_ratio,ptx,extra_trees,atax::ataxkernel2,1640,26,0.5245806740131229,0.2534661351237446,9.74869750475941,59
time_ratio,ptx,extra_trees,bicg::bicgkernel1,1640,26,0.5361089690122753,0.23999768611975014,9.230680235375006,59
time_ratio,ptx,extra_trees,bicg::bicgkernel2,1641,25,0.5200291110668331,0.2718378589488566,10.873514357954264,59
time_ratio,ptx,extra_trees,correlation::corrkernel,1641,25,0.5082706108223647,0.2200552390422672,8.802209561690688,59
time_ratio,ptx,extra_trees,correlation::meankernel,1640,26,0.5280562920961529,0.27791680907830596,10.689108041473308,59
time_ratio,ptx,extra_trees,correlation::reducekernel,1640,26,0.5393033591099083,0.2739706530701369,10.53733281038988,59
time_ratio,ptx,extra_trees,correlation::stdkernel,1640,26,0.5092402920126915,0.23640943015925586,9.092670390740611,59
time_ratio,ptx,extra_trees,covariance::covarkernel,1641,25,0.512435459997505,0.2572018939536065,10.28807575814426,59
time_ratio,ptx,extra_trees,covariance::meankernel,1641,25,0.5081247158814222,0.2559111260343343,10.236445041373372,59
time_ratio,ptx,extra_trees,covariance::reducekernel,1640,26,0.5242574198637158,0.3121616970747709,12.006219118260422,59
time_ratio,ptx,extra_trees,doitgen::kernel1,1641,25,0.5057583749294281,0.25693778903223574,10.27751156128943,59
time_ratio,ptx,extra_trees,doitgen::kernel2,1640,26,0.5140506459865719,0.242551265982911,9.328894845496576,59
time_ratio,ptx,extra_trees,euler3d::computeflux,1640,26,0.5283647819887847,0.29421297484077513,11.31588364772212,59
time_ratio,ptx,extra_trees,euler3d::computestepfactor,1641,25,0.5475792069919407,0.25775992195121944,10.310396878048778,59
time_ratio,ptx,extra_trees,euler3d::timestep,1640,26,0.5262100230902433,0.2645682170987129,10.175700657642803,59
time_ratio,ptx,extra_trees,fdtd2d::step1,1640,26,0.5209955149330199,0.3163791049737483,12.168427114374936,59
time_ratio,ptx,extra_trees,fdtd2d::step2,1640,26,0.5337586358655244,0.2675123349763453,10.288935960628667,59
time_ratio,ptx,extra_trees,fdtd2d::step3,1640,26,0.5151058069895953,0.26688056997954845,10.264637306905708,59
time_ratio,ptx,extra_trees,gemm::gemmkernel,1641,25,0.6430176419671625,0.284406861057505,11.3762744423002,59
time_ratio,ptx,extra_trees,gemver::gemverkernel1,1640,26,0.5347036640159786,0.2614145597908646,10.054406145802485,59
time_ratio,ptx,extra_trees,gemver::gemverkernel2,1640,26,0.525151853915304,0.2710221989545971,10.423930729022967,59
time_ratio,ptx,extra_trees,gemver::gemverkernel3,1640,26,0.6002188930287957,0.25607983698137105,9.849224499283501,59
time_ratio,ptx,extra_trees,gesummv::gesummvkernel,1640,26,0.5262980042025447,0.2650319649837911,10.193537114761195,59
time_ratio,ptx,extra_trees,gramschmidt::kernel1,1641,25,0.5321141141466796,0.31027351110242307,12.410940444096923,59
time_ratio,ptx,extra_trees,gramschmidt::kernel2,1641,25,0.5783824729733169,0.25414231000468135,10.165692400187254,59
time_ratio,ptx,extra_trees,gramschmidt::kernel3,1641,25,0.5171705260872841,0.2598995929583907,10.395983718335629,59
time_ratio,ptx,extra_trees,hotspot3d::hotspotopt1,1640,26,0.545539977028966,0.2660806458443403,10.23387099401309,59
time_ratio,ptx,extra_trees,hotspot::calculatetemp,1640,26,0.6109218969941139,0.2615813531447202,10.06082127479693,59
time_ratio,ptx,extra_trees,jacobi1d::kernel1,1641,25,0.5121545388828963,0.26674265787005424,10.66970631480217,59
time_ratio,ptx,extra_trees,jacobi1d::kernel2,1641,25,0.5235027328599244,0.25395082496106625,10.15803299844265,59
time_ratio,ptx,extra_trees,jacobi2d::kernel1,1640,26,0.5528619738761336,0.23502236208878458,9.039321618799407,59
time_ratio,ptx,extra_trees,jacobi2d::kernel2,1640,26,0.5119187489617616,0.25513188005425036,9.812764617471167,59
time_ratio,ptx,extra_trees,kmeans::kmeanspoint,1641,25,0.5366165989544243,0.26666450616903603,10.666580246761441,59
time_ratio,ptx,extra_trees,lavamd::kernelgpucuda,1641,25,0.6051300279796124,0.2710575719829649,10.842302879318595,59
time_ratio,ptx,extra_trees,mvt::kernel1,1640,26,0.5522765000350773,0.2902887018863112,11.164950072550429,59
time_ratio,ptx,extra_trees,mvt::kernel2,1640,26,0.5404227469116449,0.2745027970522642,10.557799886625547,59
time_ratio,ptx,extra_trees,myocyte::solver2,1640,26,0.5921045951545238,0.25638556899502873,9.86098342288572,59
time_ratio,ptx,extra_trees,nn::euclid,1640,26,0.5291528310626745,0.262802726123482,10.107797158595462,59
time_ratio,ptx,extra_trees,nw::shared1,1641,25,0.5307159291114658,0.24543908215127885,9.817563286051154,59
time_ratio,ptx,extra_trees,nw::shared2,1641,25,0.639262889046222,0.2663402180187404,10.653608720749617,59
time_ratio,ptx,extra_trees,particlefilter::findindex,1640,26,0.5241663379129022,0.25324128405191004,9.740049386611926,59
time_ratio,ptx,extra_trees,particlefilter::likelihood,1641,25,0.5116490211803466,0.2399457290302962,9.597829161211848,56
time_ratio,ptx,extra_trees,particlefilter::normalizeweights,1641,25,0.5745107328984886,0.2685209868941456,10.740839475765824,59
time_ratio,ptx,extra_trees,particlefilter::sum,1641,25,0.520376588916406,0.23819681606255472,9.527872642502189,59
time_ratio,ptx,extra_trees,pathfinder::dynproc,1640,26,0.5257045410107821,0.24591482803225517,9.458262616625198,59
time_ratio,ptx,extra_trees,preeuler3d::computeflux,1640,26,0.5348862099926919,0.2715805498883128,10.445405764935108,59
time_ratio,ptx,extra_trees,preeuler3d::computefluxcontributions,1641,25,0.5334427098277956,0.24955429998226464,9.982171999290586,59
time_ratio,ptx,extra_trees,preeuler3d::computestepfactor,1640,26,0.520279091084376,0.2661544799339026,10.236710766688564,59
time_ratio,ptx,extra_trees,preeuler3d::timestep,1640,26,0.5338440160267055,0.3415888089220971,13.13803111238835,59
time_ratio,ptx,extra_trees,sradv1::compress,1640,26,0.5094076020177454,0.2571269138716161,9.889496687369851,59
time_ratio,ptx,extra_trees,sradv1::extract,1640,26,0.5213951431214809,0.25884469295851886,9.955565113789188,59
time_ratio,ptx,extra_trees,sradv1::prepare,1641,25,0.5209320599678904,0.2574363991152495,10.29745596460998,59
time_ratio,ptx,extra_trees,sradv1::reduce,1640,26,0.513387005077675,0.26338111399672925,10.130042846028049,59
time_ratio,ptx,extra_trees,sradv1::srad,1640,26,0.5520927719771862,0.2653672560118139,10.206432923531302,59
time_ratio,ptx,extra_trees,sradv1::srad2,1640,26,0.5171205010265112,0.2977188990917057,11.450726888142526,59
time_ratio,ptx,extra_trees,streamcluster::computecost,1640,26,0.532788585871458,0.26333083491772413,10.128109035297083,59
time_ratio,ptx,extra_trees,syr2k::syr2kkernel,1640,26,0.5231084059923887,0.2665877139661461,10.253373614082543,59
time_ratio,ptx,extra_trees,syrk::syrkkernel,1641,25,0.5089578570332378,0.2650671750307083,10.602687001228333,59
time_ratio,ptx,xgboost,2dconv::convolution2dkernel,1640,26,1.3272556790616363,0.020948871038854122,0.805725809186697,59
time_ratio,ptx,xgboost,2mm::mm2kernel1,1641,25,0.8612660758662969,0.004435708047822118,0.1774283219128847,59
time_ratio,ptx,xgboost,2mm::mm2kernel2,1640,26,0.8575958528090268,0.004396627889946103,0.16910107269023472,59
time_ratio,ptx,xgboost,3mm::mm3kernel1,1641,25,1.9715034910477698,0.020508370827883482,0.8203348331153393,59
time_ratio,ptx,xgboost,3mm::mm3kernel2,1640,26,1.363768121926114,0.004450887907296419,0.17118799643447766,59
time_ratio,ptx,xgboost,3mm::mm3kernel3,1640,26,0.8504997009877115,0.004412712063640356,0.16971969475539833,59
time_ratio,ptx,xgboost,atax::ataxkernel1,1640,26,1.2333809118717909,0.004462242824956775,0.17162472403679901,59
time_ratio,ptx,xgboost,atax::ataxkernel2,1640,26,1.025366905843839,0.005103491945192218,0.19628815173816222,59
time_ratio,ptx,xgboost,bicg::bicgkernel1,1640,26,1.3429387849755585,0.004661729093641043,0.1792972728323478,59
time_ratio,ptx,xgboost,bicg::bicgkernel2,1641,25,0.9307506061159074,0.004438831005245447,0.1775532402098179,59
time_ratio,ptx,xgboost,correlation::corrkernel,1641,25,1.2974216660950333,0.005293740890920162,0.2117496356368065,59
time_ratio,ptx,xgboost,correlation::meankernel,1640,26,0.8667069631628692,0.004420792916789651,0.17003049679960197,59
time_ratio,ptx,xgboost,correlation::reducekernel,1640,26,1.3502372158691287,0.005148430122062564,0.19801654315625244,59
time_ratio,ptx,xgboost,correlation::stdkernel,1640,26,0.9213445100467652,0.013778028078377247,0.5299241568606633,59
time_ratio,ptx,xgboost,covariance::covarkernel,1641,25,1.3361349278129637,0.015919168945401907,0.6367667578160763,59
time_ratio,ptx,xgboost,covariance::meankernel,1641,25,0.9222162000369281,0.004921671003103256,0.19686684012413025,59
time_ratio,ptx,xgboost,covariance::reducekernel,1640,26,1.291139226872474,0.004962321138009429,0.19085850530805498,59
time_ratio,ptx,xgboost,doitgen::kernel1,1641,25,0.855327035067603,0.004242887953296304,0.16971551813185215,59
time_ratio,ptx,xgboost,doitgen::kernel2,1640,26,1.2213698830455542,0.006048573879525065,0.23263745690481022,59
time_ratio,ptx,xgboost,euler3d::computeflux,1640,26,1.2089998540468514,0.0044640591368079185,0.17169458218491995,59
time_ratio,ptx,xgboost,euler3d::computestepfactor,1641,25,1.4311057489831,0.006030624965205789,0.24122499860823154,59
time_ratio,ptx,xgboost,euler3d::timestep,1640,26,0.8560206759721041,0.004388977074995637,0.16880681057675526,59
time_ratio,ptx,xgboost,fdtd2d::step1,1640,26,1.1989456119481474,0.0044549559243023396,0.17134445862701306,59
time_ratio,ptx,xgboost,fdtd2d::step2,1640,26,0.8279449727851897,0.004457097966223955,0.1714268448547675,59
time_ratio,ptx,xgboost,fdtd2d::step3,1640,26,1.4201769139617682,0.026960921939462423,1.0369585361331701,59
time_ratio,ptx,xgboost,gemm::gemmkernel,1641,25,0.8331505469977856,0.0049654298927634954,0.19861719571053982,59
time_ratio,ptx,xgboost,gemver::gemverkernel1,1640,26,1.2439554850570858,0.0046153811272233725,0.17751465873936048,59
time_ratio,ptx,xgboost,gemver::gemverkernel2,1640,26,0.8360225970391184,0.004412035923451185,0.16969368936350712,59
time_ratio,ptx,xgboost,gemver::gemverkernel3,1640,26,1.2044480638578534,0.004420859040692449,0.17003304002663264,59
time_ratio,ptx,xgboost,gesummv::gesummvkernel,1640,26,0.817401837091893,0.004289364907890558,0.16497557338040608,59
time_ratio,ptx,xgboost,gramschmidt::kernel1,1641,25,1.3991278489120305,0.004673080984503031,0.18692323938012123,59
time_ratio,ptx,xgboost,gramschmidt::kernel2,1641,25,0.8346278958488256,0.004339055856689811,0.17356223426759243,59
time_ratio,ptx,xgboost,gramschmidt::kernel3,1641,25,1.2222206441219896,0.00434309896081686,0.1737239584326744,59
time_ratio,ptx,xgboost,hotspot3d::hotspotopt1,1640,26,0.8443204851355404,0.004359547048807144,0.16767488649258247,59
time_ratio,ptx,xgboost,hotspot::calculatetemp,1640,26,0.933485564077273,0.02084138197824359,0.8015916145478303,59
time_ratio,ptx,xgboost,jacobi1d::kernel1,1641,25,0.9817065419629216,0.004806950921192765,0.1922780368477106,59
time_ratio,ptx,xgboost,jacobi1d::kernel2,1641,25,0.8353355859871954,0.004355889046564698,0.17423556186258793,59
time_ratio,ptx,xgboost,jacobi2d::kernel1,1640,26,2.1936527090147138,0.021474158158525825,0.825929159943301,59
time_ratio,ptx,xgboost,jacobi2d::kernel2,1640,26,1.2955532490741462,0.02079714392311871,0.7998901508891811,59
time_ratio,ptx,xgboost,kmeans::kmeanspoint,1641,25,2.122227909974754,0.004359656013548374,0.17438624054193497,59
time_ratio,ptx,xgboost,lavamd::kernelgpucuda,1641,25,4.531949470052496,0.005004819016903639,0.20019276067614555,59
time_ratio,ptx,xgboost,mvt::kernel1,1640,26,6.803713821806014,0.020895597990602255,0.8036768457923944,59
time_ratio,ptx,xgboost,mvt::kernel2,1640,26,4.728719712002203,0.02178878686390817,0.8380302639964682,59
time_ratio,ptx,xgboost,myocyte::solver2,1640,26,2.536970629123971,0.020737495040521026,0.7975959630969626,59
time_ratio,ptx,xgboost,nn::euclid,1640,26,0.9028098089620471,0.004399053985252976,0.1691943840481914,59
time_ratio,ptx,xgboost,nw::shared1,1641,25,1.1254715230315924,0.020657092100009322,0.8262836840003729,59
time_ratio,ptx,xgboost,nw::shared2,1641,25,0.8382978527806699,0.004250704078003764,0.17002816312015057,59
time_ratio,ptx,xgboost,particlefilter::findindex,1640,26,0.8614063940476626,0.0043340399861335754,0.16669384562052214,59
time_ratio,ptx,xgboost,particlefilter::likelihood,1641,25,1.218728614039719,0.004359846003353596,0.17439384013414383,56
time_ratio,ptx,xgboost,particlefilter::normalizeweights,1641,25,1.0430747331120074,0.004397089825943112,0.1758835930377245,59
time_ratio,ptx,xgboost,particlefilter::sum,1641,25,1.2709544149693102,0.004402731079608202,0.17610924318432808,59
time_ratio,ptx,xgboost,pathfinder::dynproc,1640,26,0.8610844791401178,0.00441079493612051,0.16964595908155808,59
time_ratio,ptx,xgboost,preeuler3d::computeflux,1640,26,1.2289829570800066,0.00441993004642427,0.16999730947785652,59
time_ratio,ptx,xgboost,preeuler3d::computefluxcontributions,1641,25,0.8360763308592141,0.004349160939455032,0.1739664375782013,59
time_ratio,ptx,xgboost,preeuler3d::computestepfactor,1640,26,1.4041402970906347,0.004393246956169605,0.16897103677575404,59
time_ratio,ptx,xgboost,preeuler3d::timestep,1640,26,0.8644469419959933,0.004358454840257764,0.16763287847145245,59
time_ratio,ptx,xgboost,sradv1::compress,1640,26,1.2588394931517541,0.004350883886218071,0.16734168793146426,59
time_ratio,ptx,xgboost,sradv1::extract,1640,26,1.0449981209822,0.004443494137376547,0.1709036206683287,59
time_ratio,ptx,xgboost,sradv1::prepare,1641,25,1.6597266050521284,0.004392130067571998,0.1756852027028799,59
time_ratio,ptx,xgboost,sradv1::reduce,1640,26,0.8984762709587812,0.0044379630126059055,0.17069088510022715,59
time_ratio,ptx,xgboost,sradv1::srad,1640,26,1.0429574172012508,0.0044111970346421,0.16966142440931156,59
time_ratio,ptx,xgboost,sradv1::srad2,1640,26,0.8439696559216827,0.004361097002401948,0.1677345000923826,59
time_ratio,ptx,xgboost,streamcluster::computecost,1640,26,1.2161991470493376,0.0044614269863814116,0.1715933456300543,59
time_ratio,ptx,xgboost,syr2k::syr2kkernel,1640,26,0.8331147639546543,0.00435188296250999,0.16738011394269192,59
time_ratio,ptx,xgboost,syrk::syrkkernel,1641,25,1.297131956089288,0.004350539995357394,0.17402159981429577,59
time_ratio,launch,random_forest,2dconv::convolution2dkernel,1640,26,1.0634836361277848,0.229075918905437,8.81061226559373,19
time_ratio,launch,random_forest,2mm::mm2kernel1,1641,25,1.0649795511271805,0.2595915549900383,10.383662199601531,19
time_ratio,launch,random_forest,2mm::mm2kernel2,1640,26,1.0340020381845534,0.24491864908486605,9.419948041725617,19
time_ratio,launch,random_forest,3mm::mm3kernel1,1641,25,1.0579863712191582,0.2691011179704219,10.764044718816876,19
time_ratio,launch,random_forest,3mm::mm3kernel2,1640,26,1.0353608331643045,0.24491710192523897,9.419888535586114,19
time_ratio,launch,random_forest,3mm::mm3kernel3,1640,26,1.0117389331571758,0.2439389037899673,9.382265530383357,19
time_ratio,launch,random_forest,atax::ataxkernel1,1640,26,1.0579680551309139,0.25932455295696855,9.974021267575713,19
time_ratio,launch,random_forest,atax::ataxkernel2,1640,26,1.0664264259394258,0.2711743018589914,10.429780840730437,19
time_ratio,launch,random_forest,bicg::bicgkernel1,1640,26,1.0257113880943507,0.24466091394424438,9.410035151701708,19
time_ratio,launch,random_forest,bicg::bicgkernel2,1641,25,1.0171221338678151,0.2601242191158235,10.40496876463294,19
time_ratio,launch,random_forest,correlation::corrkernel,1641,25,1.0679107420146465,0.26418573106639087,10.567429242655635,19
time_ratio,launch,random_forest,correlation::meankernel,1640,26,1.0278253620490432,0.24736739206127822,9.514130463895317,19
time_ratio,launch,random_forest,correlation::reducekernel,1640,26,1.129239324014634,0.2555195880122483,9.82767646200955,19
time_ratio,launch,random_forest,correlation::stdkernel,1640,26,1.0734477990772575,0.27218544692732394,10.468671035666306,19
time_ratio,launch,random_forest,covariance::covarkernel,1641,25,0.9834202509373426,0.25113030010834336,10.045212004333735,19
time_ratio,launch,random_forest,covariance::meankernel,1641,25,1.0431140519212931,0.25723214307799935,10.289285723119974,19
time_ratio,launch,random_forest,covariance::reducekernel,1640,26,1.0552683270070702,0.24695251695811749,9.498173729158363,19
time_ratio,launch,random_forest,doitgen::kernel1,1641,25,1.0301853818818927,0.24242452392354608,9.696980956941843,19
time_ratio,launch,random_forest,doitgen::kernel2,1640,26,1.0714011339005083,0.23386792093515396,8.99492003596746,19
time_ratio,launch,random_forest,euler3d::computeflux,1640,26,1.0374454169068485,0.2396865210030228,9.218712346270106,19
time_ratio,launch,random_forest,euler3d::computestepfactor,1641,25,1.085800725966692,0.2488351280335337,9.953405121341348,19
time_ratio,launch,random_forest,euler3d::timestep,1640,26,1.0405612839385867,0.24849438108503819,9.557476195578392,19
time_ratio,launch,random_forest,fdtd2d::step1,1640,26,1.067398589802906,0.25547132501378655,9.825820192837945,19
time_ratio,launch,random_forest,fdtd2d::step2,1640,26,1.025404129177332,0.24215877708047628,9.313799118479857,19
time_ratio,launch,random_forest,fdtd2d::step3,1640,26,1.0242619798518717,0.22641008789651096,8.70808030371196,19
time_ratio,launch,random_forest,gemm::gemmkernel,1641,25,1.021497577195987,0.26689573703333735,10.675829481333494,19
time_ratio,launch,random_forest,gemver::gemverkernel1,1640,26,1.0670371179003268,0.25099849491380155,9.653788265915445,19
time_ratio,launch,random_forest,gemver::gemverkernel2,1640,26,1.0588398820254952,0.25174890202470124,9.682650077873124,19
time_ratio,launch,random_forest,gemver::gemverkernel3,1640,26,1.0688916090875864,0.2612035539932549,10.046290538202111,19
time_ratio,launch,random_forest,gesummv::gesummvkernel,1640,26,1.0518996550235897,0.2476067440584302,9.523336309939623,19
time_ratio,launch,random_forest,gramschmidt::kernel1,1641,25,1.1003748381044716,0.2584217020776123,10.336868083104491,19
time_ratio,launch,random_forest,gramschmidt::kernel2,1641,25,1.044471527915448,0.24997423705644906,9.998969482257962,19
time_ratio,launch,random_forest,gramschmidt::kernel3,1641,25,1.061505642021075,0.2477382270153612,9.909529080614448,19
time_ratio,launch,random_forest,hotspot3d::hotspotopt1,1640,26,1.1296258692163974,0.2516261439304799,9.677928612710765,19
time_ratio,launch,random_forest,hotspot::calculatetemp,1640,26,1.0621691229753196,0.25582008878700435,9.83923418411555,19
time_ratio,launch,random_forest,jacobi1d::kernel1,1641,25,1.0546412498224527,0.23297407990321517,9.318963196128607,19
time_ratio,launch,random_forest,jacobi1d::kernel2,1641,25,1.1474547020625323,0.2566607999615371,10.266431998461485,19
time_ratio,launch,random_forest,jacobi2d::kernel1,1640,26,1.0647092759609222,0.2408272889442742,9.262588036318238,19
time_ratio,launch,random_forest,jacobi2d::kernel2,1640,26,1.0633104010485113,0.26047898596152663,10.018422536981793,19
time_ratio,launch,random_forest,kmeans::kmeanspoint,1641,25,1.0623051691800356,0.34335866407491267,13.734346562996507,19
time_ratio,launch,random_forest,lavamd::kernelgpucuda,1641,25,1.0751290421467274,0.24646690278314054,9.858676111325622,19
time_ratio,launch,random_forest,mvt::kernel1,1640,26,1.028109759092331,0.27180172805674374,10.453912617567067,19
time_ratio,launch,random_forest,mvt::kernel2,1640,26,1.0567147410474718,0.3033834488596767,11.668594186910642,19
time_ratio,launch,random_forest,myocyte::solver2,1640,26,1.032427328871563,0.26677106181159616,10.26042545429216,19
time_ratio,launch,random_forest,nn::euclid,1640,26,1.0588073718827218,0.24421121110208333,9.392738888541666,19
time_ratio,launch,random_forest,nw::shared1,1641,25,1.0594488319475204,0.2895264569669962,11.581058278679848,19
time_ratio,launch,random_forest,nw::shared2,1641,25,1.02665556804277,0.24889775086194277,9.95591003447771,19
time_ratio,launch,random_forest,particlefilter::findindex,1640,26,1.0398748549632728,0.2533715439494699,9.74505938267192,19
time_ratio,launch,random_forest,particlefilter::likelihood,1641,25,1.0767207858152688,0.24476760509423912,9.790704203769565,19
time_ratio,launch,random_forest,particlefilter::normalizeweights,1641,25,1.150928792078048,0.24799092090688646,9.919636836275458,19
time_ratio,launch,random_forest,particlefilter::sum,1641,25,1.0872174939140677,0.24163687811233103,9.665475124493241,19
time_ratio,launch,random_forest,pathfinder::dynproc,1640,26,1.0372982469853014,0.2329422601033002,8.959317696280777,19
time_ratio,launch,random_forest,preeuler3d::computeflux,1640,26,0.9998442081268877,0.23545126290991902,9.055817804227654,19
time_ratio,launch,random_forest,preeuler3d::computefluxcontributions,1641,25,1.0898419478908181,0.24399561015889049,9.75982440635562,19
time_ratio,launch,random_forest,preeuler3d::computestepfactor,1640,26,1.1072877841070294,0.2721820999868214,10.468542307185439,19
time_ratio,launch,random_forest,preeuler3d::timestep,1640,26,1.0537667688913643,0.24030819186009467,9.242622763849795,19
time_ratio,launch,random_forest,sradv1::compress,1640,26,1.1047713549342006,0.2600356440525502,10.001370925098083,19
time_ratio,launch,random_forest,sradv1::extract,1640,26,1.0222859408240765,0.25410156697034836,9.773137191167244,19
time_ratio,launch,random_forest,sradv1::prepare,1641,25,1.052745722932741,0.24365236307494342,9.746094522997737,19
time_ratio,launch,random_forest,sradv1::reduce,1640,26,1.0162574930582196,0.233922875020653,8.9970336546405,19
time_ratio,launch,random_forest,sradv1::srad,1640,26,1.0527301288675517,0.2344863989856094,9.018707653292669,19
time_ratio,launch,random_forest,sradv1::srad2,1640,26,1.0417196860071272,0.24768510507419705,9.526350195161424,19
time_ratio,launch,random_forest,streamcluster::computecost,1640,26,1.0917556050699204,0.2594226368237287,9.977793723989565,19
time_ratio,launch,random_forest,syr2k::syr2kkernel,1640,26,1.074752588989213,0.29954821383580565,11.521085147530986,19
time_ratio,launch,random_forest,syrk::syrkkernel,1641,25,1.0653149338904768,0.2434365099761635,9.73746039904654,19
time_ratio,launch,extra_trees,2dconv::convolution2dkernel,1640,26,0.5307971599977463,0.25403019692748785,9.770392189518763,19
time_ratio,launch,extra_trees,2mm::mm2kernel1,1641,25,0.5166250208858401,0.27521283901296556,11.008513560518622,19
time_ratio,launch,extra_trees,2mm::mm2kernel2,1640,26,0.4918870758265257,0.24377175699919462,9.375836807661333,19
time_ratio,launch,extra_trees,3mm::mm3kernel1,1641,25,0.49772656708955765,0.23607103410176933,9.442841364070773,19
time_ratio,launch,extra_trees,3mm::mm3kernel2,1640,26,0.5288305410649627,0.2673958349041641,10.284455188621695,19
time_ratio,launch,extra_trees,3mm::mm3kernel3,1640,26,0.5656073789577931,0.2526159561239183,9.715998312458396,19
time_ratio,launch,extra_trees,atax::ataxkernel1,1640,26,0.511415169108659,0.24426810606382787,9.394927156301073,19
time_ratio,launch,extra_trees,atax::ataxkernel2,1640,26,0.49117440008558333,0.24813303700648248,9.543578346403173,19
time_ratio,launch,extra_trees,bicg::bicgkernel1,1640,26,0.5894892788492143,0.27240862511098385,10.477254811960917,19
time_ratio,launch,extra_trees,bicg::bicgkernel2,1641,25,0.5091113250236958,0.2334295860491693,9.337183441966772,19
time_ratio,launch,extra_trees,correlation::corrkernel,1641,25,0.4992106328718364,0.25187209201976657,10.074883680790663,19
time_ratio,launch,extra_trees,correlation::meankernel,1640,26,0.5206784319598228,0.2976422489155084,11.447778804442631,19
time_ratio,launch,extra_trees,correlation::reducekernel,1640,26,0.5101059640292078,0.2270944018382579,8.734400070702227,19
time_ratio,launch,extra_trees,correlation::stdkernel,1640,26,0.5112472660839558,0.25612371508032084,9.850912118473879,19
time_ratio,launch,extra_trees,covariance::covarkernel,1641,25,0.5281113139353693,0.3693029519636184,14.772118078544736,19
time_ratio,launch,extra_trees,covariance::meankernel,1641,25,0.5186421610414982,0.2530165179632604,10.120660718530416,19
time_ratio,launch,extra_trees,covariance::reducekernel,1640,26,0.5304184190463275,0.25268862885423005,9.718793417470387,19
time_ratio,launch,extra_trees,doitgen::kernel1,1641,25,0.5282230300363153,0.2617580429650843,10.470321718603373,19
time_ratio,launch,extra_trees,doitgen::kernel2,1640,26,0.5312598349992186,0.2557420199736953,9.836231537449818,19
time_ratio,launch,extra_trees,euler3d::computeflux,1640,26,0.512360627995804,0.2676966751459986,10.296025967153792,19
time_ratio,launch,extra_trees,euler3d::computestepfactor,1641,25,0.5017148698680103,0.24430969101376832,9.772387640550733,19
time_ratio,launch,extra_trees,euler3d::timestep,1640,26,0.5076404460705817,0.23833005293272436,9.166540497412475,19
time_ratio,launch,extra_trees,fdtd2d::step1,1640,26,0.4894404439255595,0.25352213787846267,9.750851456863948,19
time_ratio,launch,extra_trees,fdtd2d::step2,1640,26,0.5102671978529543,0.24697195109911263,9.498921196119717,19
time_ratio,launch,extra_trees,fdtd2d::step3,1640,26,0.5164194330573082,0.24756269389763474,9.521642072985951,19
time_ratio,launch,extra_trees,gemm::gemmkernel,1641,25,0.5098122979979962,0.2566552839707583,10.266211358830333,19
time_ratio,launch,extra_trees,gemver::gemverkernel1,1640,26,0.49686607788316905,0.2260363649111241,8.693706342735542,19
time_ratio,launch,extra_trees,gemver::gemverkernel2,1640,26,0.4895570420194417,0.260299279820174,10.011510762314384,19
time_ratio,launch,extra_trees,gemver::gemverkernel3,1640,26,0.505486035021022,0.2806379368994385,10.793766803824557,19
time_ratio,launch,extra_trees,gesummv::gesummvkernel,1640,26,0.48719791881740093,0.256506408797577,9.865631107599118,19
time_ratio,launch,extra_trees,gramschmidt::kernel1,1641,25,0.5710126520134509,0.24051939719356596,9.620775887742639,19
time_ratio,launch,extra_trees,gramschmidt::kernel2,1641,25,0.5159914160612971,0.2590567199513316,10.362268798053265,19
time_ratio,launch,extra_trees,gramschmidt::kernel3,1641,25,0.48330407519824803,0.24933044612407684,9.973217844963074,19
time_ratio,launch,extra_trees,hotspot3d::hotspotopt1,1640,26,0.5027242850046605,0.28428770811297,10.934142619729617,19
time_ratio,launch,extra_trees,hotspot::calculatetemp,1640,26,0.5127002762164921,0.23731467104516923,9.127487347891124,19
time_ratio,launch,extra_trees,jacobi1d::kernel1,1641,25,0.5098332960624248,0.2526339329779148,10.105357319116592,19
time_ratio,launch,extra_trees,jacobi1d::kernel2,1641,25,0.5078741020988673,0.22033385490067303,8.813354196026921,19
time_ratio,launch,extra_trees,jacobi2d::kernel1,1640,26,0.5020272890105844,0.2572725689969957,9.895098807576757,19
time_ratio,launch,extra_trees,jacobi2d::kernel2,1640,26,0.5154215409420431,0.2631631640251726,10.12166015481433,19
time_ratio,launch,extra_trees,kmeans::kmeanspoint,1641,25,0.5013215530198067,0.2899169709999114,11.596678839996457,19
time_ratio,launch,extra_trees,lavamd::kernelgpucuda,1641,25,0.5092994370497763,0.23691012477502227,9.47640499100089,19
time_ratio,launch,extra_trees,mvt::kernel1,1640,26,0.5161709850654006,0.22295395494438708,8.575152113245657,19
time_ratio,launch,extra_trees,mvt::kernel2,1640,26,0.5177951299119741,0.24616471189074218,9.467873534259315,19
time_ratio,launch,extra_trees,myocyte::solver2,1640,26,0.4976243630517274,0.23953507002443075,9.212887308631952,19
time_ratio,launch,extra_trees,nn::euclid,1640,26,0.5138661169912666,0.23593133105896413,9.074281963806312,19
time_ratio,launch,extra_trees,nw::shared1,1641,25,0.5169547931291163,0.23684826702810824,9.47393068112433,19
time_ratio,launch,extra_trees,nw::shared2,1641,25,0.5196777458768338,0.25595391006208956,10.238156402483582,19
time_ratio,launch,extra_trees,particlefilter::findindex,1640,26,0.5543821069877595,0.24967263801954687,9.602793769982572,19
time_ratio,launch,extra_trees,particlefilter::likelihood,1641,25,0.5074527219403535,0.25815130886621773,10.32605235464871,19
time_ratio,launch,extra_trees,particlefilter::normalizeweights,1641,25,0.5871783900074661,0.24668649095110595,9.867459638044238,19
time_ratio,launch,extra_trees,particlefilter::sum,1641,25,0.5246580550447106,0.2422527892049402,9.690111568197608,19
time_ratio,launch,extra_trees,pathfinder::dynproc,1640,26,0.5244121428113431,0.2538017558399588,9.761605993844569,19
time_ratio,launch,extra_trees,preeuler3d::computeflux,1640,26,0.5701885861344635,0.25526514020748436,9.817890007980168,19
time_ratio,launch,extra_trees,preeuler3d::computefluxcontributions,1641,25,0.5110576769802719,0.30902101495303214,12.360840598121285,19
time_ratio,launch,extra_trees,preeuler3d::computestepfactor,1640,26,0.5220262960065156,0.24045797297731042,9.2483835760504,19
time_ratio,launch,extra_trees,preeuler3d::timestep,1640,26,0.5162124398630112,0.23889001994393766,9.188077690151449,19
time_ratio,launch,extra_trees,sradv1::compress,1640,26,0.515723621007055,0.24395303591154516,9.382809073520967,19
time_ratio,launch,extra_trees,sradv1::extract,1640,26,0.5072116809897125,0.2334865068551153,8.98025026365828,19
time_ratio,launch,extra_trees,sradv1::prepare,1641,25,0.4792084959335625,0.22992488811723888,9.196995524689555,19
time_ratio,launch,extra_trees,sradv1::reduce,1640,26,0.5024770039599389,0.29299514507874846,11.269044041490325,19
time_ratio,launch,extra_trees,sradv1::srad,1640,26,0.5091841029934585,0.24254883010871708,9.32880115802758,19
time_ratio,launch,extra_trees,sradv1::srad2,1640,26,0.5252181049436331,0.238538142060861,9.17454392541773,19
time_ratio,launch,extra_trees,streamcluster::computecost,1640,26,0.4982264449354261,0.24006615416146815,9.233313621594927,19
time_ratio,launch,extra_trees,syr2k::syr2kkernel,1640,26,0.5068669870961457,0.24612431414425373,9.46631977477899,19
time_ratio,launch,extra_trees,syrk::syrkkernel,1641,25,0.5390722420997918,0.2718958400655538,10.875833602622151,19
time_ratio,launch,xgboost,2dconv::convolution2dkernel,1640,26,0.6905303120147437,0.0031470959074795246,0.12104215028767402,19
time_ratio,launch,xgboost,2mm::mm2kernel1,1641,25,2.066825102083385,0.003292364999651909,0.13169459998607635,19
time_ratio,launch,xgboost,2mm::mm2kernel2,1640,26,0.7706811858806759,0.019677806878462434,0.756838726094709,19
time_ratio,launch,xgboost,3mm::mm3kernel1,1641,25,0.8062154098879546,0.0031243078410625458,0.12497231364250183,19
time_ratio,launch,xgboost,3mm::mm3kernel2,1640,26,0.6360849819611758,0.0030814390629529953,0.11851688703665367,19
time_ratio,launch,xgboost,3mm::mm3kernel3,1640,26,1.038311196025461,0.00316770002245903,0.12183461624842423,19
time_ratio,launch,xgboost,atax::ataxkernel1,1640,26,0.6575800701975822,0.005494843004271388,0.21134011554889953,19
time_ratio,launch,xgboost,atax::ataxkernel2,1640,26,0.8791629481129348,0.0032326257787644863,0.12433176072171101,19
time_ratio,launch,xgboost,bicg::bicgkernel1,1640,26,1.050592492101714,0.019370628986507654,0.7450241917887559,19
time_ratio,launch,xgboost,bicg::bicgkernel2,1641,25,0.6496371449902654,0.0030493231024593115,0.12197292409837246,19
time_ratio,launch,xgboost,correlation::corrkernel,1641,25,0.7422252520918846,0.019542854046449065,0.7817141618579626,19
time_ratio,launch,xgboost,correlation::meankernel,1640,26,3.36233443999663,0.019502880051732063,0.750110771220464,19
time_ratio,launch,xgboost,correlation::reducekernel,1640,26,2.66537908394821,0.003195516997948289,0.12290449992108805,19
time_ratio,launch,xgboost,correlation::stdkernel,1640,26,0.9036703661549836,0.01942877098917961,0.7472604226607543,19
time_ratio,launch,xgboost,covariance::covarkernel,1641,25,1.1894959008786827,0.00327291083522141,0.1309164334088564,19
time_ratio,launch,xgboost,covariance::meankernel,1641,25,0.6708777940366417,0.003283143974840641,0.13132575899362564,19
time_ratio,launch,xgboost,covariance::reducekernel,1640,26,1.8182756940368563,0.0033859070390462875,0.13022719380947262,19
time_ratio,launch,xgboost,doitgen::kernel1,1641,25,0.6362749137915671,0.003725646995007992,0.14902587980031967,19
time_ratio,launch,xgboost,doitgen::kernel2,1640,26,1.0326584379654378,0.0189687660895288,0.7295679265203384,19
time_ratio,launch,xgboost,euler3d::computeflux,1640,26,0.7515881739091128,0.0031583139207214117,0.12147361233543891,19
time_ratio,launch,xgboost,euler3d::computestepfactor,1641,25,0.6562260328792036,0.003137033898383379,0.12548135593533516,19
time_ratio,launch,xgboost,euler3d::timestep,1640,26,0.9805940920487046,0.0032052909955382347,0.12328042290531672,19
time_ratio,launch,xgboost,fdtd2d::step1,1640,26,0.6323388351593167,0.0031378199346363544,0.12068538210139826,19
time_ratio,launch,xgboost,fdtd2d::step2,1640,26,1.5950741518754512,0.019531610887497663,0.7512158033652947,19
time_ratio,launch,xgboost,fdtd2d::step3,1640,26,0.7794152689166367,0.00316248694434762,0.12163411324413922,19
time_ratio,launch,xgboost,gemm::gemmkernel,1641,25,0.96709910989739,0.019959930097684264,0.7983972039073706,19
time_ratio,launch,xgboost,gemver::gemverkernel1,1640,26,0.6815071390010417,0.0031966690439730883,0.12294880938358031,19
time_ratio,launch,xgboost,gemver::gemverkernel2,1640,26,0.8844263469800353,0.0032734719570726156,0.125902767579716,19
time_ratio,launch,xgboost,gemver::gemverkernel3,1640,26,1.0490744640119374,0.003113849088549614,0.11976342648267746,19
time_ratio,launch,xgboost,gesummv::gesummvkernel,1640,26,0.6459764391183853,0.003136618062853813,0.12063915626360819,19
time_ratio,launch,xgboost,gramschmidt::kernel1,1641,25,0.6455945800989866,0.003073608037084341,0.12294432148337363,19
time_ratio,launch,xgboost,gramschmidt::kernel2,1641,25,1.031227249884978,0.003186275018379092,0.1274510007351637,19
time_ratio,launch,xgboost,gramschmidt::kernel3,1641,25,0.6456372600514442,0.003034408902749419,0.12137635610997677,19
time_ratio,launch,xgboost,hotspot3d::hotspotopt1,1640,26,0.6537072130013257,0.003218438010662794,0.12378607733318439,19
time_ratio,launch,xgboost,hotspot::calculatetemp,1640,26,1.0373207519296557,0.0032300238963216543,0.12423168832006364,19
time_ratio,launch,xgboost,jacobi1d::kernel1,1641,25,0.7020340170711279,0.019436087924987078,0.7774435169994831,19
time_ratio,launch,xgboost,jacobi1d::kernel2,1641,25,0.7753518389072269,0.019320084946230054,0.7728033978492022,19
time_ratio,launch,xgboost,jacobi2d::kernel1,1640,26,0.8287310840096325,0.0032337938901036978,0.12437668808091147,19
time_ratio,launch,xgboost,jacobi2d::kernel2,1640,26,0.6444891500286758,0.003064556047320366,0.11786754028155252,19
time_ratio,launch,xgboost,kmeans::kmeanspoint,1641,25,0.926447156816721,0.019339983118698,0.77359932474792,19
time_ratio,launch,xgboost,lavamd::kernelgpucuda,1641,25,0.6926551831420511,0.0030649779364466667,0.12259911745786665,19
time_ratio,launch,xgboost,mvt::kernel1,1640,26,0.7453154360409826,0.0031554540619254112,0.12136361776636198,19
time_ratio,launch,xgboost,mvt::kernel2,1640,26,1.0610120280180126,0.003979420056566596,0.15305461756025368,19
time_ratio,launch,xgboost,myocyte::solver2,1640,26,0.676844083936885,0.0031310459598898888,0.12042484461114958,19
time_ratio,launch,xgboost,nn::euclid,1640,26,0.6925164689309895,0.003193320007994771,0.1228200003074912,19
time_ratio,launch,xgboost,nw::shared1,1641,25,1.0536675800103694,0.01952750515192747,0.7811002060770988,19
time_ratio,launch,xgboost,nw::shared2,1641,25,0.6532802688889205,0.003085592994466424,0.12342371977865695,19
time_ratio,launch,xgboost,particlefilter::findindex,1640,26,0.6460624588653445,0.0030889478512108326,0.11880568658503202,19
time_ratio,launch,xgboost,particlefilter::likelihood,1641,25,1.0227533869910985,0.003150477074086666,0.12601908296346664,19
time_ratio,launch,xgboost,particlefilter::normalizeweights,1641,25,0.6401243929285556,0.0031586531549692154,0.12634612619876862,19
time_ratio,launch,xgboost,particlefilter::sum,1641,25,0.6563122000079602,0.0031408299691975117,0.12563319876790047,19
time_ratio,launch,xgboost,pathfinder::dynproc,1640,26,1.0253496221266687,0.003143215086311102,0.12089288793504238,19
time_ratio,launch,xgboost,preeuler3d::computeflux,1640,26,0.643859586911276,0.01023684605024755,0.39372484808644426,19
time_ratio,launch,xgboost,preeuler3d::computefluxcontributions,1641,25,0.6360770969185978,0.0030668459367007017,0.12267383746802807,19
time_ratio,launch,xgboost,preeuler3d::computestepfactor,1640,26,1.6547698790673167,0.003310278058052063,0.12731838684815627,19
time_ratio,launch,xgboost,preeuler3d::timestep,1640,26,0.9394110501743853,0.004454111913219094,0.17131199666227287,19
time_ratio,launch,xgboost,sradv1::compress,1640,26,0.6517498339526355,0.0030624489299952984,0.11778649730751148,19
time_ratio,launch,xgboost,sradv1::extract,1640,26,0.7114490990061313,0.019762276904657483,0.760087573256057,19
time_ratio,launch,xgboost,sradv1::prepare,1641,25,1.1763153700158,0.0033127819187939167,0.13251127675175667,19
time_ratio,launch,xgboost,sradv1::reduce,1640,26,0.7866625972092152,0.01946658082306385,0.7487146470409173,19
time_ratio,launch,xgboost,sradv1::srad,1640,26,1.8081490551121533,0.003310465021058917,0.12732557773303527,19
time_ratio,launch,xgboost,sradv1::srad2,1640,26,1.2081512899603695,0.0032679277937859297,0.12568953053022808,19
time_ratio,launch,xgboost,streamcluster::computecost,1640,26,1.2169340350665152,0.010479336138814688,0.4030513899544111,19
time_ratio,launch,xgboost,syr2k::syr2kkernel,1640,26,0.6494098680559546,0.0031796549446880817,0.12229442094954161,19
time_ratio,launch,xgboost,syrk::syrkkernel,1641,25,1.04686138802208,0.003228086046874523,0.12912344187498093,19
time_ratio,runtime,random_forest,2dconv::convolution2dkernel,1640,26,1.2168286880478263,0.2546035039704293,9.792442460401126,162
time_ratio,runtime,random_forest,2mm::mm2kernel1,1641,25,1.1262661057990044,0.25395535002462566,10.158214000985026,162
time_ratio,runtime,random_forest,2mm::mm2kernel2,1640,26,1.1073441221378744,0.2673813661094755,10.283898696518289,162
time_ratio,runtime,random_forest,3mm::mm3kernel1,1641,25,1.1350097060203552,0.2657516000326723,10.630064001306891,162
time_ratio,runtime,random_forest,3mm::mm3kernel2,1640,26,1.106256240978837,0.2586555571760982,9.948290660619161,162
time_ratio,runtime,random_forest,3mm::mm3kernel3,1640,26,1.125823238864541,0.3525925581343472,13.561252235936431,162
time_ratio,runtime,random_forest,atax::ataxkernel1,1640,26,1.1221202050801367,0.2455770920496434,9.44527277114013,162
time_ratio,runtime,random_forest,atax::ataxkernel2,1640,26,1.1209070170298219,0.28014973597601056,10.774989845231175,162
time_ratio,runtime,random_forest,bicg::bicgkernel1,1640,26,1.1261086070444435,0.2539858298841864,9.7686857647764,162
time_ratio,runtime,random_forest,bicg::bicgkernel2,1641,25,1.116136230994016,0.26124728098511696,10.449891239404678,162
time_ratio,runtime,random_forest,correlation::corrkernel,1641,25,1.1148198212031275,0.2909739278256893,11.638957113027573,162
time_ratio,runtime,random_forest,correlation::meankernel,1640,26,1.1380780930630863,0.26573759806342423,10.22067684859324,162
time_ratio,runtime,random_forest,correlation::reducekernel,1640,26,1.107949717901647,0.2550034101586789,9.807823467641494,162
time_ratio,runtime,random_forest,correlation::stdkernel,1640,26,1.1928452409338206,0.28159817517735064,10.830699045282717,162
time_ratio,runtime,random_forest,covariance::covarkernel,1641,25,1.1359264280181378,0.2636716910637915,10.54686764255166,162
time_ratio,runtime,random_forest,covariance::meankernel,1641,25,1.1495510980021209,0.288800380891189,11.55201523564756,162
time_ratio,runtime,random_forest,covariance::reducekernel,1640,26,1.133269164012745,0.25989142688922584,9.99582411112407,162
time_ratio,runtime,random_forest,doitgen::kernel1,1641,25,1.1116132661700249,0.2887230769265443,11.548923077061772,162
time_ratio,runtime,random_forest,doitgen::kernel2,1640,26,1.2448462238535285,0.264895997941494,10.188307613134384,162
time_ratio,runtime,random_forest,euler3d::computeflux,1640,26,1.1124294879846275,0.2961344299837947,11.389785768607489,162
time_ratio,runtime,random_forest,euler3d::computestepfactor,1641,25,1.1250355958472937,0.2538274109829217,10.153096439316869,162
time_ratio,runtime,random_forest,euler3d::timestep,1640,26,1.1228494830429554,0.26095708389766514,10.036810919140967,162
time_ratio,runtime,random_forest,fdtd2d::step1,1640,26,1.1246653757989407,0.28644706192426383,11.017194689394763,162
time_ratio,runtime,random_forest,fdtd2d::step2,1640,26,1.1108060751575977,0.3373401288408786,12.974620340033791,162
time_ratio,runtime,random_forest,fdtd2d::step3,1640,26,1.1113573519978672,0.25146250100806355,9.67163465415629,162
time_ratio,runtime,random_forest,gemm::gemmkernel,1641,25,1.1364154170732945,0.28315514884889126,11.32620595395565,162
time_ratio,runtime,random_forest,gemver::gemverkernel1,1640,26,1.1205868690740317,0.2851056610234082,10.965602347054162,162
time_ratio,runtime,random_forest,gemver::gemverkernel2,1640,26,1.09890725184232,0.27100542187690735,10.423285456804129,162
time_ratio,runtime,random_forest,gemver::gemverkernel3,1640,26,1.1277442330028862,0.25554359913803637,9.828599966847552,162
time_ratio,runtime,random_forest,gesummv::gesummvkernel,1640,26,1.1180446171201766,0.2843431050423533,10.93627327085974,162
time_ratio,runtime,random_forest,gramschmidt::kernel1,1641,25,1.1286535791587085,0.28128567710518837,11.251427084207535,162
time_ratio,runtime,random_forest,gramschmidt::kernel2,1641,25,1.216463312972337,0.2650034031830728,10.600136127322912,162
time_ratio,runtime,random_forest,gramschmidt::kernel3,1641,25,1.1181209729984403,0.2653640089556575,10.6145603582263,162
time_ratio,runtime,random_forest,hotspot3d::hotspotopt1,1640,26,1.1258809741120785,0.26425777398981154,10.163760538069674,162
time_ratio,runtime,random_forest,hotspot::calculatetemp,1640,26,1.1203689861577004,0.25883235898800194,9.955090730307766,162
time_ratio,runtime,random_forest,jacobi1d::kernel1,1641,25,1.1138737960718572,0.25814151600934565,10.325660640373826,162
time_ratio,runtime,random_forest,jacobi1d::kernel2,1641,25,1.2703660260885954,0.2607675220351666,10.430700881406665,162
time_ratio,runtime,random_forest,jacobi2d::kernel1,1640,26,1.1116655240766704,0.2722656768746674,10.471756802871823,162
time_ratio,runtime,random_forest,jacobi2d::kernel2,1640,26,1.1652473390568048,0.2506421210709959,9.640081579653689,162
time_ratio,runtime,random_forest,kmeans::kmeanspoint,1641,25,1.1290340621490031,0.30886219814419746,12.354487925767899,162
time_ratio,runtime,random_forest,lavamd::kernelgpucuda,1641,25,1.1414724718779325,0.26313676382414997,10.525470552965999,162
time_ratio,runtime,random_forest,mvt::kernel1,1640,26,1.1395338028669357,0.3036016318947077,11.676985842104141,162
time_ratio,runtime,random_forest,mvt::kernel2,1640,26,1.1117175151593983,0.25598788214847445,9.845687774941325,162
time_ratio,runtime,random_forest,myocyte::solver2,1640,26,1.1174009491223842,0.25687980209477246,9.87999238826048,162
time_ratio,runtime,random_forest,nn::euclid,1640,26,1.1350375551264733,0.27609922899864614,10.619201115332544,162
time_ratio,runtime,random_forest,nw::shared1,1641,25,1.1461575450375676,0.26172209111973643,10.468883644789457,162
time_ratio,runtime,random_forest,nw::shared2,1641,25,1.1146362549625337,0.2795797078870237,11.183188315480947,162
time_ratio,runtime,random_forest,particlefilter::findindex,1640,26,1.1296889171935618,0.2902818110305816,11.164685039637753,162
time_ratio,runtime,random_forest,particlefilter::likelihood,1641,25,1.135578703135252,0.2910576481372118,11.642305925488472,162
time_ratio,runtime,random_forest,particlefilter::normalizeweights,1641,25,1.1951790030580014,0.2544369609095156,10.177478436380625,162
time_ratio,runtime,random_forest,particlefilter::sum,1641,25,1.115677140885964,0.28533131699077785,11.413252679631114,162
time_ratio,runtime,random_forest,pathfinder::dynproc,1640,26,1.1377635500393808,0.25095473881810904,9.65210533915804,162
time_ratio,runtime,random_forest,preeuler3d::computeflux,1640,26,1.1148998991120607,0.28273262502625585,10.87433173177907,162
time_ratio,runtime,random_forest,preeuler3d::computefluxcontributions,1641,25,1.1191521999426186,0.25533211091533303,10.213284436613321,162
time_ratio,runtime,random_forest,preeuler3d::computestepfactor,1640,26,1.134693233994767,0.2524311221204698,9.708889312325763,162
time_ratio,runtime,random_forest,preeuler3d::timestep,1640,26,1.1140138660557568,0.27580084279179573,10.607724722761374,162
time_ratio,runtime,random_forest,sradv1::compress,1640,26,1.1233138479292393,0.2626659751404077,10.102537505400296,162
time_ratio,runtime,random_forest,sradv1::extract,1640,26,1.1269443000201136,0.28523387806490064,10.970533771726947,162
time_ratio,runtime,random_forest,sradv1::prepare,1641,25,1.1162461750209332,0.28627844201400876,11.45113768056035,162
time_ratio,runtime,random_forest,sradv1::reduce,1640,26,1.1262782060075551,0.2577612018212676,9.91389237774106,162
time_ratio,runtime,random_forest,sradv1::srad,1640,26,1.128157732076943,0.25826942920684814,9.933439584878775,162
time_ratio,runtime,random_forest,sradv1::srad2,1640,26,1.1517189810983837,0.2744296931196004,10.554988196907708,162
time_ratio,runtime,random_forest,streamcluster::computecost,1640,26,1.1531708058901131,0.2616901171859354,10.065004507151361,162
time_ratio,runtime,random_forest,syr2k::syr2kkernel,1640,26,1.1100330350454897,0.24561046599410474,9.446556384388645,162
time_ratio,runtime,random_forest,syrk::syrkkernel,1641,25,1.111307465005666,0.275082295993343,11.00329183973372,162
time_ratio,runtime,extra_trees,2dconv::convolution2dkernel,1640,26,0.6488389240112156,0.27545767393894494,10.594525920728652,162
time_ratio,runtime,extra_trees,2mm::mm2kernel1,1641,25,0.6661560479551554,0.2970027949195355,11.88011179678142,162
time_ratio,runtime,extra_trees,2mm::mm2kernel2,1640,26,0.7619807799346745,0.3047766350209713,11.722178270037357,162
time_ratio,runtime,extra_trees,3mm::mm3kernel1,1641,25,0.6985570720862597,0.311712346971035,12.4684938788414,162
time_ratio,runtime,extra_trees,3mm::mm3kernel2,1640,26,0.6516661029309034,0.27307501318864524,10.502885122640201,162
time_ratio,runtime,extra_trees,3mm::mm3kernel3,1640,26,0.6525381638202816,0.282626214902848,10.870239034724923,162
time_ratio,runtime,extra_trees,atax::ataxkernel1,1640,26,0.6645880080759525,0.2616933479439467,10.065128767074874,162
time_ratio,runtime,extra_trees,atax::ataxkernel2,1640,26,0.6939046760089695,0.2637102210428566,10.142700809340637,162
time_ratio,runtime,extra_trees,bicg::bicgkernel1,1640,26,0.648076657904312,0.2827211660332978,10.873891001280684,162
time_ratio,runtime,extra_trees,bicg::bicgkernel2,1641,25,0.6713190160226077,0.2633297180291265,10.533188721165061,162
time_ratio,runtime,extra_trees,correlation::corrkernel,1641,25,0.6505904870573431,0.2563372009899467,10.253488039597869,162
time_ratio,runtime,extra_trees,correlation::meankernel,1640,26,0.6654689568094909,0.321756883058697,12.375264733026807,162
time_ratio,runtime,extra_trees,correlation::reducekernel,1640,26,0.6487569028977305,0.2895367599558085,11.136029229069559,162
time_ratio,runtime,extra_trees,correlation::stdkernel,1640,26,0.6711750149261206,0.30205502291209996,11.617500881234614,162
time_ratio,runtime,extra_trees,covariance::covarkernel,1641,25,0.6643919078633189,0.2501074259635061,10.004297038540244,162
time_ratio,runtime,extra_trees,covariance::meankernel,1641,25,0.7034053900279105,0.2566011950839311,10.264047803357244,162
time_ratio,runtime,extra_trees,covariance::reducekernel,1640,26,0.6413232141640037,0.2547478978522122,9.79799607123893,162
time_ratio,runtime,extra_trees,doitgen::kernel1,1641,25,0.6706600941251963,0.25145365996286273,10.05814639851451,162
time_ratio,runtime,extra_trees,doitgen::kernel2,1640,26,0.6560762140434235,0.25636171200312674,9.860065846274106,162
time_ratio,runtime,extra_trees,euler3d::computeflux,1640,26,0.6453879131004214,0.2534447389189154,9.747874573804438,162
time_ratio,runtime,extra_trees,euler3d::computestepfactor,1641,25,0.649233281146735,0.3108142679557204,12.432570718228817,162
time_ratio,runtime,extra_trees,euler3d::timestep,1640,26,0.648451522924006,0.26137655088678,10.052944264876155,162
time_ratio,runtime,extra_trees,fdtd2d::step1,1640,26,0.6440307239536196,0.28406787500716746,10.925687500275671,162
time_ratio,runtime,extra_trees,fdtd2d::step2,1640,26,0.7346873900387436,0.2529377529863268,9.728375114858725,162
time_ratio,runtime,extra_trees,fdtd2d::step3,1640,26,0.6652646230068058,0.32157214800827205,12.368159538779695,162
time_ratio,runtime,extra_trees,gemm::gemmkernel,1641,25,0.6596822598949075,0.25146920094266534,10.058768037706614,162
time_ratio,runtime,extra_trees,gemver::gemverkernel1,1640,26,0.6558023730758578,0.2677767619024962,10.299106227019085,162
time_ratio,runtime,extra_trees,gemver::gemverkernel2,1640,26,0.6500769220292568,0.2811000810470432,10.811541578732431,162
time_ratio,runtime,extra_trees,gemver::gemverkernel3,1640,26,0.6367182980757207,0.32874035788699985,12.643859918730763,162
time_ratio,runtime,extra_trees,gesummv::gesummvkernel,1640,26,0.6540897858794779,0.28247709292918444,10.8645035741994,162
time_ratio,runtime,extra_trees,gramschmidt::kernel1,1641,25,0.6408206659834832,0.27264695800840855,10.905878320336342,162
time_ratio,runtime,extra_trees,gramschmidt::kernel2,1641,25,0.7553512081503868,0.2442848610226065,9.77139444090426,162
time_ratio,runtime,extra_trees,gramschmidt::kernel3,1641,25,0.6485062839929014,0.2824018821120262,11.296075284481049,162
time_ratio,runtime,extra_trees,hotspot3d::hotspotopt1,1640,26,0.6456930078566074,0.27390149305574596,10.534672809836383,162
time_ratio,runtime,extra_trees,hotspot::calculatetemp,1640,26,0.662876684917137,0.28674648702144623,11.028711039286394,162
time_ratio,runtime,extra_trees,jacobi1d::kernel1,1641,25,0.657789811026305,0.2550810510292649,10.203242041170597,162
time_ratio,runtime,extra_trees,jacobi1d::kernel2,1641,25,0.742667400976643,0.25884779705666006,10.353911882266402,162
time_ratio,runtime,extra_trees,jacobi2d::kernel1,1640,26,0.6438914819154888,0.2744946510065347,10.557486577174412,162
time_ratio,runtime,extra_trees,jacobi2d::kernel2,1640,26,0.6468752699438483,0.29366190009750426,11.294688465288626,162
time_ratio,runtime,extra_trees,kmeans::kmeanspoint,1641,25,0.6623113891109824,0.271040370920673,10.84161483682692,162
time_ratio,runtime,extra_trees,lavamd::kernelgpucuda,1641,25,0.6547797210514545,0.28682902292348444,11.473160916939378,162
time_ratio,runtime,extra_trees,mvt::kernel1,1640,26,0.6554117191117257,0.2669064300134778,10.2656319235953,162
time_ratio,runtime,extra_trees,mvt::kernel2,1640,26,0.6517188949510455,0.27438980084843934,10.553453878786128,162
time_ratio,runtime,extra_trees,myocyte::solver2,1640,26,0.6441311920061707,0.2608366198837757,10.032177687837528,162
time_ratio,runtime,extra_trees,nn::euclid,1640,26,0.684682150837034,0.2838607549201697,10.91772134308345,162
time_ratio,runtime,extra_trees,nw::shared1,1641,25,0.6699307239614427,0.2610877309925854,10.443509239703417,162
time_ratio,runtime,extra_trees,nw::shared2,1641,25,0.6442147018387914,0.28452860307879746,11.381144123151898,162
time_ratio,runtime,extra_trees,particlefilter::findindex,1640,26,0.6554260901175439,0.27455921890214086,10.559969957774648,162
time_ratio,runtime,extra_trees,particlefilter::likelihood,1641,25,0.6359677400905639,0.26537309819832444,10.614923927932978,162
time_ratio,runtime,extra_trees,particlefilter::normalizeweights,1641,25,0.7437933720648289,0.2664774158038199,10.659096632152796,162
time_ratio,runtime,extra_trees,particlefilter::sum,1641,25,0.6620739018544555,0.2885018549859524,11.540074199438095,162
time_ratio,runtime,extra_trees,pathfinder::dynproc,1640,26,0.6623950251378119,0.23968545184470713,9.218671224796427,162
time_ratio,runtime,extra_trees,preeuler3d::computeflux,1640,26,0.656855575973168,0.26770707592368126,10.296425997064663,162
time_ratio,runtime,extra_trees,preeuler3d::computefluxcontributions,1641,25,0.6470670101698488,0.253152176970616,10.12608707882464,162
time_ratio,runtime,extra_trees,preeuler3d::computestepfactor,1640,26,0.6940624178387225,0.25660406379029155,9.869387068857367,162
time_ratio,runtime,extra_trees,preeuler3d::timestep,1640,26,0.6709824351128191,0.2801658029202372,10.775607804624507,162
time_ratio,runtime,extra_trees,sradv1::compress,1640,26,0.6417807538527995,0.2849250470753759,10.958655656745227,162
time_ratio,runtime,extra_trees,sradv1::extract,1640,26,0.7216005509253591,0.281685191905126,10.834045842504846,162
time_ratio,runtime,extra_trees,sradv1::prepare,1641,25,0.647137412102893,0.28915010089986026,11.56600403599441,162
time_ratio,runtime,extra_trees,sradv1::reduce,1640,26,0.6578607179690152,0.28640789701603353,11.01568834677052,162
time_ratio,runtime,extra_trees,sradv1::srad,1640,26,0.6535847061313689,0.29322382621467113,11.277839469795044,162
time_ratio,runtime,extra_trees,sradv1::srad2,1640,26,0.6448999890126288,0.25166093884035945,9.679266878475364,162
time_ratio,runtime,extra_trees,streamcluster::computecost,1640,26,0.6867794489953667,0.2671064098831266,10.27332345704333,162
time_ratio,runtime,extra_trees,syr2k::syr2kkernel,1640,26,0.6731693928595632,0.27658357797190547,10.637829921996364,162
time_ratio,runtime,extra_trees,syrk::syrkkernel,1641,25,0.6517626319546252,0.2565766351763159,10.263065407052636,162
time_ratio,runtime,xgboost,2dconv::convolution2dkernel,1640,26,1.7665630979463458,0.007220512954518199,0.27771203671223843,162
time_ratio,runtime,xgboost,2mm::mm2kernel1,1641,25,1.7417577470187098,0.007048631086945534,0.28194524347782135,162
time_ratio,runtime,xgboost,2mm::mm2kernel2,1640,26,1.363657918991521,0.007216707104817033,0.27756565787757814,162
time_ratio,runtime,xgboost,3mm::mm3kernel1,1641,25,1.606259013991803,0.0071193978656083345,0.2847759146243334,162
time_ratio,runtime,xgboost,3mm::mm3kernel2,1640,26,2.282835931982845,0.007214090088382363,0.2774650033993217,162
time_ratio,runtime,xgboost,3mm::mm3kernel3,1640,26,1.7991492301225662,0.007197993109002709,0.27684588880779654,162
time_ratio,runtime,xgboost,atax::ataxkernel1,1640,26,1.8705144568812102,0.0075600838754326105,0.2907724567474081,162
time_ratio,runtime,xgboost,atax::ataxkernel2,1640,26,1.802988045150414,0.007146772928535938,0.2748758818667668,162
time_ratio,runtime,xgboost,bicg::bicgkernel1,1640,26,1.4119786920491606,0.007211959920823574,0.2773830738778298,162
time_ratio,runtime,xgboost,bicg::bicgkernel2,1641,25,1.6781314250547439,0.0071055858861655,0.28422343544662,162
time_ratio,runtime,xgboost,correlation::corrkernel,1641,25,2.1372946661431342,0.011805803049355745,0.4722321219742298,162
time_ratio,runtime,xgboost,correlation::meankernel,1640,26,2.4533268499653786,0.007297073025256395,0.28065665481755364,162
time_ratio,runtime,xgboost,correlation::reducekernel,1640,26,2.1065267198719084,0.007897749077528715,0.30375957990495056,162
time_ratio,runtime,xgboost,correlation::stdkernel,1640,26,1.8009349221829325,0.009856233140453696,0.37908589001744986,162
time_ratio,runtime,xgboost,covariance::covarkernel,1641,25,1.7341812960803509,0.007242676801979542,0.28970707207918167,162
time_ratio,runtime,xgboost,covariance::meankernel,1641,25,1.3516050060279667,0.02404225990176201,0.9616903960704803,162
time_ratio,runtime,xgboost,covariance::reducekernel,1640,26,1.4020573319867253,0.007149339187890291,0.2749745841496266,162
time_ratio,runtime,xgboost,doitgen::kernel1,1641,25,1.7454464209731668,0.007152704056352377,0.2861081622540951,162
time_ratio,runtime,xgboost,doitgen::kernel2,1640,26,2.385592360049486,0.007247815141454339,0.2787621208251669,162
time_ratio,runtime,xgboost,euler3d::computeflux,1640,26,1.7686426821164787,0.007301728939637542,0.28083572844759774,162
time_ratio,runtime,xgboost,euler3d::computestepfactor,1641,25,1.7558602329809219,0.007311898982152343,0.2924759592860937,162
time_ratio,runtime,xgboost,euler3d::timestep,1640,26,1.4218636699952185,0.019064113032072783,0.7332351166181839,162
time_ratio,runtime,xgboost,fdtd2d::step1,1640,26,1.7213941959198564,0.007224929053336382,0.27788188666678393,162
time_ratio,runtime,xgboost,fdtd2d::step2,1640,26,1.7297128029167652,0.007025527069345117,0.2702125795901968,162
time_ratio,runtime,xgboost,fdtd2d::step3,1640,26,1.940600608009845,0.007322487188503146,0.2816341226347364,162
time_ratio,runtime,xgboost,gemm::gemmkernel,1641,25,1.4506595488637686,0.028835123870521784,1.1534049548208714,162
time_ratio,runtime,xgboost,gemver::gemverkernel1,1640,26,1.3832244938239455,0.007089400896802545,0.2726692652616364,162
time_ratio,runtime,xgboost,gemver::gemverkernel2,1640,26,1.7373861300293356,0.006973283132538199,0.26820319740531534,162
time_ratio,runtime,xgboost,gemver::gemverkernel3,1640,26,1.7297772699967027,0.007067593978717923,0.271830537642997,162
time_ratio,runtime,xgboost,gesummv::gesummvkernel,1640,26,1.4758178261108696,0.01205970486626029,0.4638348025484727,162
time_ratio,runtime,xgboost,gramschmidt::kernel1,1641,25,1.5867006650660187,0.0072646490298211575,0.2905859611928463,162
time_ratio,runtime,xgboost,gramschmidt::kernel2,1641,25,1.7474748361855745,0.014679264975711703,0.5871705990284681,162
time_ratio,runtime,xgboost,gramschmidt::kernel3,1641,25,1.7147302068769932,0.007330792024731636,0.29323168098926544,162
time_ratio,runtime,xgboost,hotspot3d::hotspotopt1,1640,26,1.4292761918623,0.023293124046176672,0.8958893863914105,162
time_ratio,runtime,xgboost,hotspot::calculatetemp,1640,26,2.126456306083128,0.02352902409620583,0.9049624652386858,162
time_ratio,runtime,xgboost,jacobi1d::kernel1,1641,25,1.3318384049925953,0.007175446953624487,0.2870178781449795,162
time_ratio,runtime,xgboost,jacobi1d::kernel2,1641,25,1.7099525451194495,0.007172205951064825,0.286888238042593,162
time_ratio,runtime,xgboost,jacobi2d::kernel1,1640,26,1.7261909949593246,0.007213738048449159,0.2774514634018907,162
time_ratio,runtime,xgboost,jacobi2d::kernel2,1640,26,1.3981764540076256,0.013894135132431984,0.5343898127858455,162
time_ratio,runtime,xgboost,kmeans::kmeanspoint,1641,25,1.7249493559356779,0.0071163971442729235,0.28465588577091694,162
time_ratio,runtime,xgboost,lavamd::kernelgpucuda,1641,25,2.350900689838454,0.007126333890482783,0.28505335561931133,162
time_ratio,runtime,xgboost,mvt::kernel1,1640,26,1.765651699155569,0.006983878090977669,0.2686106958068334,162
time_ratio,runtime,xgboost,mvt::kernel2,1640,26,2.1398928540293127,0.007185654016211629,0.2763713083158319,162
time_ratio,runtime,xgboost,myocyte::solver2,1640,26,2.5124752949923277,0.01575476606376469,0.6059525409140265,162
time_ratio,runtime,xgboost,nn::euclid,1640,26,2.01123548601754,0.007041498785838485,0.2708268763784033,162
time_ratio,runtime,xgboost,nw::shared1,1641,25,1.7607453810051084,0.016043068142607808,0.6417227257043123,162
time_ratio,runtime,xgboost,nw::shared2,1641,25,1.803190188948065,0.007454549893736839,0.29818199574947357,162
time_ratio,runtime,xgboost,particlefilter::findindex,1640,26,1.4070838119369,0.007050911895930767,0.2711889190742603,162
time_ratio,runtime,xgboost,particlefilter::likelihood,1641,25,1.649690035963431,0.007110995007678866,0.28443980030715466,162
time_ratio,runtime,xgboost,particlefilter::normalizeweights,1641,25,1.7185397110879421,0.007094069849699736,0.2837627939879894,162
time_ratio,runtime,xgboost,particlefilter::sum,1641,25,2.7729689539410174,0.008212032029405236,0.32848128117620945,162
time_ratio,runtime,xgboost,pathfinder::dynproc,1640,26,1.7467522209044546,0.007126234006136656,0.27408592331294834,162
time_ratio,runtime,xgboost,preeuler3d::computeflux,1640,26,1.7151609079446644,0.007079096976667643,0.27227296064106316,162
time_ratio,runtime,xgboost,preeuler3d::computefluxcontributions,1641,25,1.399488241178915,0.007139862049371004,0.28559448197484016,162
time_ratio,runtime,xgboost,preeuler3d::computestepfactor,1640,26,1.5907997691538185,0.00701373303309083,0.2697589628111857,162
time_ratio,runtime,xgboost,preeuler3d::timestep,1640,26,1.7619936459232122,0.007090480998158455,0.27271080762147903,162
time_ratio,runtime,xgboost,sradv1::compress,1640,26,1.7741491950582713,0.007010500179603696,0.26963462229244983,162
time_ratio,runtime,xgboost,sradv1::extract,1640,26,1.3970439778640866,0.00715674995444715,0.2752596136325827,162
time_ratio,runtime,xgboost,sradv1::prepare,1641,25,1.67835528193973,0.007241650950163603,0.2896660380065441,162
time_ratio,runtime,xgboost,sradv1::reduce,1640,26,1.739742964040488,0.007106379140168428,0.27332227462186265,162
time_ratio,runtime,xgboost,sradv1::srad,1640,26,1.7530599050223827,0.007183092879131436,0.27627280304351676,162
time_ratio,runtime,xgboost,sradv1::srad2,1640,26,1.6386133159976453,0.02341004111804068,0.9003861968477185,162
time_ratio,runtime,xgboost,streamcluster::computecost,1640,26,1.426899577025324,0.007116016000509262,0.27369292309651005,162
time_ratio,runtime,xgboost,syr2k::syr2kkernel,1640,26,2.3629509231541306,0.008042494067922235,0.30932669492008597,162
time_ratio,runtime,xgboost,syrk::syrkkernel,1641,25,2.3150041808839887,0.007017316063866019,0.28069264255464077,162
time_ratio,ptx_launch,random_forest,2dconv::convolution2dkernel,1640,26,1.0915220980532467,0.2610116999130696,10.038911535118062,71
time_ratio,ptx_launch,random_forest,2mm::mm2kernel1,1641,25,1.0464426211547107,0.2493106140755117,9.972424563020468,71
time_ratio,ptx_launch,random_forest,2mm::mm2kernel2,1640,26,1.1055644538719207,0.29085209988988936,11.186619226534207,71
time_ratio,ptx_launch,random_forest,3mm::mm3kernel1,1641,25,1.0378033199813217,0.2790030960459262,11.160123841837049,71
time_ratio,ptx_launch,random_forest,3mm::mm3kernel2,1640,26,1.027015837840736,0.28877628105692565,11.106780040650985,71
time_ratio,ptx_launch,random_forest,3mm::mm3kernel3,1640,26,1.0822488169651479,0.27047832985408604,10.403012686695616,71
time_ratio,ptx_launch,random_forest,atax::ataxkernel1,1640,26,1.0501116472296417,0.25150363612920046,9.673216774200018,71
time_ratio,ptx_launch,random_forest,atax::ataxkernel2,1640,26,1.0536582479253411,0.2523875271435827,9.70721258244549,71
time_ratio,ptx_launch,random_forest,bicg::bicgkernel1,1640,26,1.0938201369717717,0.2617398099973798,10.066915769129992,71
time_ratio,ptx_launch,random_forest,bicg::bicgkernel2,1641,25,1.004509726073593,0.2625372351612896,10.501489406451583,71
time_ratio,ptx_launch,random_forest,correlation::corrkernel,1641,25,1.0816664539743215,0.2717853880021721,10.871415520086884,71
time_ratio,ptx_launch,random_forest,correlation::meankernel,1640,26,1.029003739124164,0.26710208505392075,10.27315711745849,71
time_ratio,ptx_launch,random_forest,correlation::reducekernel,1640,26,1.0233949609100819,0.2627132828347385,10.104357032105327,71
time_ratio,ptx_launch,random_forest,correlation::stdkernel,1640,26,1.0089434150140733,0.2646556501276791,10.179063466449197,71
time_ratio,ptx_launch,random_forest,covariance::covarkernel,1641,25,0.9630109630525112,0.25513652502559125,10.20546100102365,71
time_ratio,ptx_launch,random_forest,covariance::meankernel,1641,25,1.0063887401483953,0.2481432028580457,9.925728114321828,71
time_ratio,ptx_launch,random_forest,covariance::reducekernel,1640,26,1.023514071945101,0.2683178011793643,10.31991542997555,71
time_ratio,ptx_launch,random_forest,doitgen::kernel1,1641,25,1.0649988460354507,0.25877801701426506,10.351120680570602,71
time_ratio,ptx_launch,random_forest,doitgen::kernel2,1640,26,1.0214652081485838,0.2693126401863992,10.358178468707662,71
time_ratio,ptx_launch,random_forest,euler3d::computeflux,1640,26,1.0306560979224741,0.31101354607380927,11.96205946437728,71
time_ratio,ptx_launch,random_forest,euler3d::computestepfactor,1641,25,1.006902830908075,0.24687947798520327,9.87517911940813,71
time_ratio,ptx_launch,random_forest,euler3d::timestep,1640,26,1.0194910180289298,0.25427067815326154,9.779641467433136,71
time_ratio,ptx_launch,random_forest,fdtd2d::step1,1640,26,1.0193522891495377,0.3045085009653121,11.711865421742775,71
time_ratio,ptx_launch,random_forest,fdtd2d::step2,1640,26,0.9957621921785176,0.24890846200287342,9.5734023847259,71
time_ratio,ptx_launch,random_forest,fdtd2d::step3,1640,26,1.019257000181824,0.28007328091189265,10.772049265842025,71
time_ratio,ptx_launch,random_forest,gemm::gemmkernel,1641,25,1.1020323599223047,0.2636302129831165,10.54520851932466,71
time_ratio,ptx_launch,random_forest,gemver::gemverkernel1,1640,26,1.0416725079994649,0.2652238979935646,10.200919153598639,71
time_ratio,ptx_launch,random_forest,gemver::gemverkernel2,1640,26,0.98695786180906,0.2533722931984812,9.745088199941584,71
time_ratio,ptx_launch,random_forest,gemver::gemverkernel3,1640,26,1.0580612439662218,0.27400721120648086,10.538738892556957,71
time_ratio,ptx_launch,random_forest,gesummv::gesummvkernel,1640,26,0.9647928290069103,0.2767688778694719,10.644956841133535,71
time_ratio,ptx_launch,random_forest,gramschmidt::kernel1,1641,25,1.0624212760012597,0.25764877698384225,10.30595107935369,71
time_ratio,ptx_launch,random_forest,gramschmidt::kernel2,1641,25,0.9837130920495838,0.2616842600982636,10.467370403930545,71
time_ratio,ptx_launch,random_forest,gramschmidt::kernel3,1641,25,0.9825947759672999,0.2503670649603009,10.014682598412037,71
time_ratio,ptx_launch,random_forest,hotspot3d::hotspotopt1,1640,26,1.0257960590533912,0.2557402611710131,9.836163891192813,71
time_ratio,ptx_launch,random_forest,hotspot::calculatetemp,1640,26,1.083627913845703,0.2906586560420692,11.179179078541122,71
time_ratio,ptx_launch,random_forest,jacobi1d::kernel1,1641,25,1.0202330250758678,0.25066048209555447,10.026419283822179,71
time_ratio,ptx_launch,random_forest,jacobi1d::kernel2,1641,25,0.9680260140448809,0.23591349297203124,9.43653971888125,71
time_ratio,ptx_launch,random_forest,jacobi2d::kernel1,1640,26,1.04988744109869,0.28111140709370375,10.811977195911684,71
time_ratio,ptx_launch,random_forest,jacobi2d::kernel2,1640,26,1.0306870830245316,0.258155187824741,9.929045685566962,71
time_ratio,ptx_launch,random_forest,kmeans::kmeanspoint,1641,25,1.064360162941739,0.2649113079532981,10.596452318131924,71
time_ratio,ptx_launch,random_forest,lavamd::kernelgpucuda,1641,25,1.0066051329486072,0.250537924002856,10.02151696011424,71
time_ratio,ptx_launch,random_forest,mvt::kernel1,1640,26,1.0238622629549354,0.27508829603902996,10.580319078424228,71
time_ratio,ptx_launch,random_forest,mvt::kernel2,1640,26,1.035166972083971,0.3228043131530285,12.415550505885712,71
time_ratio,ptx_launch,random_forest,myocyte::solver2,1640,26,0.9855400868691504,0.27983376989141107,10.762837303515811,71
time_ratio,ptx_launch,random_forest,nn::euclid,1640,26,1.0013004678767174,0.24193679611198604,9.30526138892254,71
time_ratio,ptx_launch,random_forest,nw::shared1,1641,25,1.017283558147028,0.3139343799557537,12.557375198230147,71
time_ratio,ptx_launch,random_forest,nw::shared2,1641,25,1.0126863429322839,0.27221825695596635,10.888730278238654,71
time_ratio,ptx_launch,random_forest,particlefilter::findindex,1640,26,1.0136208508629352,0.24731693207286298,9.512189695110115,71
time_ratio,ptx_launch,random_forest,particlefilter::likelihood,1641,25,1.1119861139450222,0.2685532649047673,10.742130596190691,68
time_ratio,ptx_launch,random_forest,particlefilter::normalizeweights,1641,25,0.9668105249293149,0.31380859506316483,12.552343802526593,71
time_ratio,ptx_launch,random_forest,particlefilter::sum,1641,25,0.9658778118900955,0.2565202200785279,10.260808803141117,71
time_ratio,ptx_launch,random_forest,pathfinder::dynproc,1640,26,1.0342952369246632,0.2707030260935426,10.411654849751638,71
time_ratio,ptx_launch,random_forest,preeuler3d::computeflux,1640,26,1.0611554239876568,0.24990537692792714,9.611745266458737,71
time_ratio,ptx_launch,random_forest,preeuler3d::computefluxcontributions,1641,25,1.0280150999315083,0.2381726261228323,9.526905044913292,71
time_ratio,ptx_launch,random_forest,preeuler3d::computestepfactor,1640,26,1.0280789430253208,0.2628673678264022,10.110283377938547,71
time_ratio,ptx_launch,random_forest,preeuler3d::timestep,1640,26,1.004584810929373,0.27147671789862216,10.441412226870082,71
time_ratio,ptx_launch,random_forest,sradv1::compress,1640,26,1.0142117158975452,0.26436913292855024,10.168043574175009,71
time_ratio,ptx_launch,random_forest,sradv1::extract,1640,26,1.0327940110582858,0.2598923188634217,9.99585841782391,71
time_ratio,ptx_launch,random_forest,sradv1::prepare,1641,25,1.0639531160704792,0.24894440593197942,9.957776237279177,71
time_ratio,ptx_launch,random_forest,sradv1::reduce,1640,26,1.0354262648615986,0.26443416089750826,10.170544649904164,71
time_ratio,ptx_launch,random_forest,sradv1::srad,1640,26,0.9687813280615956,0.2806868532206863,10.795648200795629,71
time_ratio,ptx_launch,random_forest,sradv1::srad2,1640,26,1.0326770308893174,0.2537579939235002,9.759922843211545,71
time_ratio,ptx_launch,random_forest,streamcluster::computecost,1640,26,0.9902928669471294,0.2516372848767787,9.678357110645335,71
time_ratio,ptx_launch,random_forest,syr2k::syr2kkernel,1640,26,1.052193689160049,0.2642832950223237,10.164742116243222,71
time_ratio,ptx_launch,random_forest,syrk::syrkkernel,1641,25,1.107430683914572,0.2655905019491911,10.623620077967644,71
time_ratio,ptx_launch,extra_trees,2dconv::convolution2dkernel,1640,26,0.5580858590546995,0.3019431128632277,11.613196648585681,71
time_ratio,ptx_launch,extra_trees,2mm::mm2kernel1,1641,25,0.5574571408797055,0.25715427892282605,10.286171156913042,71
time_ratio,ptx_launch,extra_trees,2mm::mm2kernel2,1640,26,0.5780691548716277,0.2397540220990777,9.221308542272219,71
time_ratio,ptx_launch,extra_trees,3mm::mm3kernel1,1641,25,0.6506216588895768,0.2614475579466671,10.457902317866683,71
time_ratio,ptx_launch,extra_trees,3mm::mm3kernel2,1640,26,0.573235189076513,0.271232760977,10.432029268346152,71
time_ratio,ptx_launch,extra_trees,3mm::mm3kernel3,1640,26,0.5399555519688874,0.2786068480927497,10.715648003567297,71
time_ratio,ptx_launch,extra_trees,atax::ataxkernel1,1640,26,0.6224442420061678,0.2905438719317317,11.174764305066605,71
time_ratio,ptx_launch,extra_trees,atax::ataxkernel2,1640,26,0.5535587398335338,0.2854696069844067,10.979600268631028,71
time_ratio,ptx_launch,extra_trees,bicg::bicgkernel1,1640,26,0.569295453839004,0.27433777903206646,10.551453039694865,71
time_ratio,ptx_launch,extra_trees,bicg::bicgkernel2,1641,25,0.6201627908740193,0.27606115490198135,11.042446196079254,71
time_ratio,ptx_launch,extra_trees,correlation::corrkernel,1641,25,0.5716901659034193,0.2547653350047767,10.190613400191069,71
time_ratio,ptx_launch,extra_trees,correlation::meankernel,1640,26,0.5667558968998492,0.25474579306319356,9.797915117815137,71
time_ratio,ptx_launch,extra_trees,correlation::reducekernel,1640,26,0.6127853158395737,0.24797350796870887,9.53744261418111,71
time_ratio,ptx_launch,extra_trees,correlation::stdkernel,1640,26,0.5683783739805222,0.2563272921834141,9.858742007054389,71
time_ratio,ptx_launch,extra_trees,covariance::covarkernel,1641,25,0.5622602321673185,0.2642199120018631,10.568796480074525,71
time_ratio,ptx_launch,extra_trees,covariance::meankernel,1641,25,0.611807837150991,0.26164114009588957,10.465645603835583,71
time_ratio,ptx_launch,extra_trees,covariance::reducekernel,1640,26,0.5644575231708586,0.26118189189583063,10.04545738060887,71
time_ratio,ptx_launch,extra_trees,doitgen::kernel1,1641,25,0.5550290201790631,0.28320624795742333,11.328249918296933,71
time_ratio,ptx_launch,extra_trees,doitgen::kernel2,1640,26,0.5664637009613216,0.26816212898120284,10.31392803773857,71
time_ratio,ptx_launch,extra_trees,euler3d::computeflux,1640,26,0.5717734331265092,0.25742337899282575,9.90089919203176,71
time_ratio,ptx_launch,extra_trees,euler3d::computestepfactor,1641,25,0.5572153208777308,0.2748165528755635,10.99266211502254,71
time_ratio,ptx_launch,extra_trees,euler3d::timestep,1640,26,0.5656282820273191,0.2748656291514635,10.571754967363981,71
time_ratio,ptx_launch,extra_trees,fdtd2d::step1,1640,26,0.5594466968905181,0.26605076785199344,10.232721840461286,71
time_ratio,ptx_launch,extra_trees,fdtd2d::step2,1640,26,0.563673396827653,0.2500781218986958,9.618389303795993,71
time_ratio,ptx_launch,extra_trees,fdtd2d::step3,1640,26,0.5453250221908092,0.2525711690541357,9.714275732851373,71
time_ratio,ptx_launch,extra_trees,gemm::gemmkernel,1641,25,0.5607864260673523,0.2669884681235999,10.679538724943995,71
time_ratio,ptx_launch,extra_trees,gemver::gemverkernel1,1640,26,0.5571285260375589,0.25577890197746456,9.83765007605633,71
time_ratio,ptx_launch,extra_trees,gemver::gemverkernel2,1640,26,0.5570052308030427,0.25058255484327674,9.637790570895259,71
time_ratio,ptx_launch,extra_trees,gemver::gemverkernel3,1640,26,0.5651508329901844,0.2753636250272393,10.59090865489382,71
time_ratio,ptx_launch,extra_trees,gesummv::gesummvkernel,1640,26,0.561370275914669,0.25627613603137434,9.856774462745168,71
time_ratio,ptx_launch,extra_trees,gramschmidt::kernel1,1641,25,0.5536357981618494,0.284118358977139,11.36473435908556,71
time_ratio,ptx_launch,extra_trees,gramschmidt::kernel2,1641,25,0.5530580331105739,0.2484959838911891,9.939839355647564,71
time_ratio,ptx_launch,extra_trees,gramschmidt::kernel3,1641,25,0.5704135780688375,0.260293924016878,10.41175696067512,71
time_ratio,ptx_launch,extra_trees,hotspot3d::hotspotopt1,1640,26,0.5639207388740033,0.2620225287973881,10.07778956913031,71
time_ratio,ptx_launch,extra_trees,hotspot::calculatetemp,1640,26,0.5546401280444115,0.29311435599811375,11.27362907685053,71
time_ratio,ptx_launch,extra_trees,jacobi1d::kernel1,1641,25,0.568441882962361,0.255360224051401,10.21440896205604,71
time_ratio,ptx_launch,extra_trees,jacobi1d::kernel2,1641,25,0.5663977290969342,0.2537076440639794,10.148305762559175,71
time_ratio,ptx_launch,extra_trees,jacobi2d::kernel1,1640,26,0.5741929500363767,0.2559295550454408,9.843444424824646,71
time_ratio,ptx_launch,extra_trees,jacobi2d::kernel2,1640,26,0.5534719110000879,0.323296062881127,12.434463956966422,71
time_ratio,ptx_launch,extra_trees,kmeans::kmeanspoint,1641,25,0.5670833990443498,0.25410186988301575,10.16407479532063,71
time_ratio,ptx_launch,extra_trees,lavamd::kernelgpucuda,1641,25,0.5611242929007858,0.2537766320165247,10.151065280660987,71
time_ratio,ptx_launch,extra_trees,mvt::kernel1,1640,26,0.5792793990112841,0.3070104660000652,11.808094846156354,71
time_ratio,ptx_launch,extra_trees,mvt::kernel2,1640,26,0.585510941920802,0.27162827202118933,10.447241231584204,71
time_ratio,ptx_launch,extra_trees,myocyte::solver2,1640,26,0.5565477928612381,0.28177447197958827,10.837479691522626,71
time_ratio,ptx_launch,extra_trees,nn::euclid,1640,26,0.6406316470820457,0.25440889899618924,9.784957653699585,71
time_ratio,ptx_launch,extra_trees,nw::shared1,1641,25,0.5633142748847604,0.2960635810159147,11.842543240636587,71
time_ratio,ptx_launch,extra_trees,nw::shared2,1641,25,0.5601876159198582,0.2620480670593679,10.481922682374716,71
time_ratio,ptx_launch,extra_trees,particlefilter::findindex,1640,26,0.6510773559566587,0.2648888339754194,10.18803207597767,71
time_ratio,ptx_launch,extra_trees,particlefilter::likelihood,1641,25,0.5983656719326973,0.2628057850524783,10.512231402099133,68
time_ratio,ptx_launch,extra_trees,particlefilter::normalizeweights,1641,25,0.5534100809600204,0.2812746830750257,11.250987323001027,71
time_ratio,ptx_launch,extra_trees,particlefilter::sum,1641,25,0.6220336901023984,0.26883327891118824,10.75333115644753,71
time_ratio,ptx_launch,extra_trees,pathfinder::dynproc,1640,26,0.5721977700013667,0.29040640499442816,11.169477115170313,71
time_ratio,ptx_launch,extra_trees,preeuler3d::computeflux,1640,26,0.5828332139644772,0.24146937811747193,9.287283773748921,71
time_ratio,ptx_launch,extra_trees,preeuler3d::computefluxcontributions,1641,25,0.6376168178394437,0.24807268590666354,9.922907436266541,71
time_ratio,ptx_launch,extra_trees,preeuler3d::computestepfactor,1640,26,0.5511292279697955,0.26317478995770216,10.122107306065468,71
time_ratio,ptx_launch,extra_trees,preeuler3d::timestep,1640,26,0.5745607989374548,0.2638169110286981,10.146804270334542,71
time_ratio,ptx_launch,extra_trees,sradv1::compress,1640,26,0.606577622005716,0.2476485250517726,9.524943271222023,71
time_ratio,ptx_launch,extra_trees,sradv1::extract,1640,26,0.5624517011456192,0.26390709402039647,10.150272846938325,71
time_ratio,ptx_launch,extra_trees,sradv1::prepare,1641,25,0.5586047559045255,0.25171579187735915,10.068631675094366,71
time_ratio,ptx_launch,extra_trees,sradv1::reduce,1640,26,0.5559948300942779,0.25633479305543005,9.859030502131926,71
time_ratio,ptx_launch,extra_trees,sradv1::srad,1640,26,0.5571163641288877,0.2654852250125259,10.210970192789457,71
time_ratio,ptx_launch,extra_trees,sradv1::srad2,1640,26,0.5666374389547855,0.287068281089887,11.041087734226425,71
time_ratio,ptx_launch,extra_trees,streamcluster::computecost,1640,26,0.5688839950598776,0.2825139530468732,10.865921271033585,71
time_ratio,ptx_launch,extra_trees,syr2k::syr2kkernel,1640,26,0.556048525031656,0.2772753620520234,10.6644370020009,71
time_ratio,ptx_launch,extra_trees,syrk::syrkkernel,1641,25,0.5786323379725218,0.25099392095580697,10.039756838232279,71
time_ratio,ptx_launch,xgboost,2dconv::convolution2dkernel,1640,26,1.7787386579439044,0.004778334870934486,0.18378211042055717,71
time_ratio,ptx_launch,xgboost,2mm::mm2kernel1,1641,25,1.296102570137009,0.004709617933258414,0.18838471733033657,71
time_ratio,ptx_launch,xgboost,2mm::mm2kernel2,1640,26,2.1211303488817066,0.0047492829617112875,0.182664729296588,71
time_ratio,ptx_launch,xgboost,3mm::mm3kernel1,1641,25,0.906109101139009,0.004690404050052166,0.18761616200208664,71
time_ratio,ptx_launch,xgboost,3mm::mm3kernel2,1640,26,1.5453026168979704,0.004677369957789779,0.1798988445303761,71
time_ratio,ptx_launch,xgboost,3mm::mm3kernel3,1640,26,0.9194305499549955,0.005392713006585836,0.20741203871483987,71
time_ratio,ptx_launch,xgboost,atax::ataxkernel1,1640,26,1.6879676799289882,0.021115400129929185,0.8121307742280456,71
time_ratio,ptx_launch,xgboost,atax::ataxkernel2,1640,26,1.2942732060328126,0.004838787950575352,0.18610722886828274,71
time_ratio,ptx_launch,xgboost,bicg::bicgkernel1,1640,26,0.9071063580922782,0.004672317067161202,0.17970450258312315,71
time_ratio,ptx_launch,xgboost,bicg::bicgkernel2,1641,25,1.176797493128106,0.021013505989685655,0.8405402395874262,71
time_ratio,ptx_launch,xgboost,correlation::corrkernel,1641,25,0.9492829078808427,0.019919981015846133,0.7967992406338453,71
time_ratio,ptx_launch,xgboost,correlation::meankernel,1640,26,1.231550277210772,0.02328836708329618,0.8957064262806222,71
time_ratio,ptx_launch,xgboost,correlation::reducekernel,1640,26,0.920295740943402,0.005131313111633062,0.19735819660127163,71
time_ratio,ptx_launch,xgboost,correlation::stdkernel,1640,26,1.0236501928884536,0.019777144072577357,0.7606593874068215,71
time_ratio,ptx_launch,xgboost,covariance::covarkernel,1641,25,0.9973789460491389,0.0046687989961355925,0.1867519598454237,71
time_ratio,ptx_launch,xgboost,covariance::meankernel,1641,25,0.904288399964571,0.00466948701068759,0.18677948042750359,71
time_ratio,ptx_launch,xgboost,covariance::reducekernel,1640,26,1.249912717845291,0.004736701026558876,0.18218080871380293,71
time_ratio,ptx_launch,xgboost,doitgen::kernel1,1641,25,0.9521207418292761,0.004619561834260821,0.18478247337043285,71
time_ratio,ptx_launch,xgboost,doitgen::kernel2,1640,26,1.2351421772036701,0.0047126589342951775,0.1812561128575068,71
time_ratio,ptx_launch,xgboost,euler3d::computeflux,1640,26,0.8995080490130931,0.004623634973540902,0.17783211436695778,71
time_ratio,ptx_launch,xgboost,euler3d::computestepfactor,1641,25,1.3260696840006858,0.00500869401730597,0.2003477606922388,71
time_ratio,ptx_launch,xgboost,euler3d::timestep,1640,26,0.9188283081166446,0.004691457841545343,0.18044068621328244,71
time_ratio,ptx_launch,xgboost,fdtd2d::step1,1640,26,1.260534211061895,0.004697229014709592,0.18066265441190738,71
time_ratio,ptx_launch,xgboost,fdtd2d::step2,1640,26,0.8842234809417278,0.004783974960446358,0.18399903694024453,71
time_ratio,ptx_launch,xgboost,fdtd2d::step3,1640,26,1.3111511101014912,0.02097060577943921,0.806561760747662,71
time_ratio,ptx_launch,xgboost,gemm::gemmkernel,1641,25,0.9749361630529165,0.004745652200654149,0.18982608802616596,71
time_ratio,ptx_launch,xgboost,gemver::gemverkernel1,1640,26,1.3010867270641029,0.004806376062333584,0.18486061778206092,71
time_ratio,ptx_launch,xgboost,gemver::gemverkernel2,1640,26,0.908272088970989,0.00474200421012938,0.18238477731266847,71
time_ratio,ptx_launch,xgboost,gemver::gemverkernel3,1640,26,1.34752081008628,0.0048374689649790525,0.18605649865304047,71
time_ratio,ptx_launch,xgboost,gesummv::gesummvkernel,1640,26,0.9213268260937184,0.0055748310405761,0.21441657848369616,71
time_ratio,ptx_launch,xgboost,gramschmidt::kernel1,1641,25,1.2537785740569234,0.004690222907811403,0.18760891631245613,71
time_ratio,ptx_launch,xgboost,gramschmidt::kernel2,1641,25,1.1090550508815795,0.021019427105784416,0.8407770842313766,71
time_ratio,ptx_launch,xgboost,gramschmidt::kernel3,1641,25,1.1080038868822157,0.004540574969723821,0.18162299878895283,71
time_ratio,ptx_launch,xgboost,hotspot3d::hotspotopt1,1640,26,0.9530139579437673,0.004753958899527788,0.18284457305876106,71
time_ratio,ptx_launch,xgboost,hotspot::calculatetemp,1640,26,1.185304624028504,0.00450300588272512,0.17319253395096615,71
time_ratio,ptx_launch,xgboost,jacobi1d::kernel1,1641,25,0.904545497847721,0.004701428115367889,0.18805712461471558,71
time_ratio,ptx_launch,xgboost,jacobi1d::kernel2,1641,25,1.2541676501277834,0.004706899169832468,0.18827596679329872,71
time_ratio,ptx_launch,xgboost,jacobi2d::kernel1,1640,26,0.8745194978546351,0.004683963023126125,0.18015242396638945,71
time_ratio,ptx_launch,xgboost,jacobi2d::kernel2,1640,26,1.4217942231334746,0.004796206951141357,0.18446949812082142,71
time_ratio,ptx_launch,xgboost,kmeans::kmeanspoint,1641,25,0.9174838450271636,0.004711784888058901,0.18847139552235603,71
time_ratio,ptx_launch,xgboost,lavamd::kernelgpucuda,1641,25,1.173474936047569,0.004700646037235856,0.18802584148943424,71
time_ratio,ptx_launch,xgboost,mvt::kernel1,1640,26,0.8728040680289268,0.004709518048912287,0.18113530957354948,71
time_ratio,ptx_launch,xgboost,mvt::kernel2,1640,26,1.450780063169077,0.016554504167288542,0.636711698741867,71
time_ratio,ptx_launch,xgboost,myocyte::solver2,1640,26,0.8803476491011679,0.004715923918411136,0.18138168916965908,71
time_ratio,ptx_launch,xgboost,nn::euclid,1640,26,1.2753117489628494,0.004693976137787104,0.18053754376104245,71
time_ratio,ptx_launch,xgboost,nw::shared1,1641,25,1.9039453901350498,0.005104728043079376,0.20418912172317505,71
time_ratio,ptx_launch,xgboost,nw::shared2,1641,25,0.9011293628718704,0.0049969160463660955,0.19987664185464382,71
time_ratio,ptx_launch,xgboost,particlefilter::findindex,1640,26,1.304259271826595,0.005144873866811395,0.19787976410813057,71
time_ratio,ptx_launch,xgboost,particlefilter::likelihood,1641,25,0.9068357839714736,0.004886412061750889,0.19545648247003555,68
time_ratio,ptx_launch,xgboost,particlefilter::normalizeweights,1641,25,1.2854451269377023,0.0047669620253145695,0.19067848101258278,71
time_ratio,ptx_launch,xgboost,particlefilter::sum,1641,25,0.8914967440068722,0.0046474807895720005,0.18589923158288002,71
time_ratio,ptx_launch,xgboost,pathfinder::dynproc,1640,26,1.409581009997055,0.004805732984095812,0.18483588400368506,71
time_ratio,ptx_launch,xgboost,preeuler3d::computeflux,1640,26,0.8747012859676033,0.004671612987294793,0.17967742258826128,71
time_ratio,ptx_launch,xgboost,preeuler3d::computefluxcontributions,1641,25,1.2788712219335139,0.004678100813180208,0.18712403252720833,71
time_ratio,ptx_launch,xgboost,preeuler3d::computestepfactor,1640,26,0.9201454599387944,0.004629099974408746,0.17804230670802867,71
time_ratio,ptx_launch,xgboost,preeuler3d::timestep,1640,26,1.3848729960154742,0.008968882029876113,0.3449570011490813,71
time_ratio,ptx_launch,xgboost,sradv1::compress,1640,26,2.1492325940635055,0.00475563108921051,0.18290888804655808,71
time_ratio,ptx_launch,xgboost,sradv1::extract,1640,26,0.9747328909579664,0.00473434804007411,0.18209030923361963,71
time_ratio,ptx_launch,xgboost,sradv1::prepare,1641,25,1.3116295160725713,0.00479162996634841,0.19166519865393639,71
time_ratio,ptx_launch,xgboost,sradv1::reduce,1640,26,1.064877490978688,0.004789465107023716,0.1842101964239891,71
time_ratio,ptx_launch,xgboost,sradv1::srad,1640,26,1.4636298050172627,0.004903570981696248,0.18859888391139418,71
time_ratio,ptx_launch,xgboost,sradv1::srad2,1640,26,1.1393654870335013,0.021107069216668606,0.811810354487254,71
time_ratio,ptx_launch,xgboost,streamcluster::computecost,1640,26,2.9348805758636445,0.004768660990521312,0.18341003809697354,71
time_ratio,ptx_launch,xgboost,syr2k::syr2kkernel,1640,26,2.6362093170173466,0.004732199013233185,0.1820076543551225,71
time_ratio,ptx_launch,xgboost,syrk::syrkkernel,1641,25,0.8953270558267832,0.00468589598312974,0.1874358393251896,71
time_ratio,ptx_runtime,random_forest,2dconv::convolution2dkernel,1640,26,1.397098126122728,0.2763100068550557,10.62730795596368,214
time_ratio,ptx_runtime,random_forest,2mm::mm2kernel1,1641,25,1.3255253951065242,0.2659729830920696,10.638919323682785,214
time_ratio,ptx_runtime,random_forest,2mm::mm2kernel2,1640,26,1.3131830440834165,0.2623533559963107,10.090513692165796,214
time_ratio,ptx_runtime,random_forest,3mm::mm3kernel1,1641,25,1.3029515750240535,0.26809831499122083,10.723932599648833,214
time_ratio,ptx_runtime,random_forest,3mm::mm3kernel2,1640,26,1.3079582219943404,0.25822079507634044,9.93156904139771,214
time_ratio,ptx_runtime,random_forest,3mm::mm3kernel3,1640,26,1.4115170969162136,0.25329258386045694,9.742022456171421,214
time_ratio,ptx_runtime,random_forest,atax::ataxkernel1,1640,26,1.3008934899698943,0.2541916898917407,9.776603457374641,214
time_ratio,ptx_runtime,random_forest,atax::ataxkernel2,1640,26,1.3015238558873534,0.2723428390454501,10.474724578671157,214
time_ratio,ptx_runtime,random_forest,bicg::bicgkernel1,1640,26,1.313361964887008,0.2604601320344955,10.017697385942133,214
time_ratio,ptx_runtime,random_forest,bicg::bicgkernel2,1641,25,1.354370477842167,0.26947821909561753,10.779128763824701,214
time_ratio,ptx_runtime,random_forest,correlation::corrkernel,1641,25,1.3832872528582811,0.27815739111974835,11.126295644789934,214
time_ratio,ptx_runtime,random_forest,correlation::meankernel,1640,26,1.3054815069772303,0.2665881239809096,10.253389383881139,214
time_ratio,ptx_runtime,random_forest,correlation::reducekernel,1640,26,1.3163337230216712,0.25381436408497393,9.76209092634515,214
time_ratio,ptx_runtime,random_forest,correlation::stdkernel,1640,26,1.3177654899191111,0.26808209205046296,10.310849694248576,214
time_ratio,ptx_runtime,random_forest,covariance::covarkernel,1641,25,1.3204200970940292,0.25715199182741344,10.286079673096538,214
time_ratio,ptx_runtime,random_forest,covariance::meankernel,1641,25,1.4146732890512794,0.2695247349329293,10.780989397317171,214
time_ratio,ptx_runtime,random_forest,covariance::reducekernel,1640,26,1.3288092680741102,0.2577975019812584,9.915288537740707,214
time_ratio,ptx_runtime,random_forest,doitgen::kernel1,1641,25,1.320513322018087,0.2846555521246046,11.386222084984183,214
time_ratio,ptx_runtime,random_forest,doitgen::kernel2,1640,26,1.3125222569797188,0.265019454061985,10.193055925460962,214
time_ratio,ptx_runtime,random_forest,euler3d::computeflux,1640,26,1.3289288009982556,0.28931027208454907,11.127318157098042,214
time_ratio,ptx_runtime,random_forest,euler3d::computestepfactor,1641,25,1.3981250110082328,0.2685958780348301,10.743835121393204,214
time_ratio,ptx_runtime,random_forest,euler3d::timestep,1640,26,1.3275539490859956,0.24364269920624793,9.37087304639415,214
time_ratio,ptx_runtime,random_forest,fdtd2d::step1,1640,26,1.3152008368633687,0.2629468529485166,10.11334049801987,214
time_ratio,ptx_runtime,random_forest,fdtd2d::step2,1640,26,1.3390619021374732,0.27348740492016077,10.518746343083105,214
time_ratio,ptx_runtime,random_forest,fdtd2d::step3,1640,26,1.3199357641860843,0.24995396099984646,9.61361388460948,214
time_ratio,ptx_runtime,random_forest,gemm::gemmkernel,1641,25,1.3244476960971951,0.26302358810789883,10.520943524315953,214
time_ratio,ptx_runtime,random_forest,gemver::gemverkernel1,1640,26,1.3250716428738087,0.2583822801243514,9.937780004782745,214
time_ratio,ptx_runtime,random_forest,gemver::gemverkernel2,1640,26,1.3065679010469466,0.2548849799204618,9.803268458479298,214
time_ratio,ptx_runtime,random_forest,gemver::gemverkernel3,1640,26,1.3216369510628283,0.27520132483914495,10.584666339967113,214
time_ratio,ptx_runtime,random_forest,gesummv::gesummvkernel,1640,26,1.3088456089608371,0.2587791208643466,9.953043110167178,214
time_ratio,ptx_runtime,random_forest,gramschmidt::kernel1,1641,25,1.3071512780152261,0.24815113004297018,9.926045201718807,214
time_ratio,ptx_runtime,random_forest,gramschmidt::kernel2,1641,25,1.3114326819777489,0.2524739259388298,10.098957037553191,214
time_ratio,ptx_runtime,random_forest,gramschmidt::kernel3,1641,25,1.302200032863766,0.30211581801995635,12.084632720798254,214
time_ratio,ptx_runtime,random_forest,hotspot3d::hotspotopt1,1640,26,1.320763522060588,0.26016326202079654,10.006279308492175,214
time_ratio,ptx_runtime,random_forest,hotspot::calculatetemp,1640,26,1.310170090990141,0.2597543019801378,9.990550076159147,214
time_ratio,ptx_runtime,random_forest,jacobi1d::kernel1,1641,25,1.3056056920904666,0.24765585991553962,9.906234396621585,214
time_ratio,ptx_runtime,random_forest,jacobi1d::kernel2,1641,25,1.3407838291022927,0.25136041711084545,10.054416684433818,214
time_ratio,ptx_runtime,random_forest,jacobi2d::kernel1,1640,26,1.3317347338888794,0.3121180769521743,12.004541421237473,214
time_ratio,ptx_runtime,random_forest,jacobi2d::kernel2,1640,26,1.3077926440164447,0.2603648588992655,10.014033034587136,214
time_ratio,ptx_runtime,random_forest,kmeans::kmeanspoint,1641,25,1.3161536981351674,0.27623802283778787,11.049520913511515,214
time_ratio,ptx_runtime,random_forest,lavamd::kernelgpucuda,1641,25,1.3190969449933618,0.25235001812689006,10.094000725075603,214
time_ratio,ptx_runtime,random_forest,mvt::kernel1,1640,26,1.3221090121660382,0.26188712497241795,10.072581729708382,214
time_ratio,ptx_runtime,random_forest,mvt::kernel2,1640,26,1.3264826438389719,0.3105199041310698,11.943073235810377,214
time_ratio,ptx_runtime,random_forest,myocyte::solver2,1640,26,1.2938911111559719,0.271604668116197,10.446333389084499,214
time_ratio,ptx_runtime,random_forest,nn::euclid,1640,26,1.3408287931233644,0.249421063112095,9.593117812003653,214
time_ratio,ptx_runtime,random_forest,nw::shared1,1641,25,1.3072386851999909,0.2665439532138407,10.661758128553629,214
time_ratio,ptx_runtime,random_forest,nw::shared2,1641,25,1.323624372947961,0.23837902094237506,9.535160837695003,214
time_ratio,ptx_runtime,random_forest,particlefilter::findindex,1640,26,1.3516073490027338,0.265644219936803,10.217085382184731,214
time_ratio,ptx_runtime,random_forest,particlefilter::likelihood,1641,25,1.3019388590473682,0.2660715209785849,10.642860839143395,211
time_ratio,ptx_runtime,random_forest,particlefilter::normalizeweights,1641,25,1.3547032261267304,0.26112411986105144,10.444964794442058,214
time_ratio,ptx_runtime,random_forest,particlefilter::sum,1641,25,1.3152705549728125,0.2551742831710726,10.206971326842904,214
time_ratio,ptx_runtime,random_forest,pathfinder::dynproc,1640,26,1.3195647790562361,0.30074178613722324,11.566991774508587,214
time_ratio,ptx_runtime,random_forest,preeuler3d::computeflux,1640,26,1.3265334989409894,0.2947934621479362,11.338210082612932,214
time_ratio,ptx_runtime,random_forest,preeuler3d::computefluxcontributions,1641,25,1.3182420209050179,0.23797053494490683,9.518821397796273,214
time_ratio,ptx_runtime,random_forest,preeuler3d::computestepfactor,1640,26,1.31282675312832,0.26272502914071083,10.104808813104263,214
time_ratio,ptx_runtime,random_forest,preeuler3d::timestep,1640,26,1.3167048480827361,0.27626212080940604,10.625466184977155,214
time_ratio,ptx_runtime,random_forest,sradv1::compress,1640,26,1.3215755359269679,0.2685308801010251,10.32811077311635,214
time_ratio,ptx_runtime,random_forest,sradv1::extract,1640,26,1.401945732999593,0.26269394904375076,10.103613424759645,214
time_ratio,ptx_runtime,random_forest,sradv1::prepare,1641,25,1.313933404861018,0.2571467440575361,10.285869762301445,214
time_ratio,ptx_runtime,random_forest,sradv1::reduce,1640,26,1.3147458240855485,0.2715641751419753,10.44477596699905,214
time_ratio,ptx_runtime,random_forest,sradv1::srad,1640,26,1.3340301180724055,0.25797543581575155,9.922132146759676,214
time_ratio,ptx_runtime,random_forest,sradv1::srad2,1640,26,1.3127807099372149,0.2669433760456741,10.267052924833617,214
time_ratio,ptx_runtime,random_forest,streamcluster::computecost,1640,26,1.3956727809272707,0.2500356200616807,9.61675461775695,214
time_ratio,ptx_runtime,random_forest,syr2k::syr2kkernel,1640,26,1.3572321881074458,0.2608075689058751,10.031060342533657,214
time_ratio,ptx_runtime,random_forest,syrk::syrkkernel,1641,25,1.3241543369367719,0.25901329913176596,10.360531965270638,214
time_ratio,ptx_runtime,extra_trees,2dconv::convolution2dkernel,1640,26,0.775681033032015,0.2548274470027536,9.801055653952062,214
time_ratio,ptx_runtime,extra_trees,2mm::mm2kernel1,1641,25,0.761760676978156,0.2646968790795654,10.587875163182616,214
time_ratio,ptx_runtime,extra_trees,2mm::mm2kernel2,1640,26,0.8303358741104603,0.24787868582643569,9.533795608709065,214
time_ratio,ptx_runtime,extra_trees,3mm::mm3kernel1,1641,25,0.7576400591060519,0.2580713650677353,10.322854602709413,214
time_ratio,ptx_runtime,extra_trees,3mm::mm3kernel2,1640,26,0.7705111580435187,0.2673162641003728,10.281394773091261,214
time_ratio,ptx_runtime,extra_trees,3mm::mm3kernel3,1640,26,0.7638960559852421,0.2623970699496567,10.092194998063722,214
time_ratio,ptx_runtime,extra_trees,atax::ataxkernel1,1640,26,0.8194521148689091,0.2596436571329832,9.986294505114738,214
time_ratio,ptx_runtime,extra_trees,atax::ataxkernel2,1640,26,0.8175285370089114,0.26911447010934353,10.350556542667059,214
time_ratio,ptx_runtime,extra_trees,bicg::bicgkernel1,1640,26,0.7770737980026752,0.28173837601207197,10.83609138507969,214
time_ratio,ptx_runtime,extra_trees,bicg::bicgkernel2,1641,25,0.7677816092036664,0.25288067990913987,10.115227196365595,214
time_ratio,ptx_runtime,extra_trees,correlation::corrkernel,1641,25,0.7626108231488615,0.2727366660255939,10.909466641023755,214
time_ratio,ptx_runtime,extra_trees,correlation::meankernel,1640,26,0.763023572973907,0.28859888296574354,11.099957037143984,214
time_ratio,ptx_runtime,extra_trees,correlation::reducekernel,1640,26,0.7950774780474603,0.2979744989424944,11.4605576516344,214
time_ratio,ptx_runtime,extra_trees,correlation::stdkernel,1640,26,0.774475899990648,0.25750965997576714,9.90421769137566,214
time_ratio,ptx_runtime,extra_trees,covariance::covarkernel,1641,25,0.7692058968823403,0.27471378608606756,10.988551443442702,214
time_ratio,ptx_runtime,extra_trees,covariance::meankernel,1641,25,0.7668989731464535,0.25481200707145035,10.192480282858014,214
time_ratio,ptx_runtime,extra_trees,covariance::reducekernel,1640,26,0.7698459720704705,0.2650037012062967,10.192450046396026,214
time_ratio,ptx_runtime,extra_trees,doitgen::kernel1,1641,25,0.839186793891713,0.2884603259153664,11.538413036614656,214
time_ratio,ptx_runtime,extra_trees,doitgen::kernel2,1640,26,0.7619330659508705,0.26141132810153067,10.054281850058873,214
time_ratio,ptx_runtime,extra_trees,euler3d::computeflux,1640,26,0.7539393559563905,0.2503520359750837,9.628924460580143,214
time_ratio,ptx_runtime,extra_trees,euler3d::computestepfactor,1641,25,0.7656665348913521,0.25422666198574007,10.169066479429603,214
time_ratio,ptx_runtime,extra_trees,euler3d::timestep,1640,26,0.782367727952078,0.24364645988680422,9.371017687954009,214
time_ratio,ptx_runtime,extra_trees,fdtd2d::step1,1640,26,0.8967914581298828,0.2785832961089909,10.714742158038112,214
time_ratio,ptx_runtime,extra_trees,fdtd2d::step2,1640,26,0.7655809831339866,0.2783794370479882,10.706901424922624,214
time_ratio,ptx_runtime,extra_trees,fdtd2d::step3,1640,26,0.7656006489414722,0.2546959810424596,9.795999270863831,214
time_ratio,ptx_runtime,extra_trees,gemm::gemmkernel,1641,25,0.7598654101602733,0.2581141290720552,10.324565162882209,214
time_ratio,ptx_runtime,extra_trees,gemver::gemverkernel1,1640,26,0.7748597611207515,0.2669359790161252,10.266768423697123,214
time_ratio,ptx_runtime,extra_trees,gemver::gemverkernel2,1640,26,0.7763884849846363,0.33131626108661294,12.742933118715882,214
time_ratio,ptx_runtime,extra_trees,gemver::gemverkernel3,1640,26,0.7694172619376332,0.2675679069943726,10.29107334593741,214
time_ratio,ptx_runtime,extra_trees,gesummv::gesummvkernel,1640,26,0.8039340851828456,0.26918738591484725,10.353360996724895,214
time_ratio,ptx_runtime,extra_trees,gramschmidt::kernel1,1641,25,0.7697534400504082,0.252224113792181,10.08896455168724,214
time_ratio,ptx_runtime,extra_trees,gramschmidt::kernel2,1641,25,0.766844708006829,0.26438062195666134,10.575224878266454,214
time_ratio,ptx_runtime,extra_trees,gramschmidt::kernel3,1641,25,0.8479493230115622,0.27358395513147116,10.943358205258846,214
time_ratio,ptx_runtime,extra_trees,hotspot3d::hotspotopt1,1640,26,0.771179961040616,0.2526935199275613,9.718981535675434,214
time_ratio,ptx_runtime,extra_trees,hotspot::calculatetemp,1640,26,0.7611498839687556,0.26574035501107574,10.220782885041375,214
time_ratio,ptx_runtime,extra_trees,jacobi1d::kernel1,1641,25,0.7763706010300666,0.2729230609256774,10.916922437027097,214
time_ratio,ptx_runtime,extra_trees,jacobi1d::kernel2,1641,25,0.7753933218773454,0.26507026399485767,10.602810559794307,214
time_ratio,ptx_runtime,extra_trees,jacobi2d::kernel1,1640,26,0.7588772329036146,0.3024140109773725,11.63130811451433,214
time_ratio,ptx_runtime,extra_trees,jacobi2d::kernel2,1640,26,0.7689393719192594,0.2646850240416825,10.180193232372403,214
time_ratio,ptx_runtime,extra_trees,kmeans::kmeanspoint,1641,25,0.7516823669429868,0.27962264395318925,11.18490575812757,214
time_ratio,ptx_runtime,extra_trees,lavamd::kernelgpucuda,1641,25,0.7641743819694966,0.2563871250022203,10.255485000088811,214
time_ratio,ptx_runtime,extra_trees,mvt::kernel1,1640,26,0.7539292071014643,0.263592196861282,10.138161417741616,214
time_ratio,ptx_runtime,extra_trees,mvt::kernel2,1640,26,0.7638145149685442,0.28693044697865844,11.035786422256093,214
time_ratio,ptx_runtime,extra_trees,myocyte::solver2,1640,26,0.7594815262127668,0.2723181960172951,10.473776769895967,214
time_ratio,ptx_runtime,extra_trees,nn::euclid,1640,26,0.7660755838733166,0.25420948094688356,9.77728772872629,214
time_ratio,ptx_runtime,extra_trees,nw::shared1,1641,25,0.7701261318288743,0.25404841592535377,10.16193663701415,214
time_ratio,ptx_runtime,extra_trees,nw::shared2,1641,25,0.7692085530143231,0.2674390599131584,10.697562396526337,214
time_ratio,ptx_runtime,extra_trees,particlefilter::findindex,1640,26,0.7628828010056168,0.31385109690018,12.071196034622307,214
time_ratio,ptx_runtime,extra_trees,particlefilter::likelihood,1641,25,0.7644972610287368,0.2760287879500538,11.041151518002152,211
time_ratio,ptx_runtime,extra_trees,particlefilter::normalizeweights,1641,25,0.7848660100717098,0.25130862183868885,10.052344873547554,214
time_ratio,ptx_runtime,extra_trees,particlefilter::sum,1641,25,0.7734058008063585,0.2542209180537611,10.168836722150445,214
time_ratio,ptx_runtime,extra_trees,pathfinder::dynproc,1640,26,0.757827757159248,0.26177543099038303,10.068285807322424,214
time_ratio,ptx_runtime,extra_trees,preeuler3d::computeflux,1640,26,0.8346617959905416,0.2646700809709728,10.179618498883567,214
time_ratio,ptx_runtime,extra_trees,preeuler3d::computefluxcontributions,1641,25,0.7565432761330158,0.25685715302824974,10.27428612112999,214
time_ratio,ptx_runtime,extra_trees,preeuler3d::computestepfactor,1640,26,0.7692668030504137,0.26865653903223574,10.332943808932145,214
time_ratio,ptx_runtime,extra_trees,preeuler3d::timestep,1640,26,0.770920311100781,0.25458153104409575,9.791597347849837,214
time_ratio,ptx_runtime,extra_trees,sradv1::compress,1640,26,0.7770457859151065,0.25084577896632254,9.64791457562779,214
time_ratio,ptx_runtime,extra_trees,sradv1::extract,1640,26,0.7662004919257015,0.342320438940078,13.16617072846454,214
time_ratio,ptx_runtime,extra_trees,sradv1::prepare,1641,25,0.7482691819313914,0.27341674105264246,10.936669642105699,214
time_ratio,ptx_runtime,extra_trees,sradv1::reduce,1640,26,0.764583155978471,0.28601061389781535,11.000408226839053,214
time_ratio,ptx_runtime,extra_trees,sradv1::srad,1640,26,0.7594787711277604,0.26330979098565876,10.127299653294568,214
time_ratio,ptx_runtime,extra_trees,sradv1::srad2,1640,26,0.7643699259497225,0.2710223509930074,10.423936576654132,214
time_ratio,ptx_runtime,extra_trees,streamcluster::computecost,1640,26,0.7712703458964825,0.3184090619906783,12.246502384256859,214
time_ratio,ptx_runtime,extra_trees,syr2k::syr2kkernel,1640,26,0.7611499018967152,0.2722071798052639,10.469506915587072,214
time_ratio,ptx_runtime,extra_trees,syrk::syrkkernel,1641,25,0.761459250934422,0.2844187789596617,11.376751158386469,214
time_ratio,ptx_runtime,xgboost,2dconv::convolution2dkernel,1640,26,2.266313816886395,0.02578560682013631,0.9917541084667812,214
time_ratio,ptx_runtime,xgboost,2mm::mm2kernel1,1641,25,2.028857399011031,0.008407216984778643,0.3362886793911457,214
time_ratio,ptx_runtime,xgboost,2mm::mm2kernel2,1640,26,1.9471949848812073,0.008590511046350002,0.33040427101346165,214
time_ratio,ptx_runtime,xgboost,3mm::mm3kernel1,1641,25,1.9315381380729377,0.008536216104403138,0.3414486441761255,214
time_ratio,ptx_runtime,xgboost,3mm::mm3kernel2,1640,26,1.9753519960213453,0.009705391013994813,0.3732842697690313,214
time_ratio,ptx_runtime,xgboost,3mm::mm3kernel3,1640,26,2.3404110299889,0.009423720184713602,0.36245077633513856,214
time_ratio,ptx_runtime,xgboost,atax::ataxkernel1,1640,26,1.9564387719146907,0.008628288982436061,0.3318572685552331,214
time_ratio,ptx_runtime,xgboost,atax::ataxkernel2,1640,26,1.9271104100625962,0.00849841209128499,0.3268620035109612,214
time_ratio,ptx_runtime,xgboost,bicg::bicgkernel1,1640,26,1.9951718451920897,0.008484450168907642,0.3263250064964478,214
time_ratio,ptx_runtime,xgboost,bicg::bicgkernel2,1641,25,1.5948546479921788,0.00840188399888575,0.33607535995543003,214
time_ratio,ptx_runtime,xgboost,correlation::corrkernel,1641,25,1.7861300399526954,0.00899855187162757,0.35994207486510277,214
time_ratio,ptx_runtime,xgboost,correlation::meankernel,1640,26,2.0048574609681964,0.009313503047451377,0.35821165567120683,214
time_ratio,ptx_runtime,xgboost,correlation::reducekernel,1640,26,1.9804313038475811,0.008748376974835992,0.33647603749369204,214
time_ratio,ptx_runtime,xgboost,correlation::stdkernel,1640,26,1.9446535590104759,0.008792496053501964,0.3381729251346909,214
time_ratio,ptx_runtime,xgboost,covariance::covarkernel,1641,25,1.9689402452204376,0.008627103874459863,0.3450841549783945,214
time_ratio,ptx_runtime,xgboost,covariance::meankernel,1641,25,2.1405102820135653,0.008633565157651901,0.34534260630607605,214
time_ratio,ptx_runtime,xgboost,covariance::reducekernel,1640,26,1.9389225740451366,0.008963795844465494,0.34476137863328826,214
time_ratio,ptx_runtime,xgboost,doitgen::kernel1,1641,25,1.9803922618739307,0.009089688071981072,0.3635875228792429,214
time_ratio,ptx_runtime,xgboost,doitgen::kernel2,1640,26,1.6327379629947245,0.00892110401764512,0.3431193852940431,214
time_ratio,ptx_runtime,xgboost,euler3d::computeflux,1640,26,1.607645901851356,0.013186520896852016,0.5071738806481545,214
time_ratio,ptx_runtime,xgboost,euler3d::computestepfactor,1641,25,1.92217189213261,0.008773034904152155,0.3509213961660862,214
time_ratio,ptx_runtime,xgboost,euler3d::timestep,1640,26,3.0025985839311033,0.025975847151130438,0.9990710442742478,214
time_ratio,ptx_runtime,xgboost,fdtd2d::step1,1640,26,2.634409354068339,0.009538738988339901,0.3668745764746116,214
time_ratio,ptx_runtime,xgboost,fdtd2d::step2,1640,26,3.930771349929273,0.025212492095306516,0.969711234434866,214
time_ratio,ptx_runtime,xgboost,fdtd2d::step3,1640,26,1.946131044998765,0.023902778048068285,0.9193376172333956,214
time_ratio,ptx_runtime,xgboost,gemm::gemmkernel,1641,25,2.7889221359509975,0.008853679988533258,0.35414719954133034,214
time_ratio,ptx_runtime,xgboost,gemver::gemverkernel1,1640,26,1.7254077151883394,0.024964684853330255,0.9601801866665483,214
time_ratio,ptx_runtime,xgboost,gemver::gemverkernel2,1640,26,1.6505638589151204,0.008788971928879619,0.33803738187998533,214
time_ratio,ptx_runtime,xgboost,gemver::gemverkernel3,1640,26,2.0006279349327087,0.008636330952867866,0.33216657511030256,214
time_ratio,ptx_runtime,xgboost,gesummv::gesummvkernel,1640,26,2.4648438210133463,0.009752889163792133,0.3751111216843128,214
time_ratio,ptx_runtime,xgboost,gramschmidt::kernel1,1641,25,1.711351108038798,0.008678826969116926,0.34715307876467705,214
time_ratio,ptx_runtime,xgboost,gramschmidt::kernel2,1641,25,1.9286725861020386,0.009547697845846415,0.3819079138338566,214
time_ratio,ptx_runtime,xgboost,gramschmidt::kernel3,1641,25,1.9546256910543889,0.008546357974410057,0.3418543189764023,214
time_ratio,ptx_runtime,xgboost,hotspot3d::hotspotopt1,1640,26,2.02134566497989,0.008870952995494008,0.34119049982669264,214
time_ratio,ptx_runtime,xgboost,hotspot::calculatetemp,1640,26,1.9315876429900527,0.008482282049953938,0.3262416173059207,214
time_ratio,ptx_runtime,xgboost,jacobi1d::kernel1,1641,25,1.9340437061619014,0.008681168081238866,0.34724672324955463,214
time_ratio,ptx_runtime,xgboost,jacobi1d::kernel2,1641,25,1.8651092741638422,0.01126118516549468,0.4504474066197872,214
time_ratio,ptx_runtime,xgboost,jacobi2d::kernel1,1640,26,1.9593918470200151,0.024918766925111413,0.9584141125042851,214
time_ratio,ptx_runtime,xgboost,jacobi2d::kernel2,1640,26,1.6338026658631861,0.008610017132014036,0.3311545050774629,214
time_ratio,ptx_runtime,xgboost,kmeans::kmeanspoint,1641,25,1.9795076248701662,0.008942163083702326,0.35768652334809303,214
time_ratio,ptx_runtime,xgboost,lavamd::kernelgpucuda,1641,25,2.4419225798919797,0.01779469009488821,0.7117876037955284,214
time_ratio,ptx_runtime,xgboost,mvt::kernel1,1640,26,1.8740670608822256,0.008574821054935455,0.3298008098052098,214
time_ratio,ptx_runtime,xgboost,mvt::kernel2,1640,26,3.1961463841143996,0.008537902031093836,0.3283808473497629,214
time_ratio,ptx_runtime,xgboost,myocyte::solver2,1640,26,1.5653505080845207,0.008684493135660887,0.334018966756188,214
time_ratio,ptx_runtime,xgboost,nn::euclid,1640,26,1.7844178611412644,0.009126564022153616,0.35102169315975446,214
time_ratio,ptx_runtime,xgboost,nw::shared1,1641,25,1.9121884950436652,0.009166107047349215,0.3666442818939686,214
time_ratio,ptx_runtime,xgboost,nw::shared2,1641,25,1.9455706130247563,0.008775532012805343,0.3510212805122137,214
time_ratio,ptx_runtime,xgboost,particlefilter::findindex,1640,26,2.2078512881416827,0.03142729098908603,1.2087419611186934,214
time_ratio,ptx_runtime,xgboost,particlefilter::likelihood,1641,25,3.17785008600913,0.024976328946650028,0.999053157866001,211
time_ratio,ptx_runtime,xgboost,particlefilter::normalizeweights,1641,25,3.0707438308745623,0.008871980011463165,0.3548792004585266,214
time_ratio,ptx_runtime,xgboost,particlefilter::sum,1641,25,3.1591834789142013,0.009271463844925165,0.3708585537970066,214
time_ratio,ptx_runtime,xgboost,pathfinder::dynproc,1640,26,2.5557164398487657,0.008888856042176485,0.3418790785452494,214
time_ratio,ptx_runtime,xgboost,preeuler3d::computeflux,1640,26,1.7812311430461705,0.008750725071877241,0.3365663489183554,214
time_ratio,ptx_runtime,xgboost,preeuler3d::computefluxcontributions,1641,25,1.9781956421211362,0.00897724786773324,0.3590899147093296,214
time_ratio,ptx_runtime,xgboost,preeuler3d::computestepfactor,1640,26,2.037232648115605,0.009403000120073557,0.36165385077205986,214
time_ratio,ptx_runtime,xgboost,preeuler3d::timestep,1640,26,1.9395554370712489,0.008418673882260919,0.3237951493177277,214
time_ratio,ptx_runtime,xgboost,sradv1::compress,1640,26,1.9557024708483368,0.008723933016881347,0.33553588526466716,214
time_ratio,ptx_runtime,xgboost,sradv1::extract,1640,26,3.25817952491343,0.008867100812494755,0.34104233894210595,214
time_ratio,ptx_runtime,xgboost,sradv1::prepare,1641,25,1.8795415179338306,0.008797032991424203,0.3518813196569681,214
time_ratio,ptx_runtime,xgboost,sradv1::reduce,1640,26,2.2529145451262593,0.009107138030230999,0.3502745396242692,214
time_ratio,ptx_runtime,xgboost,sradv1::srad,1640,26,2.072859606007114,0.009154485072940588,0.35209557972848415,214
time_ratio,ptx_runtime,xgboost,sradv1::srad2,1640,26,1.9506805001292378,0.009118034038692713,0.35069361687279665,214
time_ratio,ptx_runtime,xgboost,streamcluster::computecost,1640,26,1.9071858460083604,0.00888447486795485,0.34171057184441733,214
time_ratio,ptx_runtime,xgboost,syr2k::syr2kkernel,1640,26,2.089339628117159,0.025141770020127296,0.9669911546202806,214
time_ratio,ptx_runtime,xgboost,syrk::syrkkernel,1641,25,2.738371582934633,0.009643947007134557,0.38575788028538227,214
time_ratio,launch_runtime,random_forest,2dconv::convolution2dkernel,1640,26,1.1820048459339887,0.2615158618427813,10.058302378568511,174
time_ratio,launch_runtime,random_forest,2mm::mm2kernel1,1641,25,1.1516583620104939,0.2510301738511771,10.041206954047084,174
time_ratio,launch_runtime,random_forest,2mm::mm2kernel2,1640,26,1.1743617050815374,0.2557720688637346,9.837387263989793,174
time_ratio,launch_runtime,random_forest,3mm::mm3kernel1,1641,25,1.1914550769142807,0.2725614251103252,10.902457004413009,174
time_ratio,launch_runtime,random_forest,3mm::mm3kernel2,1640,26,1.147617693990469,0.2877059830352664,11.065614732125631,174
time_ratio,launch_runtime,random_forest,3mm::mm3kernel3,1640,26,1.1379258029628545,0.28369120811112225,10.91120031196624,174
time_ratio,launch_runtime,random_forest,atax::ataxkernel1,1640,26,1.132735869847238,0.2595147511456162,9.9813365825237,174
time_ratio,launch_runtime,random_forest,atax::ataxkernel2,1640,26,1.13872429006733,0.24224323104135692,9.317047347744497,174
time_ratio,launch_runtime,random_forest,bicg::bicgkernel1,1640,26,1.212594041833654,0.26561444788239896,10.21594030316919,174
time_ratio,launch_runtime,random_forest,bicg::bicgkernel2,1641,25,1.1337158929090947,0.2581136440858245,10.32454576343298,174
time_ratio,launch_runtime,random_forest,correlation::corrkernel,1641,25,1.1535115418955684,0.24248909996822476,9.69956399872899,174
time_ratio,launch_runtime,random_forest,correlation::meankernel,1640,26,1.1484211531933397,0.2930524779949337,11.271249153651297,174
time_ratio,launch_runtime,random_forest,correlation::reducekernel,1640,26,1.1584899260196835,0.2498756239656359,9.610600921755227,174
time_ratio,launch_runtime,random_forest,correlation::stdkernel,1640,26,1.2419518679380417,0.26798446802422404,10.307094924008616,174
time_ratio,launch_runtime,random_forest,covariance::covarkernel,1641,25,1.1580063258297741,0.2745539320167154,10.982157280668616,174
time_ratio,launch_runtime,random_forest,covariance::meankernel,1641,25,1.1553035699762404,0.2596206059679389,10.384824238717556,174
time_ratio,launch_runtime,random_forest,covariance::reducekernel,1640,26,1.1359952450729907,0.2633487619459629,10.12879853638319,174
time_ratio,launch_runtime,random_forest,doitgen::kernel1,1641,25,1.155292134033516,0.26324792695231736,10.529917078092694,174
time_ratio,launch_runtime,random_forest,doitgen::kernel2,1640,26,1.1499600200913846,0.32209966890513897,12.388448804043808,174
time_ratio,launch_runtime,random_forest,euler3d::computeflux,1640,26,1.1533476719632745,0.23845559800975025,9.171369154221164,174
time_ratio,launch_runtime,random_forest,euler3d::computestepfactor,1641,25,1.1725317030213773,0.2752958689816296,11.011834759265184,174
time_ratio,launch_runtime,random_forest,euler3d::timestep,1640,26,1.1670724512077868,0.26380639686249197,10.146399879326614,174
time_ratio,launch_runtime,random_forest,fdtd2d::step1,1640,26,1.147360306000337,0.2661388439591974,10.236109383046053,174
time_ratio,launch_runtime,random_forest,fdtd2d::step2,1640,26,1.1333516640588641,0.25680186599493027,9.876994845958857,174
time_ratio,launch_runtime,random_forest,fdtd2d::step3,1640,26,1.154225948965177,0.2529872669838369,9.730279499378343,174
time_ratio,launch_runtime,random_forest,gemm::gemmkernel,1641,25,1.1360613610595465,0.267107485095039,10.68429940380156,174
time_ratio,launch_runtime,random_forest,gemver::gemverkernel1,1640,26,1.1865986899938434,0.2673216029070318,10.281600111808915,174
time_ratio,launch_runtime,random_forest,gemver::gemverkernel2,1640,26,1.1598492129705846,0.26242511603049934,10.093273693480743,174
time_ratio,launch_runtime,random_forest,gemver::gemverkernel3,1640,26,1.1280511000659317,0.26804970810189843,10.309604157765325,174
time_ratio,launch_runtime,random_forest,gesummv::gesummvkernel,1640,26,1.1431993709411472,0.26393319806084037,10.151276848493861,174
time_ratio,launch_runtime,random_forest,gramschmidt::kernel1,1641,25,1.1550496108829975,0.27472653705626726,10.98906148225069,174
time_ratio,launch_runtime,random_forest,gramschmidt::kernel2,1641,25,1.1721829890739173,0.2715250011533499,10.861000046133995,174
time_ratio,launch_runtime,random_forest,gramschmidt::kernel3,1641,25,1.1464551917742938,0.2654863621573895,10.61945448629558,174
time_ratio,launch_runtime,random_forest,hotspot3d::hotspotopt1,1640,26,1.1372145761270076,0.2818627548404038,10.840875186169377,174
time_ratio,launch_runtime,random_forest,hotspot::calculatetemp,1640,26,1.1526128801051527,0.25988364592194557,9.995524843151752,174
time_ratio,launch_runtime,random_forest,jacobi1d::kernel1,1641,25,1.1674112419132143,0.23793168109841645,9.517267243936658,174
time_ratio,launch_runtime,random_forest,jacobi1d::kernel2,1641,25,1.1882180231623352,0.24517441890202463,9.806976756080985,174
time_ratio,launch_runtime,random_forest,jacobi2d::kernel1,1640,26,1.1443461289163679,0.27494624094106257,10.574855420810099,174
time_ratio,launch_runtime,random_forest,jacobi2d::kernel2,1640,26,1.1423011750448495,0.2678131500724703,10.300505772018088,174
time_ratio,launch_runtime,random_forest,kmeans::kmeanspoint,1641,25,1.154834401095286,0.2757185602094978,11.028742408379912,174
time_ratio,launch_runtime,random_forest,lavamd::kernelgpucuda,1641,25,1.1504896990954876,0.2556860230397433,10.227440921589732,174
time_ratio,launch_runtime,random_forest,mvt::kernel1,1640,26,1.2154843830503523,0.24740745197050273,9.515671229634721,174
time_ratio,launch_runtime,random_forest,mvt::kernel2,1640,26,1.1528484760783613,0.24647547001950443,9.47982576998094,174
time_ratio,launch_runtime,random_forest,myocyte::solver2,1640,26,1.1684100970160216,0.2894636760465801,11.133218309483848,174
time_ratio,launch_runtime,random_forest,nn::euclid,1640,26,1.1387997621204704,0.25504432898014784,9.809397268467226,174
time_ratio,launch_runtime,random_forest,nw::shared1,1641,25,1.1488410700112581,0.25943564414046705,10.377425765618682,174
time_ratio,launch_runtime,random_forest,nw::shared2,1641,25,1.1700919198337942,0.25235819490626454,10.094327796250582,174
time_ratio,launch_runtime,random_forest,particlefilter::findindex,1640,26,1.1436432690825313,0.27142365905456245,10.439371502098556,174
time_ratio,launch_runtime,random_forest,particlefilter::likelihood,1641,25,1.1417220518924296,0.258254277985543,10.33017111942172,174
time_ratio,launch_runtime,random_forest,particlefilter::normalizeweights,1641,25,1.1438546380959451,0.2594096369575709,10.376385478302836,174
time_ratio,launch_runtime,random_forest,particlefilter::sum,1641,25,1.1423060609959066,0.2805695969145745,11.22278387658298,174
time_ratio,launch_runtime,random_forest,pathfinder::dynproc,1640,26,1.289382254006341,0.26517373812384903,10.198989927840348,174
time_ratio,launch_runtime,random_forest,preeuler3d::computeflux,1640,26,1.132594422902912,0.24209094792604446,9.311190304847864,174
time_ratio,launch_runtime,random_forest,preeuler3d::computefluxcontributions,1641,25,1.1436448090244085,0.24439931800588965,9.775972720235586,174
time_ratio,launch_runtime,random_forest,preeuler3d::computestepfactor,1640,26,1.161275593098253,0.23703409591689706,9.116695996803733,174
time_ratio,launch_runtime,random_forest,preeuler3d::timestep,1640,26,1.1316529910545796,0.25055628502741456,9.636780193362098,174
time_ratio,launch_runtime,random_forest,sradv1::compress,1640,26,1.1194041131529957,0.33669262286275625,12.949716263952164,174
time_ratio,launch_runtime,random_forest,sradv1::extract,1640,26,1.1482840001117438,0.27096022688783705,10.421547187993733,174
time_ratio,launch_runtime,random_forest,sradv1::prepare,1641,25,1.143165561137721,0.26775804604403675,10.71032184176147,174
time_ratio,launch_runtime,random_forest,sradv1::reduce,1640,26,1.147163431160152,0.26307202014140785,10.118154620823379,174
time_ratio,launch_runtime,random_forest,sradv1::srad,1640,26,1.199313951889053,0.2658048819284886,10.223264689557254,174
time_ratio,launch_runtime,random_forest,sradv1::srad2,1640,26,1.1450016950257123,0.25073138903826475,9.643514963010183,174
time_ratio,launch_runtime,random_forest,streamcluster::computecost,1640,26,1.152973752003163,0.26937716198153794,10.360660076212998,174
time_ratio,launch_runtime,random_forest,syr2k::syr2kkernel,1640,26,1.1623290590941906,0.2755651830229908,10.598660885499648,174
time_ratio,launch_runtime,random_forest,syrk::syrkkernel,1641,25,1.1283924467861652,0.26910102693364024,10.76404107734561,174
time_ratio,launch_runtime,extra_trees,2dconv::convolution2dkernel,1640,26,0.6844972569961101,0.2740499940700829,10.540384387310882,174
time_ratio,launch_runtime,extra_trees,2mm::mm2kernel1,1641,25,0.6807646700181067,0.3088248649146408,12.352994596585631,174
time_ratio,launch_runtime,extra_trees,2mm::mm2kernel2,1640,26,0.6806774341966957,0.3253723250236362,12.51432019321678,174
time_ratio,launch_runtime,extra_trees,3mm::mm3kernel1,1641,25,0.6764268898405135,0.2945746830664575,11.7829873226583,174
time_ratio,launch_runtime,extra_trees,3mm::mm3kernel2,1640,26,0.6773743741214275,0.31420665490441024,12.084871342477317,174
time_ratio,launch_runtime,extra_trees,3mm::mm3kernel3,1640,26,0.6885735797695816,0.2773372451774776,10.666817122210677,174
time_ratio,launch_runtime,extra_trees,atax::ataxkernel1,1640,26,0.6781323549803346,0.2692795218899846,10.35690468807633,174
time_ratio,launch_runtime,extra_trees,atax::ataxkernel2,1640,26,0.6893821200355887,0.26048899511806667,10.018807504541027,174
time_ratio,launch_runtime,extra_trees,bicg::bicgkernel1,1640,26,0.666695831110701,0.2638772139325738,10.1491236127913,174
time_ratio,launch_runtime,extra_trees,bicg::bicgkernel2,1641,25,0.6767421059776098,0.26717957109212875,10.68718284368515,174
time_ratio,launch_runtime,extra_trees,correlation::corrkernel,1641,25,0.6667609338182956,0.2600140939466655,10.400563757866621,174
time_ratio,launch_runtime,extra_trees,correlation::meankernel,1640,26,0.6902219138573855,0.2792014379519969,10.738516844307574,174
time_ratio,launch_runtime,extra_trees,correlation::reducekernel,1640,26,0.6731014049146324,0.2674141670577228,10.285160271450877,174
time_ratio,launch_runtime,extra_trees,correlation::stdkernel,1640,26,0.677735737990588,0.27075919904746115,10.413815347979275,174
time_ratio,launch_runtime,extra_trees,covariance::covarkernel,1641,25,0.6697784229181707,0.24569911509752274,9.82796460390091,174
time_ratio,launch_runtime,extra_trees,covariance::meankernel,1641,25,0.6848534950986505,0.26962963095866144,10.785185238346457,174
time_ratio,launch_runtime,extra_trees,covariance::reducekernel,1640,26,0.6737060989253223,0.28403724008239806,10.924509233938387,174
time_ratio,launch_runtime,extra_trees,doitgen::kernel1,1641,25,0.7156683320645243,0.25746983592398465,10.298793436959386,174
time_ratio,launch_runtime,extra_trees,doitgen::kernel2,1640,26,0.66686394601129,0.2547544890549034,9.798249579034746,174
time_ratio,launch_runtime,extra_trees,euler3d::computeflux,1640,26,0.6779685351066291,0.26896926714107394,10.344971813118228,174
time_ratio,launch_runtime,extra_trees,euler3d::computestepfactor,1641,25,0.6769055721815675,0.27685500704683363,11.074200281873345,174
time_ratio,launch_runtime,extra_trees,euler3d::timestep,1640,26,0.6786312819458544,0.2631866168230772,10.122562185502968,174
time_ratio,launch_runtime,extra_trees,fdtd2d::step1,1640,26,0.6735019108746201,0.30558887985534966,11.753418455974987,174
time_ratio,launch_runtime,extra_trees,fdtd2d::step2,1640,26,0.6936279360670596,0.2846522380132228,10.948163000508568,174
time_ratio,launch_runtime,extra_trees,fdtd2d::step3,1640,26,0.7154358820989728,0.30212487815879285,11.620187621492033,174
time_ratio,launch_runtime,extra_trees,gemm::gemmkernel,1641,25,0.6844063231255859,0.31728277495130897,12.691310998052359,174
time_ratio,launch_runtime,extra_trees,gemver::gemverkernel1,1640,26,0.6640367119107395,0.23935431404970586,9.205935155757917,174
time_ratio,launch_runtime,extra_trees,gemver::gemverkernel2,1640,26,0.6985494899563491,0.2652536251116544,10.2020625042944,174
time_ratio,launch_runtime,extra_trees,gemver::gemverkernel3,1640,26,0.6876179301179945,0.3197954990901053,12.299826888080974,174
time_ratio,launch_runtime,extra_trees,gesummv::gesummvkernel,1640,26,0.7544083951506764,0.26773924683220685,10.297663339700263,174
time_ratio,launch_runtime,extra_trees,gramschmidt::kernel1,1641,25,0.6703392749186605,0.2647644719108939,10.590578876435757,174
time_ratio,launch_runtime,extra_trees,gramschmidt::kernel2,1641,25,0.685253277188167,0.26411958294920623,10.56478331796825,174
time_ratio,launch_runtime,extra_trees,gramschmidt::kernel3,1641,25,0.667833523824811,0.26277244091033936,10.510897636413574,174
time_ratio,launch_runtime,extra_trees,hotspot3d::hotspotopt1,1640,26,0.6839467159006745,0.25368599500507116,9.757153654041199,174
time_ratio,launch_runtime,extra_trees,hotspot::calculatetemp,1640,26,0.7641733870841563,0.2723546689376235,10.475179574523981,174
time_ratio,launch_runtime,extra_trees,jacobi1d::kernel1,1641,25,0.6877575879916549,0.2575353500433266,10.301414001733065,174
time_ratio,launch_runtime,extra_trees,jacobi1d::kernel2,1641,25,0.6717566589359194,0.24776990804821253,9.910796321928501,174
time_ratio,launch_runtime,extra_trees,jacobi2d::kernel1,1640,26,0.6822276199236512,0.27425326709635556,10.54820258062906,174
time_ratio,launch_runtime,extra_trees,jacobi2d::kernel2,1640,26,0.6751982821151614,0.2550148358568549,9.808262917571344,174
time_ratio,launch_runtime,extra_trees,kmeans::kmeanspoint,1641,25,0.6879597860388458,0.296555909095332,11.862236363813281,174
time_ratio,launch_runtime,extra_trees,lavamd::kernelgpucuda,1641,25,0.668400313006714,0.250409543979913,10.01638175919652,174
time_ratio,launch_runtime,extra_trees,mvt::kernel1,1640,26,0.6897138569038361,0.2575909988954663,9.907346111364088,174
time_ratio,launch_runtime,extra_trees,mvt::kernel2,1640,26,0.6949166371487081,0.26606687693856657,10.2333414207141,174
time_ratio,launch_runtime,extra_trees,myocyte::solver2,1640,26,0.6824953129980713,0.26589004788547754,10.226540303287598,174
time_ratio,launch_runtime,extra_trees,nn::euclid,1640,26,0.6689714659005404,0.2610758198425174,10.041377686250668,174
time_ratio,launch_runtime,extra_trees,nw::shared1,1641,25,0.6847757750656456,0.2446343160700053,9.785372642800212,174
time_ratio,launch_runtime,extra_trees,nw::shared2,1641,25,0.6767363720573485,0.30489329900592566,12.195731960237026,174
time_ratio,launch_runtime,extra_trees,particlefilter::findindex,1640,26,0.6905876060482115,0.2902440740726888,11.163233618180339,174
time_ratio,launch_runtime,extra_trees,particlefilter::likelihood,1641,25,0.7052442999556661,0.27271799300797284,10.908719720318913,174
time_ratio,launch_runtime,extra_trees,particlefilter::normalizeweights,1641,25,0.6825210161041468,0.2696431849617511,10.785727398470044,174
time_ratio,launch_runtime,extra_trees,particlefilter::sum,1641,25,0.6826233929023147,0.3056766230147332,12.227064920589328,174
time_ratio,launch_runtime,extra_trees,pathfinder::dynproc,1640,26,0.7211705220397562,0.2895945799537003,11.13825307514232,174
time_ratio,launch_runtime,extra_trees,preeuler3d::computeflux,1640,26,0.6940432440023869,0.29880824498832226,11.492624807243164,174
time_ratio,launch_runtime,extra_trees,preeuler3d::computefluxcontributions,1641,25,0.6902301791124046,0.26184275303967297,10.473710121586919,174
time_ratio,launch_runtime,extra_trees,preeuler3d::computestepfactor,1640,26,0.6749744389671832,0.2784873959608376,10.711053690801446,174
time_ratio,launch_runtime,extra_trees,preeuler3d::timestep,1640,26,0.6939619369804859,0.29078947519883513,11.184210584570582,174
time_ratio,launch_runtime,extra_trees,sradv1::compress,1640,26,0.67369892494753,0.33532275911420584,12.897029196700224,174
time_ratio,launch_runtime,extra_trees,sradv1::extract,1640,26,0.7769748480059206,0.30205263709649444,11.61740911909594,174
time_ratio,launch_runtime,extra_trees,sradv1::prepare,1641,25,0.7207442610524595,0.28091182792559266,11.236473117023706,174
time_ratio,launch_runtime,extra_trees,sradv1::reduce,1640,26,0.6849391739815474,0.3011407721787691,11.58233739149112,174
time_ratio,launch_runtime,extra_trees,sradv1::srad,1640,26,0.6780614249873906,0.27456857613287866,10.560329851264564,174
time_ratio,launch_runtime,extra_trees,sradv1::srad2,1640,26,0.6789069948717952,0.2560791268479079,9.849197186457996,174
time_ratio,launch_runtime,extra_trees,streamcluster::computecost,1640,26,0.8050322148483247,0.2584945501293987,9.94209808189995,174
time_ratio,launch_runtime,extra_trees,syr2k::syr2kkernel,1640,26,0.6750633621122688,0.2648595068603754,10.186904110014439,174
time_ratio,launch_runtime,extra_trees,syrk::syrkkernel,1641,25,0.6718029270414263,0.24855766794644296,9.942306717857718,174
time_ratio,launch_runtime,xgboost,2dconv::convolution2dkernel,1640,26,2.173933907179162,0.008295651990920305,0.3190635381123194,174
time_ratio,launch_runtime,xgboost,2mm::mm2kernel1,1641,25,2.418854834046215,0.007517565973103046,0.30070263892412186,174
time_ratio,launch_runtime,xgboost,2mm::mm2kernel2,1640,26,2.0297933749388903,0.007810092996805906,0.30038819218484253,174
time_ratio,launch_runtime,xgboost,3mm::mm3kernel1,1641,25,1.5063947981689125,0.0077706980518996716,0.31082792207598686,174
time_ratio,launch_runtime,xgboost,3mm::mm3kernel2,1640,26,2.2564393510110676,0.007761498214676976,0.29851916210296064,174
time_ratio,launch_runtime,xgboost,3mm::mm3kernel3,1640,26,1.548113937024027,0.007864479906857014,0.30247999641757745,174
time_ratio,launch_runtime,xgboost,atax::ataxkernel1,1640,26,1.770996012026444,0.0079095340333879,0.30421284743799615,174
time_ratio,launch_runtime,xgboost,atax::ataxkernel2,1640,26,1.7890222850255668,0.007710287114605308,0.2965495044078964,174
time_ratio,launch_runtime,xgboost,bicg::bicgkernel1,1640,26,1.6595461848191917,0.024175266036763787,0.9298179244909149,174
time_ratio,launch_runtime,xgboost,bicg::bicgkernel2,1641,25,2.7447755211032927,0.007562183076515794,0.30248732306063175,174
time_ratio,launch_runtime,xgboost,correlation::corrkernel,1641,25,1.940398566890508,0.0077430508099496365,0.30972203239798546,174
time_ratio,launch_runtime,xgboost,correlation::meankernel,1640,26,2.4354688390158117,0.02405670192092657,0.9252577661894834,174
time_ratio,launch_runtime,xgboost,correlation::reducekernel,1640,26,2.0173529230523854,0.009393067099153996,0.3612718115059229,174
time_ratio,launch_runtime,xgboost,correlation::stdkernel,1640,26,1.4143324829638004,0.007576056988909841,0.2913868072657631,174
time_ratio,launch_runtime,xgboost,covariance::covarkernel,1641,25,1.863397300010547,0.00767857301980257,0.3071429207921028,174
time_ratio,launch_runtime,xgboost,covariance::meankernel,1641,25,1.8102044539991766,0.007481197128072381,0.29924788512289524,174
time_ratio,launch_runtime,xgboost,covariance::reducekernel,1640,26,2.10768845397979,0.007798467995598912,0.2999410767538043,174
time_ratio,launch_runtime,xgboost,doitgen::kernel1,1641,25,1.9634785770904273,0.011315430980175734,0.45261723920702934,174
time_ratio,launch_runtime,xgboost,doitgen::kernel2,1640,26,1.9484004080295563,0.008805433055385947,0.33867050213022876,174
time_ratio,launch_runtime,xgboost,euler3d::computeflux,1640,26,2.120419637998566,0.008846532087773085,0.3402512341451186,174
time_ratio,launch_runtime,xgboost,euler3d::computestepfactor,1641,25,1.4191789659671485,0.01201800792478025,0.48072031699121,174
time_ratio,launch_runtime,xgboost,euler3d::timestep,1640,26,1.6678459520917386,0.007875710958614945,0.30291195994672865,174
time_ratio,launch_runtime,xgboost,fdtd2d::step1,1640,26,1.7985614670906216,0.007664334028959274,0.29478207803689516,174
time_ratio,launch_runtime,xgboost,fdtd2d::step2,1640,26,3.001764897024259,0.025390968890860677,0.9765757265715646,174
time_ratio,launch_runtime,xgboost,fdtd2d::step3,1640,26,2.408118109917268,0.024630487896502018,0.94732645755777,174
time_ratio,launch_runtime,xgboost,gemm::gemmkernel,1641,25,3.1210555569268763,0.0085167670622468,0.340670682489872,174
time_ratio,launch_runtime,xgboost,gemver::gemverkernel1,1640,26,2.4949380070902407,0.007835258962586522,0.30135611394563544,174
time_ratio,launch_runtime,xgboost,gemver::gemverkernel2,1640,26,1.817788264947012,0.007874889066442847,0.3028803487093403,174
time_ratio,launch_runtime,xgboost,gemver::gemverkernel3,1640,26,2.59359513502568,0.007886831881478429,0.30333968774917036,174
time_ratio,launch_runtime,xgboost,gesummv::gesummvkernel,1640,26,2.5284622649196535,0.007826694985851645,0.30102673022506327,174
time_ratio,launch_runtime,xgboost,gramschmidt::kernel1,1641,25,2.435680169845,0.0190470851957798,0.761883407831192,174
time_ratio,launch_runtime,xgboost,gramschmidt::kernel2,1641,25,2.7084267230238765,0.024259760044515133,0.9703904017806053,174
time_ratio,launch_runtime,xgboost,gramschmidt::kernel3,1641,25,1.8296231010463089,0.007662170799449086,0.30648683197796345,174
time_ratio,launch_runtime,xgboost,hotspot3d::hotspotopt1,1640,26,1.7913501819130033,0.007737918058410287,0.29761223301578027,174
time_ratio,launch_runtime,xgboost,hotspot::calculatetemp,1640,26,1.8538781590759754,0.01784589304588735,0.6863805017648981,174
time_ratio,launch_runtime,xgboost,jacobi1d::kernel1,1641,25,2.857341493945569,0.008155043935403228,0.3262017574161291,174
time_ratio,launch_runtime,xgboost,jacobi1d::kernel2,1641,25,2.0863389489240944,0.00764297810383141,0.3057191241532564,174
time_ratio,launch_runtime,xgboost,jacobi2d::kernel1,1640,26,1.8305947000626475,0.011845004977658391,0.45557711452532273,174
time_ratio,launch_runtime,xgboost,jacobi2d::kernel2,1640,26,2.27195493504405,0.01891406998038292,0.7274642300147277,174
time_ratio,launch_runtime,xgboost,kmeans::kmeanspoint,1641,25,2.301215344108641,0.007669461891055107,0.3067784756422043,174
time_ratio,launch_runtime,xgboost,lavamd::kernelgpucuda,1641,25,1.8770782398059964,0.02405596198514104,0.9622384794056416,174
time_ratio,launch_runtime,xgboost,mvt::kernel1,1640,26,2.8574494998902082,0.014369267970323563,0.5526641527047524,174
time_ratio,launch_runtime,xgboost,mvt::kernel2,1640,26,1.8954355181194842,0.007499596104025841,0.28844600400099385,174
time_ratio,launch_runtime,xgboost,myocyte::solver2,1640,26,1.838189406087622,0.007583028869703412,0.2916549565270543,174
time_ratio,launch_runtime,xgboost,nn::euclid,1640,26,3.2935400251299143,0.0076985349878668785,0.2960974995333415,174
time_ratio,launch_runtime,xgboost,nw::shared1,1641,25,1.7099900390021503,0.02376445895060897,0.9505783580243587,174
time_ratio,launch_runtime,xgboost,nw::shared2,1641,25,2.3769279289990664,0.009514634031802416,0.38058536127209663,174
time_ratio,launch_runtime,xgboost,particlefilter::findindex,1640,26,2.1919595450162888,0.0074210260063409805,0.28542407716696083,174
time_ratio,launch_runtime,xgboost,particlefilter::likelihood,1641,25,3.578350858995691,0.007362229051068425,0.294489162042737,174
time_ratio,launch_runtime,xgboost,particlefilter::normalizeweights,1641,25,2.092005289159715,0.007627943065017462,0.30511772260069847,174
time_ratio,launch_runtime,xgboost,particlefilter::sum,1641,25,3.347650592913851,0.011274616932496428,0.45098467729985714,174
time_ratio,launch_runtime,xgboost,pathfinder::dynproc,1640,26,3.306272887159139,0.009836737997829914,0.3783360768396121,174
time_ratio,launch_runtime,xgboost,preeuler3d::computeflux,1640,26,2.753364410949871,0.007686438970267773,0.295632268087222,174
time_ratio,launch_runtime,xgboost,preeuler3d::computefluxcontributions,1641,25,2.942850613966584,0.007491430034860969,0.29965720139443874,174
time_ratio,launch_runtime,xgboost,preeuler3d::computestepfactor,1640,26,2.389156948076561,0.007756420876830816,0.2983238798781083,174
time_ratio,launch_runtime,xgboost,preeuler3d::timestep,1640,26,3.4453314398415387,0.0078119440004229546,0.3004593846316521,174
time_ratio,launch_runtime,xgboost,sradv1::compress,1640,26,2.392083008075133,0.00785884284414351,0.3022631863132119,174
time_ratio,launch_runtime,xgboost,sradv1::extract,1640,26,2.4078070071991533,0.007830163929611444,0.3011601511389017,174
time_ratio,launch_runtime,xgboost,sradv1::prepare,1641,25,2.1476981448940933,0.00759860803373158,0.3039443213492632,174
time_ratio,launch_runtime,xgboost,sradv1::reduce,1640,26,3.6505874230060726,0.007542061852291226,0.290079302011201,174
time_ratio,launch_runtime,xgboost,sradv1::srad,1640,26,2.1608050051145256,0.007466707844287157,0.28718107093412143,174
time_ratio,launch_runtime,xgboost,sradv1::srad2,1640,26,1.5788319888524711,0.015037742909044027,0.5783747272709241,174
time_ratio,launch_runtime,xgboost,streamcluster::computecost,1640,26,2.029505549930036,0.007601860910654068,0.2923792657943872,174
time_ratio,launch_runtime,xgboost,syr2k::syr2kkernel,1640,26,2.975405254168436,0.007990197045728564,0.3073152709895602,174
time_ratio,launch_runtime,xgboost,syrk::syrkkernel,1641,25,2.026078016962856,0.025958146201446652,1.038325848057866,174
time_ratio,ptx_launch_runtime,random_forest,2dconv::convolution2dkernel,1640,26,1.3516432167962193,0.2700370419770479,10.386040076040306,226
time_ratio,ptx_launch_runtime,random_forest,2mm::mm2kernel1,1641,25,1.3546775900758803,0.26335001992993057,10.534000797197223,226
time_ratio,ptx_launch_runtime,random_forest,2mm::mm2kernel2,1640,26,1.341881279135123,0.2666965709067881,10.257560419491849,226
time_ratio,ptx_launch_runtime,random_forest,3mm::mm3kernel1,1641,25,1.36595519608818,0.266712797107175,10.668511884287,226
time_ratio,ptx_launch_runtime,random_forest,3mm::mm3kernel2,1640,26,1.352091230917722,0.2620895919390023,10.080368920730857,226
time_ratio,ptx_launch_runtime,random_forest,3mm::mm3kernel3,1640,26,1.345676114782691,0.29946192796342075,11.517766460131567,226
time_ratio,ptx_launch_runtime,random_forest,atax::ataxkernel1,1640,26,1.3527938788756728,0.23395804804749787,8.998386463365303,226
time_ratio,ptx_launch_runtime,random_forest,atax::ataxkernel2,1640,26,1.3356270871590823,0.26100973202846944,10.038835847248825,226
time_ratio,ptx_launch_runtime,random_forest,bicg::bicgkernel1,1640,26,1.3496806940529495,0.28709686594083905,11.042187151570733,226
time_ratio,ptx_launch_runtime,random_forest,bicg::bicgkernel2,1641,25,1.391915474087,0.2700868679676205,10.80347471870482,226
time_ratio,ptx_launch_runtime,random_forest,correlation::corrkernel,1641,25,1.408471941947937,0.26400150591507554,10.560060236603022,226
time_ratio,ptx_launch_runtime,random_forest,correlation::meankernel,1640,26,1.3628691770136356,0.2717976341955364,10.453755161366782,226
time_ratio,ptx_launch_runtime,random_forest,correlation::reducekernel,1640,26,1.3687697460409254,0.3025280670262873,11.635694885626435,226
time_ratio,ptx_launch_runtime,random_forest,correlation::stdkernel,1640,26,1.3536097249016166,0.3088493519462645,11.878821228702481,226
time_ratio,ptx_launch_runtime,random_forest,covariance::covarkernel,1641,25,1.3608858920633793,0.25857366994023323,10.34294679760933,226
time_ratio,ptx_launch_runtime,random_forest,covariance::meankernel,1641,25,1.358433618908748,0.2913227491080761,11.652909964323044,226
time_ratio,ptx_launch_runtime,random_forest,covariance::reducekernel,1640,26,1.3866018841508776,0.2690628389827907,10.348570730107335,226
time_ratio,ptx_launch_runtime,random_forest,doitgen::kernel1,1641,25,1.3727428049314767,0.26963599608279765,10.785439843311906,226
time_ratio,ptx_launch_runtime,random_forest,doitgen::kernel2,1640,26,1.3704600150231272,0.25577729288488626,9.83758818788024,226
time_ratio,ptx_launch_runtime,random_forest,euler3d::computeflux,1640,26,1.3485257970169187,0.26745714293792844,10.286813189920325,226
time_ratio,ptx_launch_runtime,random_forest,euler3d::computestepfactor,1641,25,1.3684684070758522,0.29154420201666653,11.661768080666661,226
time_ratio,ptx_launch_runtime,random_forest,euler3d::timestep,1640,26,1.3476718838792294,0.25222191610373557,9.700842927066752,226
time_ratio,ptx_launch_runtime,random_forest,fdtd2d::step1,1640,26,1.4110836358740926,0.26061782194301486,10.023762382423648,226
time_ratio,ptx_launch_runtime,random_forest,fdtd2d::step2,1640,26,1.35642765997909,0.25739703909493983,9.899886119036147,226
time_ratio,ptx_launch_runtime,random_forest,fdtd2d::step3,1640,26,1.3766565090045333,0.2621450568549335,10.082502186728211,226
time_ratio,ptx_launch_runtime,random_forest,gemm::gemmkernel,1641,25,1.3405967261642218,0.29775551799684763,11.910220719873905,226
time_ratio,ptx_launch_runtime,random_forest,gemver::gemverkernel1,1640,26,1.3522221290040761,0.2746409811079502,10.563114657998085,226
time_ratio,ptx_launch_runtime,random_forest,gemver::gemverkernel2,1640,26,1.4434039569459856,0.3138997880741954,12.073068772084437,226
time_ratio,ptx_launch_runtime,random_forest,gemver::gemverkernel3,1640,26,1.3706117460969836,0.2770278239622712,10.654916306241201,226
time_ratio,ptx_launch_runtime,random_forest,gesummv::gesummvkernel,1640,26,1.3425762890838087,0.26139892102219164,10.053804654699679,226
time_ratio,ptx_launch_runtime,random_forest,gramschmidt::kernel1,1641,25,1.347484827041626,0.24490274395793676,9.79610975831747,226
time_ratio,ptx_launch_runtime,random_forest,gramschmidt::kernel2,1641,25,1.36330771795474,0.2857012508902699,11.428050035610795,226
time_ratio,ptx_launch_runtime,random_forest,gramschmidt::kernel3,1641,25,1.3618011199869215,0.2602835288271308,10.411341153085232,226
time_ratio,ptx_launch_runtime,random_forest,hotspot3d::hotspotopt1,1640,26,1.3546517961658537,0.2673571798950434,10.282968457501669,226
time_ratio,ptx_launch_runtime,random_forest,hotspot::calculatetemp,1640,26,1.4812488828320056,0.2754805530421436,10.595405886236291,226
time_ratio,ptx_launch_runtime,random_forest,jacobi1d::kernel1,1641,25,1.3843464329838753,0.24381300806999207,9.752520322799683,226
time_ratio,ptx_launch_runtime,random_forest,jacobi1d::kernel2,1641,25,1.3524562609381974,0.2744755200110376,10.979020800441504,226
time_ratio,ptx_launch_runtime,random_forest,jacobi2d::kernel1,1640,26,1.3497411331627518,0.27692036191001534,10.650783150385205,226
time_ratio,ptx_launch_runtime,random_forest,jacobi2d::kernel2,1640,26,1.3448221059516072,0.2642007989343256,10.161569189781753,226
time_ratio,ptx_launch_runtime,random_forest,kmeans::kmeanspoint,1641,25,1.4104265039786696,0.29505074489861727,11.80202979594469,226
time_ratio,ptx_launch_runtime,random_forest,lavamd::kernelgpucuda,1641,25,1.3608656688593328,0.2693679858930409,10.774719435721636,226
time_ratio,ptx_launch_runtime,random_forest,mvt::kernel1,1640,26,1.357836035080254,0.2803802040871233,10.783854003350895,226
time_ratio,ptx_launch_runtime,random_forest,mvt::kernel2,1640,26,1.349373010918498,0.3027013619430363,11.642360074732165,226
time_ratio,ptx_launch_runtime,random_forest,myocyte::solver2,1640,26,1.347790984204039,0.26835731393657625,10.321435151406778,226
time_ratio,ptx_launch_runtime,random_forest,nn::euclid,1640,26,1.339932864997536,0.2842369058635086,10.932188687058023,226
time_ratio,ptx_launch_runtime,random_forest,nw::shared1,1641,25,1.388639456126839,0.28104060096666217,11.241624038666487,226
time_ratio,ptx_launch_runtime,random_forest,nw::shared2,1641,25,1.3498156641144305,0.33765814104117453,13.506325641646981,226
time_ratio,ptx_launch_runtime,random_forest,particlefilter::findindex,1640,26,1.3473070219624788,0.2692853070329875,10.357127193576442,226
time_ratio,ptx_launch_runtime,random_forest,particlefilter::likelihood,1641,25,1.3437274999450892,0.3126576319336891,12.506305277347565,223
time_ratio,ptx_launch_runtime,random_forest,particlefilter::normalizeweights,1641,25,1.3632790469564497,0.2660691919736564,10.642767678946257,226
time_ratio,ptx_launch_runtime,random_forest,particlefilter::sum,1641,25,1.3532423109281808,0.2721395939588547,10.885583758354187,226
time_ratio,ptx_launch_runtime,random_forest,pathfinder::dynproc,1640,26,1.4394853839185089,0.26075757411308587,10.029137465887917,226
time_ratio,ptx_launch_runtime,random_forest,preeuler3d::computeflux,1640,26,1.333062093006447,0.26253501791507006,10.097500689041157,226
time_ratio,ptx_launch_runtime,random_forest,preeuler3d::computefluxcontributions,1641,25,1.369500967906788,0.25393780088052154,10.157512035220861,226
time_ratio,ptx_launch_runtime,random_forest,preeuler3d::computestepfactor,1640,26,1.3502951960545033,0.26684170006774366,10.263142310297834,226
time_ratio,ptx_launch_runtime,random_forest,preeuler3d::timestep,1640,26,1.3857688289135695,0.2856828330550343,10.987801271347472,226
time_ratio,ptx_launch_runtime,random_forest,sradv1::compress,1640,26,1.425363081973046,0.26327529712580144,10.12597296637698,226
time_ratio,ptx_launch_runtime,random_forest,sradv1::extract,1640,26,1.349667935166508,0.25563263706862926,9.832024502639587,226
time_ratio,ptx_launch_runtime,random_forest,sradv1::prepare,1641,25,1.356824510032311,0.2728480091318488,10.913920365273952,226
time_ratio,ptx_launch_runtime,random_forest,sradv1::reduce,1640,26,1.3641788349486887,0.2729973839595914,10.499899383061209,226
time_ratio,ptx_launch_runtime,random_forest,sradv1::srad,1640,26,1.3588611918967217,0.25855374801903963,9.944374923809217,226
time_ratio,ptx_launch_runtime,random_forest,sradv1::srad2,1640,26,1.375832349061966,0.29010133701376617,11.157743731298698,226
time_ratio,ptx_launch_runtime,random_forest,streamcluster::computecost,1640,26,1.3465215298347175,0.33070154394954443,12.719290151905556,226
time_ratio,ptx_launch_runtime,random_forest,syr2k::syr2kkernel,1640,26,1.3324239158537239,0.3118207158986479,11.993104457640303,226
time_ratio,ptx_launch_runtime,random_forest,syrk::syrkkernel,1641,25,1.3493474808055907,0.2609413790050894,10.437655160203576,226
time_ratio,ptx_launch_runtime,extra_trees,2dconv::convolution2dkernel,1640,26,0.8255885581020266,0.26317208306863904,10.122003194947656,226
time_ratio,ptx_launch_runtime,extra_trees,2mm::mm2kernel1,1641,25,0.7924558538943529,0.2586783040314913,10.347132161259651,226
time_ratio,ptx_launch_runtime,extra_trees,2mm::mm2kernel2,1640,26,0.7983479048125446,0.2517341929487884,9.682084344184169,226
time_ratio,ptx_launch_runtime,extra_trees,3mm::mm3kernel1,1641,25,0.8820802757982165,0.27394260792061687,10.957704316824675,226
time_ratio,ptx_launch_runtime,extra_trees,3mm::mm3kernel2,1640,26,0.7939402621705085,0.30577534693293273,11.76059026665126,226
time_ratio,ptx_launch_runtime,extra_trees,3mm::mm3kernel3,1640,26,0.8057049640920013,0.27611082699149847,10.619647191980711,226
time_ratio,ptx_launch_runtime,extra_trees,atax::ataxkernel1,1640,26,0.7879336338955909,0.27860187203623354,10.715456616778214,226
time_ratio,ptx_launch_runtime,extra_trees,atax::ataxkernel2,1640,26,0.8144622379913926,0.2998252138495445,11.531738994213251,226
time_ratio,ptx_launch_runtime,extra_trees,bicg::bicgkernel1,1640,26,0.8369141069706529,0.28223308199085295,10.855118538109728,226
time_ratio,ptx_launch_runtime,extra_trees,bicg::bicgkernel2,1641,25,0.8134450949728489,0.2667099020909518,10.668396083638072,226
time_ratio,ptx_launch_runtime,extra_trees,correlation::corrkernel,1641,25,0.8055065169464797,0.28698951099067926,11.47958043962717,226
time_ratio,ptx_launch_runtime,extra_trees,correlation::meankernel,1640,26,0.8103223890066147,0.28340549301356077,10.900211269752337,226
time_ratio,ptx_launch_runtime,extra_trees,correlation::reducekernel,1640,26,0.7998909880407155,0.2957147180568427,11.373643002186258,226
time_ratio,ptx_launch_runtime,extra_trees,correlation::stdkernel,1640,26,0.8348552470561117,0.2594550531357527,9.979040505221256,226
time_ratio,ptx_launch_runtime,extra_trees,covariance::covarkernel,1641,25,0.807206564117223,0.262598873116076,10.50395492464304,226
time_ratio,ptx_launch_runtime,extra_trees,covariance::meankernel,1641,25,0.7928272171411663,0.2634516269899905,10.538065079599619,226
time_ratio,ptx_launch_runtime,extra_trees,covariance::reducekernel,1640,26,0.8003952011931688,0.27158452407456934,10.445558618252667,226
time_ratio,ptx_launch_runtime,extra_trees,doitgen::kernel1,1641,25,0.7975925109349191,0.26874568802304566,10.749827520921826,226
time_ratio,ptx_launch_runtime,extra_trees,doitgen::kernel2,1640,26,0.7866926197893918,0.2784881149418652,10.711081343917893,226
time_ratio,ptx_launch_runtime,extra_trees,euler3d::computeflux,1640,26,0.8003674990031868,0.2773138480260968,10.665917231772955,226
time_ratio,ptx_launch_runtime,extra_trees,euler3d::computestepfactor,1641,25,0.8243073900230229,0.3052134639583528,12.208538558334112,226
time_ratio,ptx_launch_runtime,extra_trees,euler3d::timestep,1640,26,0.7954156219493598,0.26982432999648154,10.37785884601852,226
time_ratio,ptx_launch_runtime,extra_trees,fdtd2d::step1,1640,26,0.7999607508536428,0.26441669813357294,10.169873005137422,226
time_ratio,ptx_launch_runtime,extra_trees,fdtd2d::step2,1640,26,0.7995378340128809,0.2786831739358604,10.718583612917708,226
time_ratio,ptx_launch_runtime,extra_trees,fdtd2d::step3,1640,26,0.8183207951951772,0.29132998501881957,11.204999423800754,226
time_ratio,ptx_launch_runtime,extra_trees,gemm::gemmkernel,1641,25,0.7904920880682766,0.3021958479657769,12.087833918631077,226
time_ratio,ptx_launch_runtime,extra_trees,gemver::gemverkernel1,1640,26,0.8065955550409853,0.2616051740478724,10.061737463379709,226
time_ratio,ptx_launch_runtime,extra_trees,gemver::gemverkernel2,1640,26,0.7955120829865336,0.28095082798972726,10.805801076527972,226
time_ratio,ptx_launch_runtime,extra_trees,gemver::gemverkernel3,1640,26,0.7968701641075313,0.2788579168263823,10.725304493322394,226
time_ratio,ptx_launch_runtime,extra_trees,gesummv::gesummvkernel,1640,26,0.8223726782016456,0.27372399996966124,10.527846152679277,226
time_ratio,ptx_launch_runtime,extra_trees,gramschmidt::kernel1,1641,25,0.8366554949898273,0.26211159978993237,10.484463991597295,226
time_ratio,ptx_launch_runtime,extra_trees,gramschmidt::kernel2,1641,25,0.8044890998862684,0.2640820548404008,10.563282193616033,226
time_ratio,ptx_launch_runtime,extra_trees,gramschmidt::kernel3,1641,25,0.8081226281356066,0.2794488992076367,11.177955968305469,226
time_ratio,ptx_launch_runtime,extra_trees,hotspot3d::hotspotopt1,1640,26,0.79229332995601,0.26952583086676896,10.366378110260346,226
time_ratio,ptx_launch_runtime,extra_trees,hotspot::calculatetemp,1640,26,0.7952464390546083,0.28706363402307034,11.040909000887321,226
time_ratio,ptx_launch_runtime,extra_trees,jacobi1d::kernel1,1641,25,0.8291781218722463,0.29131351597607136,11.652540639042854,226
time_ratio,ptx_launch_runtime,extra_trees,jacobi1d::kernel2,1641,25,0.7977398720104247,0.26211081678047776,10.48443267121911,226
time_ratio,ptx_launch_runtime,extra_trees,jacobi2d::kernel1,1640,26,0.8086217921227217,0.24836866999976337,9.552641153837053,226
time_ratio,ptx_launch_runtime,extra_trees,jacobi2d::kernel2,1640,26,0.8072875821962953,0.2672666881699115,10.279488006535058,226
time_ratio,ptx_launch_runtime,extra_trees,kmeans::kmeanspoint,1641,25,0.7996211771387607,0.2812924322206527,11.251697288826108,226
time_ratio,ptx_launch_runtime,extra_trees,lavamd::kernelgpucuda,1641,25,0.8150485658552498,0.26458787196315825,10.58351487852633,226
time_ratio,ptx_launch_runtime,extra_trees,mvt::kernel1,1640,26,0.7971041291020811,0.2739642718806863,10.537087380026396,226
time_ratio,ptx_launch_runtime,extra_trees,mvt::kernel2,1640,26,0.8116815171670169,0.2533552870154381,9.744434115978388,226
time_ratio,ptx_launch_runtime,extra_trees,myocyte::solver2,1640,26,0.8037635749205947,0.281520928023383,10.827728000899347,226
time_ratio,ptx_launch_runtime,extra_trees,nn::euclid,1640,26,0.8044055490754545,0.25994393206201494,9.997843540846727,226
time_ratio,ptx_launch_runtime,extra_trees,nw::shared1,1641,25,0.7992768329568207,0.2525186110287905,10.100744441151619,226
time_ratio,ptx_launch_runtime,extra_trees,nw::shared2,1641,25,0.8044918240047991,0.28114566905424,11.2458267621696,226
time_ratio,ptx_launch_runtime,extra_trees,particlefilter::findindex,1640,26,0.8064243299886584,0.33895905409008265,13.03688669577241,226
time_ratio,ptx_launch_runtime,extra_trees,particlefilter::likelihood,1641,25,0.8112472710199654,0.25988654396496713,10.395461758598685,223
time_ratio,ptx_launch_runtime,extra_trees,particlefilter::normalizeweights,1641,25,0.8024442829191685,0.25472106598317623,10.18884263932705,226
time_ratio,ptx_launch_runtime,extra_trees,particlefilter::sum,1641,25,0.7976858359761536,0.2645789289381355,10.58315715752542,226
time_ratio,ptx_launch_runtime,extra_trees,pathfinder::dynproc,1640,26,0.7898159329779446,0.25539568602107465,9.822911000810564,226
time_ratio,ptx_launch_runtime,extra_trees,preeuler3d::computeflux,1640,26,0.8762006929609925,0.2540089280810207,9.769574156962335,226
time_ratio,ptx_launch_runtime,extra_trees,preeuler3d::computefluxcontributions,1641,25,0.7963862142059952,0.2553479529451579,10.213918117806315,226
time_ratio,ptx_launch_runtime,extra_trees,preeuler3d::computestepfactor,1640,26,0.7899324749596417,0.2638595658354461,10.148444839824851,226
time_ratio,ptx_launch_runtime,extra_trees,preeuler3d::timestep,1640,26,0.7926563879009336,0.2532677138224244,9.741065916247091,226
time_ratio,ptx_launch_runtime,extra_trees,sradv1::compress,1640,26,0.8036743430420756,0.2647298250813037,10.181916349280913,226
time_ratio,ptx_launch_runtime,extra_trees,sradv1::extract,1640,26,0.8303309958428144,0.31265778886154294,12.025299571597806,226
time_ratio,ptx_launch_runtime,extra_trees,sradv1::prepare,1641,25,0.7892639129422605,0.28216757788322866,11.286703115329146,226
time_ratio,ptx_launch_runtime,extra_trees,sradv1::reduce,1640,26,0.8000984468962997,0.25399082293733954,9.76887780528229,226
time_ratio,ptx_launch_runtime,extra_trees,sradv1::srad,1640,26,0.8031868599355221,0.26938811386935413,10.361081302667467,226
time_ratio,ptx_launch_runtime,extra_trees,sradv1::srad2,1640,26,0.7941624959930778,0.2559044959489256,9.842480613420216,226
time_ratio,ptx_launch_runtime,extra_trees,streamcluster::computecost,1640,26,0.8412969228811562,0.2771211168728769,10.65850449511065,226
time_ratio,ptx_launch_runtime,extra_trees,syr2k::syr2kkernel,1640,26,0.785918913083151,0.2590326820500195,9.962795463462289,226
time_ratio,ptx_launch_runtime,extra_trees,syrk::syrkkernel,1641,25,0.7922283171210438,0.2877058368176222,11.508233472704887,226
time_ratio,ptx_launch_runtime,xgboost,2dconv::convolution2dkernel,1640,26,3.89054301683791,0.013339221943169832,0.5130469978142244,226
time_ratio,ptx_launch_runtime,xgboost,2mm::mm2kernel1,1641,25,2.919188034022227,0.008930629119277,0.35722516477108,226
time_ratio,ptx_launch_runtime,xgboost,2mm::mm2kernel2,1640,26,2.0524643319658935,0.0106072339694947,0.4079705372882577,226
time_ratio,ptx_launch_runtime,xgboost,3mm::mm3kernel1,1641,25,2.6808855710551143,0.00916810310445726,0.36672412417829037,226
time_ratio,ptx_launch_runtime,xgboost,3mm::mm3kernel2,1640,26,2.487642731051892,0.010167154017835855,0.3910443853013791,226
time_ratio,ptx_launch_runtime,xgboost,3mm::mm3kernel3,1640,26,2.221217691199854,0.009700154885649681,0.3730828802172954,226
time_ratio,ptx_launch_runtime,xgboost,atax::ataxkernel1,1640,26,1.9401249219663441,0.008910311153158545,0.3427042751214825,226
time_ratio,ptx_launch_runtime,xgboost,atax::ataxkernel2,1640,26,2.0869555501267314,0.02558437711559236,0.9840145044458599,226
time_ratio,ptx_launch_runtime,xgboost,bicg::bicgkernel1,1640,26,1.9964782658498734,0.008875628933310509,0.3413703435888657,226
time_ratio,ptx_launch_runtime,xgboost,bicg::bicgkernel2,1641,25,3.7178791610058397,0.009465780109167099,0.37863120436668396,226
time_ratio,ptx_launch_runtime,xgboost,correlation::corrkernel,1641,25,10.30818909802474,0.025462895864620805,1.0185158345848322,226
time_ratio,ptx_launch_runtime,xgboost,correlation::meankernel,1640,26,8.307251808000728,0.009386684047058225,0.3610263095022394,226
time_ratio,ptx_launch_runtime,xgboost,correlation::reducekernel,1640,26,2.053771387785673,0.00995650514960289,0.38294250575395733,226
time_ratio,ptx_launch_runtime,xgboost,correlation::stdkernel,1640,26,2.041861940873787,0.010003113886341453,0.38473514947467125,226
time_ratio,ptx_launch_runtime,xgboost,covariance::covarkernel,1641,25,2.185624714009464,0.009787289891391993,0.3914915956556797,226
time_ratio,ptx_launch_runtime,xgboost,covariance::meankernel,1641,25,1.8709125041496009,0.026483143912628293,1.0593257565051317,226
time_ratio,ptx_launch_runtime,xgboost,covariance::reducekernel,1640,26,1.7295012020040303,0.009689942933619022,0.3726901128315009,226
time_ratio,ptx_launch_runtime,xgboost,doitgen::kernel1,1641,25,3.576212365878746,0.013786552008241415,0.5514620803296566,226
time_ratio,ptx_launch_runtime,xgboost,doitgen::kernel2,1640,26,2.775218836031854,0.009319095173850656,0.35842673745579445,226
time_ratio,ptx_launch_runtime,xgboost,euler3d::computeflux,1640,26,3.4499235779512674,0.0091930259950459,0.3535779228863808,226
time_ratio,ptx_launch_runtime,xgboost,euler3d::computestepfactor,1641,25,2.3506450860295445,0.01209394191391766,0.48375767655670643,226
time_ratio,ptx_launch_runtime,xgboost,euler3d::timestep,1640,26,2.0045305341482162,0.008801474934443831,0.3385182667093781,226
time_ratio,ptx_launch_runtime,xgboost,fdtd2d::step1,1640,26,2.009945434052497,0.0138033467810601,0.530897953117696,226
time_ratio,ptx_launch_runtime,xgboost,fdtd2d::step2,1640,26,2.280548903159797,0.009217920945957303,0.35453542099835783,226
time_ratio,ptx_launch_runtime,xgboost,fdtd2d::step3,1640,26,2.76643792912364,0.008940261788666248,0.34385622264100957,226
time_ratio,ptx_launch_runtime,xgboost,gemm::gemmkernel,1641,25,2.609755950048566,0.025427028071135283,1.0170811228454113,226
time_ratio,ptx_launch_runtime,xgboost,gemver::gemverkernel1,1640,26,2.7178384049329907,0.009128749137744308,0.3511057360670887,226
time_ratio,ptx_launch_runtime,xgboost,gemver::gemverkernel2,1640,26,2.083078945055604,0.009261240949854255,0.3562015749943944,226
time_ratio,ptx_launch_runtime,xgboost,gemver::gemverkernel3,1640,26,1.7680298460181803,0.016555960988625884,0.6367677303317648,226
time_ratio,ptx_launch_runtime,xgboost,gesummv::gesummvkernel,1640,26,2.02413171203807,0.00921261915937066,0.3543315061296408,226
time_ratio,ptx_launch_runtime,xgboost,gramschmidt::kernel1,1641,25,2.5741129859816283,0.009657169925048947,0.3862867970019579,226
time_ratio,ptx_launch_runtime,xgboost,gramschmidt::kernel2,1641,25,1.8620447509456426,0.009027155116200447,0.3610862046480179,226
time_ratio,ptx_launch_runtime,xgboost,gramschmidt::kernel3,1641,25,1.9797784220427275,0.008945073001086712,0.3578029200434685,226
time_ratio,ptx_launch_runtime,xgboost,hotspot3d::hotspotopt1,1640,26,1.9724972660187632,0.009062794968485832,0.3485690372494551,226
time_ratio,ptx_launch_runtime,xgboost,hotspot::calculatetemp,1640,26,2.337999259121716,0.025351592106744647,0.9750612348747941,226
time_ratio,ptx_launch_runtime,xgboost,jacobi1d::kernel1,1641,25,2.777872369159013,0.02551387995481491,1.0205551981925964,226
time_ratio,ptx_launch_runtime,xgboost,jacobi1d::kernel2,1641,25,3.168562029954046,0.009198121028020978,0.3679248411208391,226
time_ratio,ptx_launch_runtime,xgboost,jacobi2d::kernel1,1640,26,2.951602144865319,0.009003660874441266,0.34629464901697177,226
time_ratio,ptx_launch_runtime,xgboost,jacobi2d::kernel2,1640,26,2.3041344890370965,0.009170445147901773,0.3527094287654528,226
time_ratio,ptx_launch_runtime,xgboost,kmeans::kmeanspoint,1641,25,2.160015369998291,0.027054646983742714,1.0821858793497086,226
time_ratio,ptx_launch_runtime,xgboost,lavamd::kernelgpucuda,1641,25,2.2821726468391716,0.009144260082393885,0.3657704032957554,226
time_ratio,ptx_launch_runtime,xgboost,mvt::kernel1,1640,26,1.803704683901742,0.010971287032589316,0.4219725781765121,226
time_ratio,ptx_launch_runtime,xgboost,mvt::kernel2,1640,26,2.2815219131298363,0.025035234168171883,0.9628936218527647,226
time_ratio,ptx_launch_runtime,xgboost,myocyte::solver2,1640,26,2.0602578511461616,0.02522309310734272,0.9701189656670277,226
time_ratio,ptx_launch_runtime,xgboost,nn::euclid,1640,26,3.617771185003221,0.009123326046392322,0.3508971556304739,226
time_ratio,ptx_launch_runtime,xgboost,nw::shared1,1641,25,1.9228298941161484,0.00923843588680029,0.36953743547201157,226
time_ratio,ptx_launch_runtime,xgboost,nw::shared2,1641,25,2.1468135761097074,0.008879916975274682,0.3551966790109873,226
time_ratio,ptx_launch_runtime,xgboost,particlefilter::findindex,1640,26,2.0733115759212524,0.02513996511697769,0.9669217352683728,226
time_ratio,ptx_launch_runtime,xgboost,particlefilter::likelihood,1641,25,3.1397224490065128,0.008997448021546006,0.35989792086184025,223
time_ratio,ptx_launch_runtime,xgboost,particlefilter::normalizeweights,1641,25,2.020216072909534,0.008889575954526663,0.3555830381810665,226
time_ratio,ptx_launch_runtime,xgboost,particlefilter::sum,1641,25,2.7226199319120497,0.01517084683291614,0.6068338733166456,226
time_ratio,ptx_launch_runtime,xgboost,pathfinder::dynproc,1640,26,1.9719370119273663,0.009183622896671295,0.3532162652565883,226
time_ratio,ptx_launch_runtime,xgboost,preeuler3d::computeflux,1640,26,2.384662449825555,0.026511740870773792,1.0196823411836076,226
time_ratio,ptx_launch_runtime,xgboost,preeuler3d::computefluxcontributions,1641,25,1.843690366949886,0.008856280008330941,0.35425120033323765,226
time_ratio,ptx_launch_runtime,xgboost,preeuler3d::computestepfactor,1640,26,2.6677593421190977,0.02518941997550428,0.9688238452117031,226
time_ratio,ptx_launch_runtime,xgboost,preeuler3d::timestep,1640,26,1.591637295205146,0.008782520890235901,0.33778926500907314,226
time_ratio,ptx_launch_runtime,xgboost,sradv1::compress,1640,26,4.74605246190913,0.015069899847730994,0.5796115326050383,226
time_ratio,ptx_launch_runtime,xgboost,sradv1::extract,1640,26,5.734521008096635,0.02588959294371307,0.9957535747581948,226
time_ratio,ptx_launch_runtime,xgboost,sradv1::prepare,1641,25,2.1180408080108464,0.009301137877628207,0.3720455151051283,226
time_ratio,ptx_launch_runtime,xgboost,sradv1::reduce,1640,26,2.0057352390140295,0.01954454416409135,0.7517132370804365,226
time_ratio,ptx_launch_runtime,xgboost,sradv1::srad,1640,26,2.6769626080058515,0.009060733951628208,0.3484897673703157,226
time_ratio,ptx_launch_runtime,xgboost,sradv1::srad2,1640,26,2.0673146510962397,0.009256405057385564,0.356015579130214,226
time_ratio,ptx_launch_runtime,xgboost,streamcluster::computecost,1640,26,2.102730017853901,0.008875142084434628,0.3413516186321011,226
time_ratio,ptx_launch_runtime,xgboost,syr2k::syr2kkernel,1640,26,2.415425783023238,0.008748146938160062,0.3364671899292332,226
time_ratio,ptx_launch_runtime,xgboost,syrk::syrkkernel,1641,25,1.966789036989212,0.009156624088063836,0.36626496352255344,226
energy_ratio,ptx,random_forest,2dconv::convolution2dkernel,1640,26,0.9862782910931855,0.26267233584076166,10.102782147721602,59
energy_ratio,ptx,random_forest,2mm::mm2kernel1,1641,25,0.9492360020522028,0.29631173610687256,11.852469444274902,59
energy_ratio,ptx,random_forest,2mm::mm2kernel2,1640,26,1.0030800381209701,0.2684037000872195,10.323219234123826,59
energy_ratio,ptx,random_forest,3mm::mm3kernel1,1641,25,0.8439667869824916,0.2681782809086144,10.727131236344576,59
energy_ratio,ptx,random_forest,3mm::mm3kernel2,1640,26,0.9878915639128536,0.2615037269424647,10.057835651633258,59
energy_ratio,ptx,random_forest,3mm::mm3kernel3,1640,26,0.9812189340591431,0.3014600670430809,11.594617963195422,59
energy_ratio,ptx,random_forest,atax::ataxkernel1,1640,26,0.9161058568861336,0.2567785610444844,9.876098501710938,59
energy_ratio,ptx,random_forest,atax::ataxkernel2,1640,26,0.9373442910145968,0.25636999891139567,9.860384573515217,59
energy_ratio,ptx,random_forest,bicg::bicgkernel1,1640,26,0.9185376749373972,0.3225498851388693,12.405764813033434,59
energy_ratio,ptx,random_forest,bicg::bicgkernel2,1641,25,0.9264941848814487,0.2921852481085807,11.687409924343228,59
energy_ratio,ptx,random_forest,correlation::corrkernel,1641,25,0.930607961025089,0.27365703717805445,10.946281487122178,59
energy_ratio,ptx,random_forest,correlation::meankernel,1640,26,1.0114141409285367,0.270556507864967,10.406019533267962,59
energy_ratio,ptx,random_forest,correlation::reducekernel,1640,26,0.91844447911717,0.2597936508245766,9.992063493252946,59
energy_ratio,ptx,random_forest,correlation::stdkernel,1640,26,1.0217913498636335,0.27717678085900843,10.66064541765417,59
energy_ratio,ptx,random_forest,covariance::covarkernel,1641,25,1.0446387680713087,0.2554749238770455,10.21899695508182,59
energy_ratio,ptx,random_forest,covariance::meankernel,1641,25,0.9074135269038379,0.24679013597778976,9.87160543911159,59
energy_ratio,ptx,random_forest,covariance::reducekernel,1640,26,0.9104035680647939,0.24413216905668378,9.389698809872453,59
energy_ratio,ptx,random_forest,doitgen::kernel1,1641,25,0.9275177889503539,0.25521758990362287,10.208703596144915,59
energy_ratio,ptx,random_forest,doitgen::kernel2,1640,26,0.9713742178864777,0.28124082600697875,10.81695484642226,59
energy_ratio,ptx,random_forest,euler3d::computeflux,1640,26,0.9722592639736831,0.23616415401920676,9.083236693046413,59
energy_ratio,ptx,random_forest,euler3d::computestepfactor,1641,25,0.9511952500324696,0.27362171607092023,10.94486864283681,59
energy_ratio,ptx,random_forest,euler3d::timestep,1640,26,0.9065640480257571,0.2622140918392688,10.085157378433415,59
energy_ratio,ptx,random_forest,fdtd2d::step1,1640,26,0.9465425941161811,0.26221265690401196,10.085102188615846,59
energy_ratio,ptx,random_forest,fdtd2d::step2,1640,26,0.9035755728837103,0.25486143911257386,9.802363042791303,59
energy_ratio,ptx,random_forest,fdtd2d::step3,1640,26,0.9404951659962535,0.26111820503138006,10.043007885822309,59
energy_ratio,ptx,random_forest,gemm::gemmkernel,1641,25,0.9797357239294797,0.2582391449250281,10.329565797001123,59
energy_ratio,ptx,random_forest,gemver::gemverkernel1,1640,26,0.9423011320177466,0.2945335949771106,11.328215191427331,59
energy_ratio,ptx,random_forest,gemver::gemverkernel2,1640,26,0.9253306351602077,0.2822082689963281,10.854164192166467,59
energy_ratio,ptx,random_forest,gemver::gemverkernel3,1640,26,0.960499593988061,0.25026630493812263,9.625627113004716,59
energy_ratio,ptx,random_forest,gesummv::gesummvkernel,1640,26,0.9490816290490329,0.27370030200108886,10.526934692349572,59
energy_ratio,ptx,random_forest,gramschmidt::kernel1,1641,25,0.9828726479317993,0.25009313388727605,10.003725355491042,59
energy_ratio,ptx,random_forest,gramschmidt::kernel2,1641,25,0.9447594578377903,0.2481681201606989,9.926724806427956,59
energy_ratio,ptx,random_forest,gramschmidt::kernel3,1641,25,0.9448674800805748,0.2799090938642621,11.196363754570484,59
energy_ratio,ptx,random_forest,hotspot3d::hotspotopt1,1640,26,0.9667813540436327,0.2615527929738164,10.059722806685247,59
energy_ratio,ptx,random_forest,hotspot::calculatetemp,1640,26,0.9227104862220585,0.30479467497207224,11.722872114310471,59
energy_ratio,ptx,random_forest,jacobi1d::kernel1,1641,25,0.9775145889725536,0.2616951910313219,10.467807641252875,59
energy_ratio,ptx,random_forest,jacobi1d::kernel2,1641,25,0.9530016479548067,0.2504931010771543,10.019724043086171,59
energy_ratio,ptx,random_forest,jacobi2d::kernel1,1640,26,0.9816994990687817,0.31119096209295094,11.96888315742119,59
energy_ratio,ptx,random_forest,jacobi2d::kernel2,1640,26,0.9254073139745742,0.25138887111097574,9.668802735037527,59
energy_ratio,ptx,random_forest,kmeans::kmeanspoint,1641,25,0.9476862989831716,0.2586238707881421,10.344954831525683,59
energy_ratio,ptx,random_forest,lavamd::kernelgpucuda,1641,25,0.8580130159389228,0.3337749040219933,13.350996160879731,59
energy_ratio,ptx,random_forest,mvt::kernel1,1640,26,0.9733902490697801,0.2640395250637084,10.15536634860417,59
energy_ratio,ptx,random_forest,mvt::kernel2,1640,26,0.8671065350063145,0.2766588940285146,10.640726693404408,59
energy_ratio,ptx,random_forest,myocyte::solver2,1640,26,0.9427037921268493,0.27480268315412104,10.569333967466195,59
energy_ratio,ptx,random_forest,nn::euclid,1640,26,0.9818586721085012,0.2274711630307138,8.748890885796685,59
energy_ratio,ptx,random_forest,nw::shared1,1641,25,0.9524644301272929,0.2534219310618937,10.136877242475748,59
energy_ratio,ptx,random_forest,nw::shared2,1641,25,1.0946955739054829,0.2570661569479853,10.282646277919412,59
energy_ratio,ptx,random_forest,particlefilter::findindex,1640,26,1.0489509869366884,0.2618702920153737,10.071934308283605,59
energy_ratio,ptx,random_forest,particlefilter::likelihood,1641,25,1.0540307790506631,0.2511001790408045,10.04400716163218,56
energy_ratio,ptx,random_forest,particlefilter::normalizeweights,1641,25,0.9663414440583438,0.2556897639296949,10.227590557187796,59
energy_ratio,ptx,random_forest,particlefilter::sum,1641,25,0.9202201890293509,0.25674232584424317,10.269693033769727,59
energy_ratio,ptx,random_forest,pathfinder::dynproc,1640,26,0.9555414870847017,0.24415967799723148,9.390756846047363,59
energy_ratio,ptx,random_forest,preeuler3d::computeflux,1640,26,1.079261110862717,0.2732162280008197,10.508316461569986,59
energy_ratio,ptx,random_forest,preeuler3d::computefluxcontributions,1641,25,0.9542178951669484,0.25494304997846484,10.197721999138594,59
energy_ratio,ptx,random_forest,preeuler3d::computestepfactor,1640,26,0.9466015209909528,0.25771426199935377,9.912086999975145,59
energy_ratio,ptx,random_forest,preeuler3d::timestep,1640,26,0.9655770731624216,0.24919129302725196,9.584280501048152,59
energy_ratio,ptx,random_forest,sradv1::compress,1640,26,1.0090245199389756,0.24935566796921194,9.59060261420046,59
energy_ratio,ptx,random_forest,sradv1::extract,1640,26,1.019907076144591,0.26811331207863986,10.312050464563072,59
energy_ratio,ptx,random_forest,sradv1::prepare,1641,25,0.9548383650835603,0.25786815909668803,10.314726363867521,59
energy_ratio,ptx,random_forest,sradv1::reduce,1640,26,0.8827101769857109,0.27465117489919066,10.563506726891948,59
energy_ratio,ptx,random_forest,sradv1::srad,1640,26,0.9554745298810303,0.26333608385175467,10.12831091737518,59
energy_ratio,ptx,random_forest,sradv1::srad2,1640,26,0.9654301188420504,0.2623145019169897,10.089019304499605,59
energy_ratio,ptx,random_forest,streamcluster::computecost,1640,26,0.8876672489568591,0.24992540921084583,9.612515738878686,59
energy_ratio,ptx,random_forest,syr2k::syr2kkernel,1640,26,0.9471037369221449,0.26587304403074086,10.225886308874648,59
energy_ratio,ptx,random_forest,syrk::syrkkernel,1641,25,0.891496003838256,0.2692882770206779,10.771531080827117,59
energy_ratio,ptx,extra_trees,2dconv::convolution2dkernel,1640,26,0.5494238778483123,0.27046546689234674,10.40251795739795,59
energy_ratio,ptx,extra_trees,2mm::mm2kernel1,1641,25,0.5334889660589397,0.26457605604082346,10.583042241632938,59
energy_ratio,ptx,extra_trees,2mm::mm2kernel2,1640,26,0.5200301518198103,0.2736466717906296,10.524871991947293,59
energy_ratio,ptx,extra_trees,3mm::mm3kernel1,1641,25,0.5773245231248438,0.2894842498935759,11.579369995743036,59
energy_ratio,ptx,extra_trees,3mm::mm3kernel2,1640,26,0.5479702011216432,0.32702461001463234,12.577869615947398,59
energy_ratio,ptx,extra_trees,3mm::mm3kernel3,1640,26,0.5392640370409936,0.26303085102699697,10.116571193346036,59
energy_ratio,ptx,extra_trees,atax::ataxkernel1,1640,26,0.5498544948641211,0.2849466991610825,10.959488429272405,59
energy_ratio,ptx,extra_trees,atax::ataxkernel2,1640,26,0.5375754709821194,0.2991896108724177,11.507292725862218,59
energy_ratio,ptx,extra_trees,bicg::bicgkernel1,1640,26,0.5318970689550042,0.2568018769379705,9.87699526684502,59
energy_ratio,ptx,extra_trees,bicg::bicgkernel2,1641,25,0.5250856699422002,0.25873444718308747,10.349377887323499,59
energy_ratio,ptx,extra_trees,correlation::corrkernel,1641,25,0.6313133118674159,0.28499950002878904,11.399980001151562,59
energy_ratio,ptx,extra_trees,correlation::meankernel,1640,26,0.5350809788797051,0.28024828783236444,10.778780301244787,59
energy_ratio,ptx,extra_trees,correlation::reducekernel,1640,26,0.5413363371044397,0.2706593400798738,10.409974618456683,59
energy_ratio,ptx,extra_trees,correlation::stdkernel,1640,26,0.5311483659315854,0.3360520249698311,12.925077883455042,59
energy_ratio,ptx,extra_trees,covariance::covarkernel,1641,25,0.5449270398821682,0.2746067610569298,10.984270442277193,59
energy_ratio,ptx,extra_trees,covariance::meankernel,1641,25,0.561870289966464,0.2729448371101171,10.917793484404683,59
energy_ratio,ptx,extra_trees,covariance::reducekernel,1640,26,0.5292584239505231,0.3158963159658015,12.14985830637698,59
energy_ratio,ptx,extra_trees,doitgen::kernel1,1641,25,0.5467627339530736,0.2677211139816791,10.708844559267163,59
energy_ratio,ptx,extra_trees,doitgen::kernel2,1640,26,0.5455555089283735,0.270600370131433,10.407706543516655,59
energy_ratio,ptx,extra_trees,euler3d::computeflux,1640,26,0.5568090800661594,0.313645888119936,12.063303389228306,59
energy_ratio,ptx,extra_trees,euler3d::computestepfactor,1641,25,0.5605993429198861,0.2562293449882418,10.249173799529672,59
energy_ratio,ptx,extra_trees,euler3d::timestep,1640,26,0.5545399589464068,0.2778586628846824,10.686871649410863,59
energy_ratio,ptx,extra_trees,fdtd2d::step1,1640,26,0.5376565619371831,0.3153167699929327,12.127568076651256,59
energy_ratio,ptx,extra_trees,fdtd2d::step2,1640,26,0.550467595923692,0.2633006409741938,10.126947729776685,59
energy_ratio,ptx,extra_trees,fdtd2d::step3,1640,26,0.5504552589263767,0.23361223400570452,8.985085923296328,59
energy_ratio,ptx,extra_trees,gemm::gemmkernel,1641,25,0.5974437918048352,0.27688096300698817,11.075238520279527,59
energy_ratio,ptx,extra_trees,gemver::gemverkernel1,1640,26,0.5210195968393236,0.26584920194000006,10.224969305384617,59
energy_ratio,ptx,extra_trees,gemver::gemverkernel2,1640,26,0.5480335911270231,0.2741242682095617,10.543241084983142,59
energy_ratio,ptx,extra_trees,gemver::gemverkernel3,1640,26,0.5397505299188197,0.3543126729782671,13.627410499164117,59
energy_ratio,ptx,extra_trees,gesummv::gesummvkernel,1640,26,0.5409826701506972,0.284579070052132,10.945348848158924,59
energy_ratio,ptx,extra_trees,gramschmidt::kernel1,1641,25,0.5263537790160626,0.25212883995845914,10.085153598338366,59
energy_ratio,ptx,extra_trees,gramschmidt::kernel2,1641,25,0.5518421940505505,0.31926098302938044,12.770439321175218,59
energy_ratio,ptx,extra_trees,gramschmidt::kernel3,1641,25,0.5231921197846532,0.2728207600302994,10.912830401211977,59
energy_ratio,ptx,extra_trees,hotspot3d::hotspotopt1,1640,26,0.546622205991298,0.2701857259962708,10.391758692164261,59
energy_ratio,ptx,extra_trees,hotspot::calculatetemp,1640,26,0.5940363011322916,0.2730812719091773,10.503125842660666,59
energy_ratio,ptx,extra_trees,jacobi1d::kernel1,1641,25,0.5368856799323112,0.26231261109933257,10.492504443973303,59
energy_ratio,ptx,extra_trees,jacobi1d::kernel2,1641,25,0.5318999669980258,0.2631326459813863,10.525305839255452,59
energy_ratio,ptx,extra_trees,jacobi2d::kernel1,1640,26,0.6156422160565853,0.28445968101732433,10.940756962204782,59
energy_ratio,ptx,extra_trees,jacobi2d::kernel2,1640,26,0.5481210590805858,0.26190910092554986,10.073426958674995,59
energy_ratio,ptx,extra_trees,kmeans::kmeanspoint,1641,25,0.5417919668834656,0.2682664378080517,10.730657512322068,59
energy_ratio,ptx,extra_trees,lavamd::kernelgpucuda,1641,25,0.6098325371276587,0.2676555661018938,10.706222644075751,59
energy_ratio,ptx,extra_trees,mvt::kernel1,1640,26,0.5546252559870481,0.27499655494466424,10.576790574794778,59
energy_ratio,ptx,extra_trees,mvt::kernel2,1640,26,0.5719492989592254,0.27897434984333813,10.729782686282237,59
energy_ratio,ptx,extra_trees,myocyte::solver2,1640,26,0.5934065419714898,0.2652575990650803,10.202215348656933,59
energy_ratio,ptx,extra_trees,nn::euclid,1640,26,0.5412990290205926,0.26186215598136187,10.071621383898535,59
energy_ratio,ptx,extra_trees,nw::shared1,1641,25,0.5340003741439432,0.2638905399944633,10.555621599778533,59
energy_ratio,ptx,extra_trees,nw::shared2,1641,25,0.5916331859771162,0.26314317691139877,10.52572707645595,59
energy_ratio,ptx,extra_trees,particlefilter::findindex,1640,26,0.565177395939827,0.2570550311356783,9.886731966756859,59
energy_ratio,ptx,extra_trees,particlefilter::likelihood,1641,25,0.5276388060301542,0.24783491203561425,9.91339648142457,56
energy_ratio,ptx,extra_trees,particlefilter::normalizeweights,1641,25,0.6002433570101857,0.27226111898198724,10.89044475927949,59
energy_ratio,ptx,extra_trees,particlefilter::sum,1641,25,0.5339744880329818,0.2613102679606527,10.452410718426108,59
energy_ratio,ptx,extra_trees,pathfinder::dynproc,1640,26,0.5257742251269519,0.2656487040221691,10.217257847006504,59
energy_ratio,ptx,extra_trees,preeuler3d::computeflux,1640,26,0.5890943640843034,0.27338481205515563,10.514800463659832,59
energy_ratio,ptx,extra_trees,preeuler3d::computefluxcontributions,1641,25,0.5556602620054036,0.2694871239364147,10.779484957456589,59
energy_ratio,ptx,extra_trees,preeuler3d::computestepfactor,1640,26,0.5472713310737163,0.3025867189280689,11.637950728002648,59
energy_ratio,ptx,extra_trees,preeuler3d::timestep,1640,26,0.5349865099415183,0.265084242913872,10.195547804379693,59
energy_ratio,ptx,extra_trees,sradv1::compress,1640,26,0.5432511188555509,0.28060683188959956,10.79257045729229,59
energy_ratio,ptx,extra_trees,sradv1::extract,1640,26,0.5393517948687077,0.29399113403633237,11.307351309089707,59
energy_ratio,ptx,extra_trees,sradv1::prepare,1641,25,0.5350510231219232,0.27038847003132105,10.815538801252842,59
energy_ratio,ptx,extra_trees,sradv1::reduce,1640,26,0.5485668841283768,0.2602599130477756,10.009996655683677,59
energy_ratio,ptx,extra_trees,sradv1::srad,1640,26,0.546537313843146,0.2883032059762627,11.088584845240872,59
energy_ratio,ptx,extra_trees,sradv1::srad2,1640,26,0.5269826739095151,0.24500019289553165,9.423084342135834,59
energy_ratio,ptx,extra_trees,streamcluster::computecost,1640,26,0.5570904179476202,0.2747815940529108,10.568522848188877,59
energy_ratio,ptx,extra_trees,syr2k::syr2kkernel,1640,26,0.55725689814426,0.2654294460080564,10.208824846463708,59
energy_ratio,ptx,extra_trees,syrk::syrkkernel,1641,25,0.5379708930850029,0.2832104950211942,11.328419800847769,59
energy_ratio,ptx,xgboost,2dconv::convolution2dkernel,1640,26,1.582085461821407,0.004457704955711961,0.17145019060430616,59
energy_ratio,ptx,xgboost,2mm::mm2kernel1,1641,25,0.9579879881348461,0.0043138249311596155,0.17255299724638462,59
energy_ratio,ptx,xgboost,2mm::mm2kernel2,1640,26,1.203001739922911,0.004367078887298703,0.16796457258841166,59
energy_ratio,ptx,xgboost,3mm::mm3kernel1,1641,25,0.8178779899608344,0.004217267967760563,0.16869071871042252,59
energy_ratio,ptx,xgboost,3mm::mm3kernel2,1640,26,1.1887561820913106,0.010233917040750384,0.3936121938750148,59
energy_ratio,ptx,xgboost,3mm::mm3kernel3,1640,26,1.4919012291356921,0.008280920796096325,0.3184969536960125,59
energy_ratio,ptx,xgboost,atax::ataxkernel1,1640,26,1.7692493658978492,0.004349815892055631,0.16730061123290887,59
energy_ratio,ptx,xgboost,atax::ataxkernel2,1640,26,1.5639185139443725,0.004355408949777484,0.16751572883759552,59
energy_ratio,ptx,xgboost,bicg::bicgkernel1,1640,26,1.3210506490431726,0.0044181798584759235,0.1699299945567663,59
energy_ratio,ptx,xgboost,bicg::bicgkernel2,1641,25,1.3927370780147612,0.0045800169464200735,0.18320067785680294,59
energy_ratio,ptx,xgboost,correlation::corrkernel,1641,25,1.9797863489948213,0.0044384850189089775,0.1775394007563591,59
energy_ratio,ptx,xgboost,correlation::meankernel,1640,26,2.5713384258560836,0.004462079843506217,0.1716184555194699,59
energy_ratio,ptx,xgboost,correlation::reducekernel,1640,26,1.6737376789096743,0.004417795920744538,0.16991522772094378,59
energy_ratio,ptx,xgboost,correlation::stdkernel,1640,26,1.0537272449582815,0.004469401901587844,0.171900073137994,59
energy_ratio,ptx,xgboost,covariance::covarkernel,1641,25,1.1995772949885577,0.0044064519461244345,0.17625807784497738,59
energy_ratio,ptx,xgboost,covariance::meankernel,1641,25,2.1156044639647007,0.0207136960234493,0.8285478409379721,59
energy_ratio,ptx,xgboost,covariance::reducekernel,1640,26,0.8884596119169146,0.004438834963366389,0.17072442166793805,59
energy_ratio,ptx,xgboost,doitgen::kernel1,1641,25,2.10242185392417,0.008278131950646639,0.33112527802586555,59
energy_ratio,ptx,xgboost,doitgen::kernel2,1640,26,0.9341968591324985,0.004311172990128398,0.16581434577416915,59
energy_ratio,ptx,xgboost,euler3d::computeflux,1640,26,1.1906766719184816,0.02060734503902495,0.7925901938086519,59
energy_ratio,ptx,xgboost,euler3d::computestepfactor,1641,25,1.0207280728500336,0.007986027980223298,0.3194411192089319,59
energy_ratio,ptx,xgboost,euler3d::timestep,1640,26,2.6414993749931455,0.02034803992137313,0.7826169200528127,59
energy_ratio,ptx,xgboost,fdtd2d::step1,1640,26,1.115256761899218,0.020587373059242964,0.791822040740114,59
energy_ratio,ptx,xgboost,fdtd2d::step2,1640,26,0.8023062399588525,0.004331374075263739,0.16659131058706686,59
energy_ratio,ptx,xgboost,fdtd2d::step3,1640,26,1.2452183770947158,0.02077470999211073,0.7990273073888743,59
energy_ratio,ptx,xgboost,gemm::gemmkernel,1641,25,1.1874588709324598,0.007377146976068616,0.29508587904274464,59
energy_ratio,ptx,xgboost,gemver::gemverkernel1,1640,26,1.0652562358882278,0.004443869926035404,0.1709180740782848,59
energy_ratio,ptx,xgboost,gemver::gemverkernel2,1640,26,0.8525886980351061,0.004496878013014793,0.17295684665441513,59
energy_ratio,ptx,xgboost,gemver::gemverkernel3,1640,26,1.233811273938045,0.004453888162970543,0.1713033908834824,59
energy_ratio,ptx,xgboost,gesummv::gesummvkernel,1640,26,0.7940243971534073,0.004301436012610793,0.16543984663887665,59
energy_ratio,ptx,xgboost,gramschmidt::kernel1,1641,25,1.2042174460366368,0.01816651690751314,0.7266606763005257,59
energy_ratio,ptx,xgboost,gramschmidt::kernel2,1641,25,3.167954904027283,0.004428623942658305,0.1771449577063322,59
energy_ratio,ptx,xgboost,gramschmidt::kernel3,1641,25,1.6497494829818606,0.020756886806339025,0.830275472253561,59
energy_ratio,ptx,xgboost,hotspot3d::hotspotopt1,1640,26,1.2796548320911825,0.02058261795900762,0.7916391522695239,59
energy_ratio,ptx,xgboost,hotspot::calculatetemp,1640,26,1.698516665957868,0.004462128039449453,0.17162030920959437,59
energy_ratio,ptx,xgboost,jacobi1d::kernel1,1641,25,1.8416880019940436,0.004441828932613134,0.17767315730452538,59
energy_ratio,ptx,xgboost,jacobi1d::kernel2,1641,25,0.875712902052328,0.004270482109859586,0.17081928439438343,59
energy_ratio,ptx,xgboost,jacobi2d::kernel1,1640,26,1.3686082130298018,0.004334107041358948,0.16669642466765183,59
energy_ratio,ptx,xgboost,jacobi2d::kernel2,1640,26,2.4191221280489117,0.020855315029621124,0.802127501139274,59
energy_ratio,ptx,xgboost,kmeans::kmeanspoint,1641,25,0.8194431718438864,0.004342902917414904,0.17371611669659615,59
energy_ratio,ptx,xgboost,lavamd::kernelgpucuda,1641,25,1.3308235260192305,0.01819046400487423,0.7276185601949692,59
energy_ratio,ptx,xgboost,mvt::kernel1,1640,26,0.8410686100833118,0.004420629004016519,0.1700241924621738,59
energy_ratio,ptx,xgboost,mvt::kernel2,1640,26,1.213087657932192,0.004474245943129063,0.17208638242804086,59
energy_ratio,ptx,xgboost,myocyte::solver2,1640,26,0.8247515468392521,0.004444888094440103,0.1709572344015424,59
energy_ratio,ptx,xgboost,nn::euclid,1640,26,1.5124389789998531,0.004392267903313041,0.1689333808966554,59
energy_ratio,ptx,xgboost,nw::shared1,1641,25,0.9016869568731636,0.0044184718281030655,0.17673887312412262,59
energy_ratio,ptx,xgboost,nw::shared2,1641,25,1.212470277911052,0.004436074988916516,0.17744299955666065,59
energy_ratio,ptx,xgboost,particlefilter::findindex,1640,26,0.8326416071504354,0.004375465912744403,0.16828715049016935,59
energy_ratio,ptx,xgboost,particlefilter::likelihood,1641,25,1.2303712179418653,0.004220478003844619,0.16881912015378475,56
energy_ratio,ptx,xgboost,particlefilter::normalizeweights,1641,25,0.8333647029940039,0.004374951124191284,0.17499804496765137,59
energy_ratio,ptx,xgboost,particlefilter::sum,1641,25,1.206138587091118,0.004342913860455155,0.17371655441820621,59
energy_ratio,ptx,xgboost,pathfinder::dynproc,1640,26,1.3921944708563387,0.00434700888581574,0.1671926494544515,59
energy_ratio,ptx,xgboost,preeuler3d::computeflux,1640,26,1.5206349240615964,0.005016622133553028,0.19294700513665491,59
energy_ratio,ptx,xgboost,preeuler3d::computefluxcontributions,1641,25,1.3736709209624678,0.020702698035165668,0.8281079214066267,59
energy_ratio,ptx,xgboost,preeuler3d::computestepfactor,1640,26,0.8731472019571811,0.004352631978690624,0.1674089222573317,59
energy_ratio,ptx,xgboost,preeuler3d::timestep,1640,26,0.8516230089589953,0.004396833013743162,0.16910896206704468,59
energy_ratio,ptx,xgboost,sradv1::compress,1640,26,1.2968552350066602,0.0043650411535054445,0.16788619821174786,59
energy_ratio,ptx,xgboost,sradv1::extract,1640,26,0.8495197000447661,0.00435851002112031,0.1676350008123196,59
energy_ratio,ptx,xgboost,sradv1::prepare,1641,25,1.2428562100976706,0.02074112417176366,0.8296449668705463,59
energy_ratio,ptx,xgboost,sradv1::reduce,1640,26,1.8160234119277447,0.00438477098941803,0.16864503805453962,59
energy_ratio,ptx,xgboost,sradv1::srad,1640,26,1.7703872101847082,0.021559647982940078,0.8292172301130799,59
energy_ratio,ptx,xgboost,sradv1::srad2,1640,26,1.0278158851433545,0.004495914792641997,0.1729197997169999,59
energy_ratio,ptx,xgboost,streamcluster::computecost,1640,26,0.9157099109143019,0.020608537131920457,0.7926360435354022,59
energy_ratio,ptx,xgboost,syr2k::syr2kkernel,1640,26,1.3897774198558182,0.007683676900342107,0.29552603462854254,59
energy_ratio,ptx,xgboost,syrk::syrkkernel,1641,25,1.7925343730021268,0.004450350068509579,0.17801400274038315,59
energy_ratio,launch,random_forest,2dconv::convolution2dkernel,1640,26,1.0550190350040793,0.25118170003406703,9.660834616694887,19
energy_ratio,launch,random_forest,2mm::mm2kernel1,1641,25,1.0304745989851654,0.2524331349413842,10.097325397655368,19
energy_ratio,launch,random_forest,2mm::mm2kernel2,1640,26,1.037551912944764,0.2406166000291705,9.254484616506558,19
energy_ratio,launch,random_forest,3mm::mm3kernel1,1641,25,1.066764172166586,0.2591159560251981,10.364638241007924,19
energy_ratio,launch,random_forest,3mm::mm3kernel2,1640,26,1.070062942104414,0.28350424813106656,10.90400954350256,19
energy_ratio,launch,random_forest,3mm::mm3kernel3,1640,26,1.0262332048732787,0.24656448094174266,9.483249266990104,19
energy_ratio,launch,random_forest,atax::ataxkernel1,1640,26,1.0486720490735024,0.2505891229957342,9.638043192143623,19
energy_ratio,launch,random_forest,atax::ataxkernel2,1640,26,1.0819720400031656,0.26449318905360997,10.172814963600384,19
energy_ratio,launch,random_forest,bicg::bicgkernel1,1640,26,1.0811909979674965,0.25614490592852235,9.851727151097013,19
energy_ratio,launch,random_forest,bicg::bicgkernel2,1641,25,1.0142721240408719,0.25223653414286673,10.08946136571467,19
energy_ratio,launch,random_forest,correlation::corrkernel,1641,25,1.070624979911372,0.27072730497457087,10.829092198982835,19
energy_ratio,launch,random_forest,correlation::meankernel,1640,26,1.0346558520104736,0.2586118660401553,9.946610232313665,19
energy_ratio,launch,random_forest,correlation::reducekernel,1640,26,1.0697155098896474,0.24374991795048118,9.374996844249276,19
energy_ratio,launch,random_forest,correlation::stdkernel,1640,26,1.058390866033733,0.25644886610098183,9.863417926960839,19
energy_ratio,launch,random_forest,covariance::covarkernel,1641,25,1.0600823562126607,0.25358068686909974,10.14322747476399,19
energy_ratio,launch,random_forest,covariance::meankernel,1641,25,1.0608885649126023,0.2535527888685465,10.14211155474186,19
energy_ratio,launch,random_forest,covariance::reducekernel,1640,26,1.0990344290621579,0.25835278490558267,9.93664557329164,19
energy_ratio,launch,random_forest,doitgen::kernel1,1641,25,1.0712393189314753,0.2713666569907218,10.854666279628873,19
energy_ratio,launch,random_forest,doitgen::kernel2,1640,26,0.9975498130079359,0.2412191319745034,9.277658922096284,19
energy_ratio,launch,random_forest,euler3d::computeflux,1640,26,1.0397952690254897,0.3166426820680499,12.178564694924997,19
energy_ratio,launch,random_forest,euler3d::computestepfactor,1641,25,1.08191888500005,0.2786769901867956,11.147079607471824,19
energy_ratio,launch,random_forest,euler3d::timestep,1640,26,1.1074253930710256,0.25349038699641824,9.749630269093009,19
energy_ratio,launch,random_forest,fdtd2d::step1,1640,26,1.0191554420161992,0.2383880610577762,9.16877157914524,19
energy_ratio,launch,random_forest,fdtd2d::step2,1640,26,1.0339203698094934,0.24389744200743735,9.380670846439898,19
energy_ratio,launch,random_forest,fdtd2d::step3,1640,26,1.0026476730126888,0.2350387880578637,9.039953386840912,19
energy_ratio,launch,random_forest,gemm::gemmkernel,1641,25,1.0414957450702786,0.2710810941644013,10.843243766576052,19
energy_ratio,launch,random_forest,gemver::gemverkernel1,1640,26,1.0573305438738316,0.2556061460636556,9.831005617832908,19
energy_ratio,launch,random_forest,gemver::gemverkernel2,1640,26,1.093543083872646,0.2651783979963511,10.199169153705814,19
energy_ratio,launch,random_forest,gemver::gemverkernel3,1640,26,1.0401778558734804,0.26938599813729525,10.36099992835751,19
energy_ratio,launch,random_forest,gesummv::gesummvkernel,1640,26,1.0616584848612547,0.2660346699412912,10.232102690049661,19
energy_ratio,launch,random_forest,gramschmidt::kernel1,1641,25,1.0334515939466655,0.25846112496219575,10.33844499848783,19
energy_ratio,launch,random_forest,gramschmidt::kernel2,1641,25,0.9959267899394035,0.2448605098761618,9.794420395046473,19
energy_ratio,launch,random_forest,gramschmidt::kernel3,1641,25,1.0673413060139865,0.24261190695688128,9.704476278275251,19
energy_ratio,launch,random_forest,hotspot3d::hotspotopt1,1640,26,1.0798047978896648,0.28602650482207537,11.001019416233667,19
energy_ratio,launch,random_forest,hotspot::calculatetemp,1640,26,1.0427965950220823,0.25030456692911685,9.627098728042956,19
energy_ratio,launch,random_forest,jacobi1d::kernel1,1641,25,1.0497619879897684,0.25162339583039284,10.064935833215714,19
energy_ratio,launch,random_forest,jacobi1d::kernel2,1641,25,1.094303973019123,0.24304595193825662,9.721838077530265,19
energy_ratio,launch,random_forest,jacobi2d::kernel1,1640,26,1.078429786954075,0.25368900899775326,9.757269576836665,19
energy_ratio,launch,random_forest,jacobi2d::kernel2,1640,26,0.9782069351058453,0.24599666986614466,9.461410379467102,19
energy_ratio,launch,random_forest,kmeans::kmeanspoint,1641,25,1.0851041108835489,0.31740126200020313,12.696050480008125,19
energy_ratio,launch,random_forest,lavamd::kernelgpucuda,1641,25,1.0446256350260228,0.24728141888044775,9.89125675521791,19
energy_ratio,launch,random_forest,mvt::kernel1,1640,26,1.0170098338276148,0.2586770139168948,9.949115919880569,19
energy_ratio,launch,random_forest,mvt::kernel2,1640,26,1.166654905071482,0.29597969306632876,11.383834348704953,19
energy_ratio,launch,random_forest,myocyte::solver2,1640,26,1.077535729156807,0.2570563950575888,9.886784425291877,19
energy_ratio,launch,random_forest,nn::euclid,1640,26,1.0222280039452016,0.24775942182168365,9.529208531603217,19
energy_ratio,launch,random_forest,nw::shared1,1641,25,1.0830804780125618,0.31347404792904854,12.538961917161942,19
energy_ratio,launch,random_forest,nw::shared2,1641,25,1.0813569601159543,0.2503929790109396,10.015719160437584,19
energy_ratio,launch,random_forest,particlefilter::findindex,1640,26,1.080931460019201,0.24918895191513002,9.584190458274232,19
energy_ratio,launch,random_forest,particlefilter::likelihood,1641,25,1.0902582290582359,0.25058903195895255,10.023561278358102,19
energy_ratio,launch,random_forest,particlefilter::normalizeweights,1641,25,1.0662628391291946,0.26020430913195014,10.408172365278006,19
energy_ratio,launch,random_forest,particlefilter::sum,1641,25,1.1651677689515054,0.26825042394921184,10.730016957968473,19
energy_ratio,launch,random_forest,pathfinder::dynproc,1640,26,1.14588084211573,0.26140116108581424,10.053890810992856,19
energy_ratio,launch,random_forest,preeuler3d::computeflux,1640,26,1.1043383381329477,0.24621694185771048,9.46988237914271,19
energy_ratio,launch,random_forest,preeuler3d::computefluxcontributions,1641,25,1.0616564981173724,0.23981979792006314,9.592791916802526,19
energy_ratio,launch,random_forest,preeuler3d::computestepfactor,1640,26,1.0376626278739423,0.23554827412590384,9.059549004842456,19
energy_ratio,launch,random_forest,preeuler3d::timestep,1640,26,1.031712622847408,0.26281931810081005,10.108435311569618,19
energy_ratio,launch,random_forest,sradv1::compress,1640,26,1.1297541980165988,0.2522173139732331,9.700665922047428,19
energy_ratio,launch,random_forest,sradv1::extract,1640,26,1.1285821350757033,0.2436553561128676,9.371359850494908,19
energy_ratio,launch,random_forest,sradv1::prepare,1641,25,1.0585267818532884,0.251969639910385,10.0787855964154,19
energy_ratio,launch,random_forest,sradv1::reduce,1640,26,1.1798741789534688,0.25303458608686924,9.732099464879585,19
energy_ratio,launch,random_forest,sradv1::srad,1640,26,1.0378766171634197,0.24916639202274382,9.583322770105532,19
energy_ratio,launch,random_forest,sradv1::srad2,1640,26,1.055666611995548,0.2427768569905311,9.337571422712735,19
energy_ratio,launch,random_forest,streamcluster::computecost,1640,26,1.0513567328453064,0.24344775988720357,9.36337538027706,19
energy_ratio,launch,random_forest,syr2k::syr2kkernel,1640,26,1.045156731037423,0.26128443889319897,10.049401495892267,19
energy_ratio,launch,random_forest,syrk::syrkkernel,1641,25,1.0539716710336506,0.24394309194758534,9.757723677903414,19
energy_ratio,launch,extra_trees,2dconv::convolution2dkernel,1640,26,0.4978880600538105,0.26629866496659815,10.242256344869158,19
energy_ratio,launch,extra_trees,2mm::mm2kernel1,1641,25,0.5323978408705443,0.253498932113871,10.13995728455484,19
energy_ratio,launch,extra_trees,2mm::mm2kernel2,1640,26,0.5192186830099672,0.23957793787121773,9.214536071969913,19
energy_ratio,launch,extra_trees,3mm::mm3kernel1,1641,25,0.5251834879163653,0.2729281261563301,10.917125046253204,19
energy_ratio,launch,extra_trees,3mm::mm3kernel2,1640,26,0.5168166931252927,0.23364064889028668,8.986178803472566,19
energy_ratio,launch,extra_trees,3mm::mm3kernel3,1640,26,0.5518768129404634,0.25543589890003204,9.824457650001232,19
energy_ratio,launch,extra_trees,atax::ataxkernel1,1640,26,0.5200666759628803,0.2637482329737395,10.144162806682289,19
energy_ratio,launch,extra_trees,atax::ataxkernel2,1640,26,0.491981984116137,0.258015267085284,9.92366411866477,19
energy_ratio,launch,extra_trees,bicg::bicgkernel1,1640,26,0.5130210900679231,0.2923814309760928,11.245439652926645,19
energy_ratio,launch,extra_trees,bicg::bicgkernel2,1641,25,0.5285001459997147,0.24704105709679425,9.88164228387177,19
energy_ratio,launch,extra_trees,correlation::corrkernel,1641,25,0.5025182280223817,0.24828669102862477,9.931467641144991,19
energy_ratio,launch,extra_trees,correlation::meankernel,1640,26,0.5418460129294544,0.2679328820668161,10.305110848723697,19
energy_ratio,launch,extra_trees,correlation::reducekernel,1640,26,0.5024421669077128,0.23421745793893933,9.008363766882281,19
energy_ratio,launch,extra_trees,correlation::stdkernel,1640,26,0.5362985720857978,0.2628098598215729,10.108071531598958,19
energy_ratio,launch,extra_trees,covariance::covarkernel,1641,25,0.520375755848363,0.2523760790936649,10.095043163746595,19
energy_ratio,launch,extra_trees,covariance::meankernel,1641,25,0.5310249750036746,0.23861294286325574,9.54451771453023,19
energy_ratio,launch,extra_trees,covariance::reducekernel,1640,26,0.5040555770974606,0.25956032518297434,9.983089430114397,19
energy_ratio,launch,extra_trees,doitgen::kernel1,1641,25,0.5334966070950031,0.28414103318937123,11.36564132757485,19
energy_ratio,launch,extra_trees,doitgen::kernel2,1640,26,0.52159353508614,0.2614555088803172,10.055981110781431,19
energy_ratio,launch,extra_trees,euler3d::computeflux,1640,26,0.5231948008295149,0.2784416200593114,10.709293079204283,19
energy_ratio,launch,extra_trees,euler3d::computestepfactor,1641,25,0.5325861098244786,0.27653806400485337,11.061522560194135,19
energy_ratio,launch,extra_trees,euler3d::timestep,1640,26,0.5214476389810443,0.2697477580513805,10.374913771206943,19
energy_ratio,launch,extra_trees,fdtd2d::step1,1640,26,0.52467489708215,0.24628727603703737,9.472587539886053,19
energy_ratio,launch,extra_trees,fdtd2d::step2,1640,26,0.4977117090020329,0.2545599341392517,9.790766697663527,19
energy_ratio,launch,extra_trees,fdtd2d::step3,1640,26,0.5531071219593287,0.2413335379678756,9.2820591526106,19
energy_ratio,launch,extra_trees,gemm::gemmkernel,1641,25,0.5154881770722568,0.25223915092647076,10.08956603705883,19
energy_ratio,launch,extra_trees,gemver::gemverkernel1,1640,26,0.5091428579762578,0.24034555302932858,9.244059731897254,19
energy_ratio,launch,extra_trees,gemver::gemverkernel2,1640,26,0.5636120592243969,0.24765854701399803,9.525328731307617,19
energy_ratio,launch,extra_trees,gemver::gemverkernel3,1640,26,0.5033495370298624,0.2554273819550872,9.824130075195662,19
energy_ratio,launch,extra_trees,gesummv::gesummvkernel,1640,26,0.49537792010232806,0.2437125388532877,9.373559186664911,19
energy_ratio,launch,extra_trees,gramschmidt::kernel1,1641,25,0.5091651540715247,0.3138017749879509,12.552070999518037,19
energy_ratio,launch,extra_trees,gramschmidt::kernel2,1641,25,0.5162306108977646,0.2635241060052067,10.540964240208268,19
energy_ratio,launch,extra_trees,gramschmidt::kernel3,1641,25,0.5065487090032548,0.25210632709786296,10.084253083914518,19
energy_ratio,launch,extra_trees,hotspot3d::hotspotopt1,1640,26,0.512232000939548,0.23433115985244513,9.012736917401735,19
energy_ratio,launch,extra_trees,hotspot::calculatetemp,1640,26,0.5148615390062332,0.23587637906894088,9.072168425728496,19
energy_ratio,launch,extra_trees,jacobi1d::kernel1,1641,25,0.4976020858157426,0.24906567111611366,9.962626844644547,19
energy_ratio,launch,extra_trees,jacobi1d::kernel2,1641,25,0.5138066941872239,0.24623488495126367,9.849395398050547,19
energy_ratio,launch,extra_trees,jacobi2d::kernel1,1640,26,0.5264716481324285,0.2552280949894339,9.816465191901305,19
energy_ratio,launch,extra_trees,jacobi2d::kernel2,1640,26,0.5159767598379403,0.23230440099723637,8.934784653739861,19
energy_ratio,launch,extra_trees,kmeans::kmeanspoint,1641,25,0.5043741289991885,0.2492735751438886,9.970943005755544,19
energy_ratio,launch,extra_trees,lavamd::kernelgpucuda,1641,25,0.5035072029568255,0.24561612820252776,9.82464512810111,19
energy_ratio,launch,extra_trees,mvt::kernel1,1640,26,0.4859813929069787,0.23783625289797783,9.147548188383762,19
energy_ratio,launch,extra_trees,mvt::kernel2,1640,26,0.49929281999357045,0.2582068471238017,9.931032581684681,19
energy_ratio,launch,extra_trees,myocyte::solver2,1640,26,0.5191656891256571,0.25059278099797666,9.638183884537565,19
energy_ratio,launch,extra_trees,nn::euclid,1640,26,0.5185150420293212,0.2414835849776864,9.287830191449476,19
energy_ratio,launch,extra_trees,nw::shared1,1641,25,0.5125323389656842,0.2447969459462911,9.791877837851644,19
energy_ratio,launch,extra_trees,nw::shared2,1641,25,0.5648570898920298,0.2693520288448781,10.774081153795123,19
energy_ratio,launch,extra_trees,particlefilter::findindex,1640,26,0.4941889380570501,0.25006081094034016,9.617723497705391,19
energy_ratio,launch,extra_trees,particlefilter::likelihood,1641,25,0.5074628661386669,0.24755090288817883,9.902036115527153,19
energy_ratio,launch,extra_trees,particlefilter::normalizeweights,1641,25,0.5605359862092882,0.25085260393097997,10.034104157239199,19
energy_ratio,launch,extra_trees,particlefilter::sum,1641,25,0.5103039920795709,0.24937026295810938,9.974810518324375,19
energy_ratio,launch,extra_trees,pathfinder::dynproc,1640,26,0.5076635451987386,0.233548266813159,8.982625646659962,19
energy_ratio,launch,extra_trees,preeuler3d::computeflux,1640,26,0.5099099529907107,0.29802736709825695,11.462591042240652,19
energy_ratio,launch,extra_trees,preeuler3d::computefluxcontributions,1641,25,0.49663454201072454,0.23738121101632714,9.495248440653086,19
energy_ratio,launch,extra_trees,preeuler3d::computestepfactor,1640,26,0.5046377109829336,0.2638029681984335,10.146268007632058,19
energy_ratio,launch,extra_trees,preeuler3d::timestep,1640,26,0.5030680748168379,0.24767498904839158,9.525961117245831,19
energy_ratio,launch,extra_trees,sradv1::compress,1640,26,0.5530692529864609,0.24575470387935638,9.45210399535986,19
energy_ratio,launch,extra_trees,sradv1::extract,1640,26,0.5358291470911354,0.24387791799381375,9.37991992283899,19
energy_ratio,launch,extra_trees,sradv1::prepare,1641,25,0.517975808121264,0.24490255420096219,9.796102168038487,19
energy_ratio,launch,extra_trees,sradv1::reduce,1640,26,0.49697169102728367,0.252657616045326,9.717600617127923,19
energy_ratio,launch,extra_trees,sradv1::srad,1640,26,0.49569083913229406,0.2261300419922918,8.697309307395837,19
energy_ratio,launch,extra_trees,sradv1::srad2,1640,26,0.4900283270981163,0.24268962512724102,9.334216351047733,19
energy_ratio,launch,extra_trees,streamcluster::computecost,1640,26,0.504114834126085,0.25697209616191685,9.883542160073725,19
energy_ratio,launch,extra_trees,syr2k::syr2kkernel,1640,26,0.5205523690674454,0.254587217932567,9.7918160743295,19
energy_ratio,launch,extra_trees,syrk::syrkkernel,1641,25,0.5353603099938482,0.24260400282219052,9.704160112887621,19
energy_ratio,launch,xgboost,2dconv::convolution2dkernel,1640,26,1.0268528149463236,0.0032824580557644367,0.12624838676017064,19
energy_ratio,launch,xgboost,2mm::mm2kernel1,1641,25,1.2247793979477137,0.003217626130208373,0.12870504520833492,19
energy_ratio,launch,xgboost,2mm::mm2kernel2,1640,26,1.1496193169150501,0.003267458872869611,0.12567149511036962,19
energy_ratio,launch,xgboost,3mm::mm3kernel1,1641,25,0.7996554810088128,0.020208562957122922,0.8083425182849169,19
energy_ratio,launch,xgboost,3mm::mm3kernel2,1640,26,2.24719591694884,0.019021883141249418,0.7316108900480545,19
energy_ratio,launch,xgboost,3mm::mm3kernel3,1640,26,2.838721149135381,0.01933224918320775,0.7435480455079904,19
energy_ratio,launch,xgboost,atax::ataxkernel1,1640,26,2.8948286739178,0.01949068484827876,0.7496417249337985,19
energy_ratio,launch,xgboost,atax::ataxkernel2,1640,26,1.9110166497994214,0.009944643825292587,0.3824863009727918,19
energy_ratio,launch,xgboost,bicg::bicgkernel1,1640,26,1.0547458021901548,0.003235389944165945,0.12443807477561326,19
energy_ratio,launch,xgboost,bicg::bicgkernel2,1641,25,0.6768980899360031,0.003092029131948948,0.12368116527795793,19
energy_ratio,launch,xgboost,correlation::corrkernel,1641,25,0.6510400241240859,0.0031832701060920954,0.12733080424368382,19
energy_ratio,launch,xgboost,correlation::meankernel,1640,26,1.035619798116386,0.003997650928795338,0.15375580495366684,19
energy_ratio,launch,xgboost,correlation::reducekernel,1640,26,0.7012926421593875,0.019338113954290748,0.7437736136265671,19
energy_ratio,launch,xgboost,correlation::stdkernel,1640,26,0.6982564679346979,0.003199092112481594,0.12304200432621516,19
energy_ratio,launch,xgboost,covariance::covarkernel,1641,25,1.0003937149886042,0.0032580189872533083,0.13032075949013233,19
energy_ratio,launch,xgboost,covariance::meankernel,1641,25,0.6790084731765091,0.003317737951874733,0.13270951807498932,19
energy_ratio,launch,xgboost,covariance::reducekernel,1640,26,0.7585676049347967,0.01984568778425455,0.7632956840097904,19
energy_ratio,launch,xgboost,doitgen::kernel1,1641,25,1.0940097209531814,0.00311936903744936,0.1247747614979744,19
energy_ratio,launch,xgboost,doitgen::kernel2,1640,26,0.649197171907872,0.0031283299904316664,0.12032038424737178,19
energy_ratio,launch,xgboost,euler3d::computeflux,1640,26,1.7044078649487346,0.0032168349716812372,0.12372442198773989,19
energy_ratio,launch,xgboost,euler3d::computestepfactor,1641,25,0.6834098559338599,0.0056740338914096355,0.22696135565638542,19
energy_ratio,launch,xgboost,euler3d::timestep,1640,26,1.1256680141668767,0.019449508050456643,0.7480580019406402,19
energy_ratio,launch,xgboost,fdtd2d::step1,1640,26,0.7487911230418831,0.003157678060233593,0.1214491561628305,19
energy_ratio,launch,xgboost,fdtd2d::step2,1640,26,1.3789368621073663,0.0031893448904156685,0.12266711116983339,19
energy_ratio,launch,xgboost,fdtd2d::step3,1640,26,0.6518370651174337,0.0031721710693091154,0.12200657958881214,19
energy_ratio,launch,xgboost,gemm::gemmkernel,1641,25,1.236199842998758,0.019449046114459634,0.7779618445783854,19
energy_ratio,launch,xgboost,gemver::gemverkernel1,1640,26,0.6431203340180218,0.0031959249172359705,0.12292018912446039,19
energy_ratio,launch,xgboost,gemver::gemverkernel2,1640,26,0.6794644801411778,0.0030834029894322157,0.11859242267046984,19
energy_ratio,launch,xgboost,gemver::gemverkernel3,1640,26,1.0527091089170426,0.003287461819127202,0.1264408391972001,19
energy_ratio,launch,xgboost,gesummv::gesummvkernel,1640,26,0.6449478298891336,0.0031238689552992582,0.12014880597304839,19
energy_ratio,launch,xgboost,gramschmidt::kernel1,1641,25,0.6516346221324056,0.0027443747967481613,0.10977499186992645,19
energy_ratio,launch,xgboost,gramschmidt::kernel2,1641,25,1.0394097920507193,0.0033280260395258665,0.13312104158103466,19
energy_ratio,launch,xgboost,gramschmidt::kernel3,1641,25,0.6448492608033121,0.003108571982011199,0.12434287928044796,19
energy_ratio,launch,xgboost,hotspot3d::hotspotopt1,1640,26,0.639929197030142,0.0031884510535746813,0.12263273282979542,19
energy_ratio,launch,xgboost,hotspot::calculatetemp,1640,26,1.0227674969937652,0.003205924993380904,0.12330480743772708,19
energy_ratio,launch,xgboost,jacobi1d::kernel1,1641,25,0.643372266786173,0.0030958231072872877,0.12383292429149151,19
energy_ratio,launch,xgboost,jacobi1d::kernel2,1641,25,0.6417727849911898,0.003128246869891882,0.12512987479567528,19
energy_ratio,launch,xgboost,jacobi2d::kernel1,1640,26,1.0492588931228966,0.0032763169147074223,0.12601218902720854,19
energy_ratio,launch,xgboost,jacobi2d::kernel2,1640,26,0.6410600219387561,0.0031115578021854162,0.11967530008405447,19
energy_ratio,launch,xgboost,kmeans::kmeanspoint,1641,25,0.6480287068989128,0.019273302983492613,0.7709321193397045,19
energy_ratio,launch,xgboost,lavamd::kernelgpucuda,1641,25,1.0140360279474407,0.003081246977671981,0.12324987910687922,19
energy_ratio,launch,xgboost,mvt::kernel1,1640,26,0.7010567600373179,0.019355325028300285,0.7444355780115495,19
energy_ratio,launch,xgboost,mvt::kernel2,1640,26,0.7016316039953381,0.019283942179754376,0.7416900838367069,19
energy_ratio,launch,xgboost,myocyte::solver2,1640,26,0.8905936561059207,0.0032493919134140015,0.12497661205438466,19
energy_ratio,launch,xgboost,nn::euclid,1640,26,0.6409184329677373,0.0031428118236362934,0.12087737783216514,19
energy_ratio,launch,xgboost,nw::shared1,1641,25,0.6441043140366673,0.019252090947702527,0.7700836379081011,19
energy_ratio,launch,xgboost,nw::shared2,1641,25,1.2620975121390074,0.003241107100620866,0.12964428402483463,19
energy_ratio,launch,xgboost,particlefilter::findindex,1640,26,0.6436506460886449,0.0030704159289598465,0.11809292034460947,19
energy_ratio,launch,xgboost,particlefilter::likelihood,1641,25,1.0307222190313041,0.0076429289765655994,0.305717159062624,19
energy_ratio,launch,xgboost,particlefilter::normalizeweights,1641,25,0.6347796570044011,0.0031473608687520027,0.1258944347500801,19
energy_ratio,launch,xgboost,particlefilter::sum,1641,25,0.6326267179101706,0.0030904291197657585,0.12361716479063035,19
energy_ratio,launch,xgboost,pathfinder::dynproc,1640,26,1.0428948251064867,0.019396855030208826,0.7460328857772625,19
energy_ratio,launch,xgboost,preeuler3d::computeflux,1640,26,0.7209917458239943,0.003160043153911829,0.12154012130430111,19
energy_ratio,launch,xgboost,preeuler3d::computefluxcontributions,1641,25,0.6550396420061588,0.0031652371399104595,0.12660948559641838,19
energy_ratio,launch,xgboost,preeuler3d::computestepfactor,1640,26,1.0274464329704642,0.003279837081208825,0.12614758004649326,19
energy_ratio,launch,xgboost,preeuler3d::timestep,1640,26,0.6512557240203023,0.0030725779943168163,0.11817607670449294,19
energy_ratio,launch,xgboost,sradv1::compress,1640,26,0.7347513311542571,0.019286422058939934,0.741785463805382,19
energy_ratio,launch,xgboost,sradv1::extract,1640,26,0.8303895660210401,0.003196501173079014,0.1229423528107313,19
energy_ratio,launch,xgboost,sradv1::prepare,1641,25,0.6642391509376466,0.0032771029509603977,0.1310841180384159,19
energy_ratio,launch,xgboost,sradv1::reduce,1640,26,0.8389895809814334,0.019306739093735814,0.7425668882206082,19
energy_ratio,launch,xgboost,sradv1::srad,1640,26,0.7357897879555821,0.003106691176071763,0.11948812215660627,19
energy_ratio,launch,xgboost,sradv1::srad2,1640,26,0.6457301990594715,0.0031592550221830606,0.12150980854550233,19
energy_ratio,launch,xgboost,streamcluster::computecost,1640,26,1.1598437731154263,0.006452643079683185,0.24817857998781476,19
energy_ratio,launch,xgboost,syr2k::syr2kkernel,1640,26,0.650524775031954,0.003180416999384761,0.12232373074556774,19
energy_ratio,launch,xgboost,syrk::syrkkernel,1641,25,0.6531483209691942,0.003147423965856433,0.12589695863425732,19
energy_ratio,runtime,random_forest,2dconv::convolution2dkernel,1640,26,1.1574701759964228,0.24738131207413971,9.514665849005373,162
energy_ratio,runtime,random_forest,2mm::mm2kernel1,1641,25,1.0794713019859046,0.2550058769993484,10.200235079973936,162
energy_ratio,runtime,random_forest,2mm::mm2kernel2,1640,26,1.0648932000622153,0.25199573393911123,9.69214361304274,162
energy_ratio,runtime,random_forest,3mm::mm3kernel1,1641,25,1.0790064139291644,0.2603020879905671,10.412083519622684,162
energy_ratio,runtime,random_forest,3mm::mm3kernel2,1640,26,1.0879222850780934,0.26049999613314867,10.019230620505718,162
energy_ratio,runtime,random_forest,3mm::mm3kernel3,1640,26,1.1034905519336462,0.26382138999179006,10.146976538145772,162
energy_ratio,runtime,random_forest,atax::ataxkernel1,1640,26,1.0804888471029699,0.24340957892127335,9.361906881587437,162
energy_ratio,runtime,random_forest,atax::ataxkernel2,1640,26,1.0714018840808421,0.27211057394742966,10.465791305670372,162
energy_ratio,runtime,random_forest,bicg::bicgkernel1,1640,26,1.090840077959001,0.27466581598855555,10.564069845713675,162
energy_ratio,runtime,random_forest,bicg::bicgkernel2,1641,25,1.1242830499541014,0.24919647886417806,9.967859154567122,162
energy_ratio,runtime,random_forest,correlation::corrkernel,1641,25,1.0970009888987988,0.25419973605312407,10.167989442124963,162
energy_ratio,runtime,random_forest,correlation::meankernel,1640,26,1.0895430748350918,0.23995846300385892,9.229171653994573,162
energy_ratio,runtime,random_forest,correlation::reducekernel,1640,26,1.1063137780874968,0.272744398098439,10.49016915763227,162
energy_ratio,runtime,random_forest,correlation::stdkernel,1640,26,1.1105326351244003,0.31886388710699975,12.263995657961528,162
energy_ratio,runtime,random_forest,covariance::covarkernel,1641,25,1.0904923579655588,0.26882024202495813,10.752809680998325,162
energy_ratio,runtime,random_forest,covariance::meankernel,1641,25,1.0848267499823123,0.27176268794573843,10.870507517829537,162
energy_ratio,runtime,random_forest,covariance::reducekernel,1640,26,1.1023122710175812,0.26546644093468785,10.210247728257226,162
energy_ratio,runtime,random_forest,doitgen::kernel1,1641,25,1.0947155931498855,0.2416204980108887,9.664819920435548,162
energy_ratio,runtime,random_forest,doitgen::kernel2,1640,26,1.1446598831098527,0.2708343679551035,10.416706459811675,162
energy_ratio,runtime,random_forest,euler3d::computeflux,1640,26,1.0944719528779387,0.29327325196936727,11.27974046036028,162
energy_ratio,runtime,random_forest,euler3d::computestepfactor,1641,25,1.0794867649674416,0.27198875485919416,10.879550194367766,162
energy_ratio,runtime,random_forest,euler3d::timestep,1640,26,1.0995360338129103,0.2677608651574701,10.29849481374885,162
energy_ratio,runtime,random_forest,fdtd2d::step1,1640,26,1.0976358081679791,0.2752360268495977,10.586001032676835,162
energy_ratio,runtime,random_forest,fdtd2d::step2,1640,26,1.0986517551355064,0.26285187783651054,10.109687609096559,162
energy_ratio,runtime,random_forest,fdtd2d::step3,1640,26,1.0839116510469466,0.25885870889760554,9.956104188369444,162
energy_ratio,runtime,random_forest,gemm::gemmkernel,1641,25,1.0880274530500174,0.27620112989097834,11.048045195639133,162
energy_ratio,runtime,random_forest,gemver::gemverkernel1,1640,26,1.1323479090351611,0.2741504730656743,10.544248964064398,162
energy_ratio,runtime,random_forest,gemver::gemverkernel2,1640,26,1.103657801868394,0.2620184931438416,10.077634351686218,162
energy_ratio,runtime,random_forest,gemver::gemverkernel3,1640,26,1.093727997969836,0.3056699181906879,11.756535315026458,162
energy_ratio,runtime,random_forest,gesummv::gesummvkernel,1640,26,1.0821624919772148,0.2833745991811156,10.899023045427523,162
energy_ratio,runtime,random_forest,gramschmidt::kernel1,1641,25,1.0819006420206279,0.2606760689523071,10.427042758092284,162
energy_ratio,runtime,random_forest,gramschmidt::kernel2,1641,25,1.086017921101302,0.33896851912140846,13.558740764856339,162
energy_ratio,runtime,random_forest,gramschmidt::kernel3,1641,25,1.0922016869299114,0.2887240080162883,11.548960320651531,162
energy_ratio,runtime,random_forest,hotspot3d::hotspotopt1,1640,26,1.0795375569723547,0.2638259578961879,10.14715222677646,162
energy_ratio,runtime,random_forest,hotspot::calculatetemp,1640,26,1.1322440409567207,0.2960839259903878,11.387843307322608,162
energy_ratio,runtime,random_forest,jacobi1d::kernel1,1641,25,1.0954826599918306,0.25672428612597287,10.268971445038915,162
energy_ratio,runtime,random_forest,jacobi1d::kernel2,1641,25,1.0847470699809492,0.262382707092911,10.49530828371644,162
energy_ratio,runtime,random_forest,jacobi2d::kernel1,1640,26,1.0854155719280243,0.2695407348219305,10.366951339305022,162
energy_ratio,runtime,random_forest,jacobi2d::kernel2,1640,26,1.0867478367872536,0.2604717130307108,10.018142808873494,162
energy_ratio,runtime,random_forest,kmeans::kmeanspoint,1641,25,1.141984353074804,0.2478476508986205,9.91390603594482,162
energy_ratio,runtime,random_forest,lavamd::kernelgpucuda,1641,25,1.1169763780198991,0.2783281330484897,11.133125321939588,162
energy_ratio,runtime,random_forest,mvt::kernel1,1640,26,1.1073027460370213,0.27665459690615535,10.640561419467513,162
energy_ratio,runtime,random_forest,mvt::kernel2,1640,26,1.0975626439321786,0.27074582991190255,10.41330115045779,162
energy_ratio,runtime,random_forest,myocyte::solver2,1640,26,1.143838434945792,0.2973644130397588,11.437092809221493,162
energy_ratio,runtime,random_forest,nn::euclid,1640,26,1.2060877459589392,0.30134415812790394,11.590159927996305,162
energy_ratio,runtime,random_forest,nw::shared1,1641,25,1.0894279649946839,0.27522023511119187,11.008809404447675,162
energy_ratio,runtime,random_forest,nw::shared2,1641,25,1.0867639100179076,0.2759310540277511,11.037242161110044,162
energy_ratio,runtime,random_forest,particlefilter::findindex,1640,26,1.0956978229805827,0.25597396795637906,9.845152613706887,162
energy_ratio,runtime,random_forest,particlefilter::likelihood,1641,25,1.0870982229243964,0.29578221892006695,11.831288756802678,162
energy_ratio,runtime,random_forest,particlefilter::normalizeweights,1641,25,1.098117430927232,0.3337493760045618,13.349975040182471,162
energy_ratio,runtime,random_forest,particlefilter::sum,1641,25,1.0886038658209145,0.2584868229459971,10.339472917839885,162
energy_ratio,runtime,random_forest,pathfinder::dynproc,1640,26,1.0952549211215228,0.2936830180697143,11.295500694989013,162
energy_ratio,runtime,random_forest,preeuler3d::computeflux,1640,26,1.088143371976912,0.2613103629555553,10.050398575213666,162
energy_ratio,runtime,random_forest,preeuler3d::computefluxcontributions,1641,25,1.0858006081543863,0.275428953114897,11.01715812459588,162
energy_ratio,runtime,random_forest,preeuler3d::computestepfactor,1640,26,1.0977683591190726,0.26150796515867114,10.05799865994889,162
energy_ratio,runtime,random_forest,preeuler3d::timestep,1640,26,1.0793562401086092,0.27980201900936663,10.76161611574487,162
energy_ratio,runtime,random_forest,sradv1::compress,1640,26,1.0997348020318896,0.2820770761463791,10.849118313322274,162
energy_ratio,runtime,random_forest,sradv1::extract,1640,26,1.1520110061392188,0.28725661896169186,11.048331498526611,162
energy_ratio,runtime,random_forest,sradv1::prepare,1641,25,1.0886832289397717,0.27314978605136275,10.92599144205451,162
energy_ratio,runtime,random_forest,sradv1::reduce,1640,26,1.1058281590230763,0.2642365440260619,10.16294400100238,162
energy_ratio,runtime,random_forest,sradv1::srad,1640,26,1.1004943000152707,0.26348299090750515,10.133961188750199,162
energy_ratio,runtime,random_forest,sradv1::srad2,1640,26,1.0734246191568673,0.2739349352195859,10.535959046907148,162
energy_ratio,runtime,random_forest,streamcluster::computecost,1640,26,1.0849840629380196,0.35796353593468666,13.767828305180256,162
energy_ratio,runtime,random_forest,syr2k::syr2kkernel,1640,26,1.0972692030481994,0.26095091295428574,10.036573575164836,162
energy_ratio,runtime,random_forest,syrk::syrkkernel,1641,25,1.09208121499978,0.2589131749700755,10.35652699880302,162
energy_ratio,runtime,extra_trees,2dconv::convolution2dkernel,1640,26,0.6552257491275668,0.2731501581147313,10.505775312105051,162
energy_ratio,runtime,extra_trees,2mm::mm2kernel1,1641,25,0.6623110978398472,0.28472867608070374,11.38914704322815,162
energy_ratio,runtime,extra_trees,2mm::mm2kernel2,1640,26,0.6630418810527772,0.2905234869103879,11.173980265784149,162
energy_ratio,runtime,extra_trees,3mm::mm3kernel1,1641,25,0.6586620071902871,0.30932312295772135,12.372924918308854,162
energy_ratio,runtime,extra_trees,3mm::mm3kernel2,1640,26,0.6614195168949664,0.3046625698916614,11.717791149679284,162
energy_ratio,runtime,extra_trees,3mm::mm3kernel3,1640,26,0.7214576250407845,0.27640068205073476,10.630795463489799,162
energy_ratio,runtime,extra_trees,atax::ataxkernel1,1640,26,0.6499091819860041,0.26726371399126947,10.279373615048826,162
energy_ratio,runtime,extra_trees,atax::ataxkernel2,1640,26,0.6935552270151675,0.2631520270369947,10.12123180911518,162
energy_ratio,runtime,extra_trees,bicg::bicgkernel1,1640,26,0.6626885009463876,0.26055558398365974,10.021368614756145,162
energy_ratio,runtime,extra_trees,bicg::bicgkernel2,1641,25,0.6808671320322901,0.284404587931931,11.37618351727724,162
energy_ratio,runtime,extra_trees,correlation::corrkernel,1641,25,0.6670971738640219,0.34369310713373125,13.74772428534925,162
energy_ratio,runtime,extra_trees,correlation::meankernel,1640,26,0.6635447610169649,0.26629390893504024,10.242073420578471,162
energy_ratio,runtime,extra_trees,correlation::reducekernel,1640,26,0.714220155030489,0.2558713180478662,9.841204540302547,162
energy_ratio,runtime,extra_trees,correlation::stdkernel,1640,26,0.6682147278916091,0.2594402690883726,9.97847188801433,162
energy_ratio,runtime,extra_trees,covariance::covarkernel,1641,25,0.667242188937962,0.29857795708812773,11.94311828352511,162
energy_ratio,runtime,extra_trees,covariance::meankernel,1641,25,0.6803243272006512,0.2650635871104896,10.602543484419584,162
energy_ratio,runtime,extra_trees,covariance::reducekernel,1640,26,0.6782299859914929,0.27054460207000375,10.405561618077067,162
energy_ratio,runtime,extra_trees,doitgen::kernel1,1641,25,0.6633146549575031,0.27822098205797374,11.12883928231895,162
energy_ratio,runtime,extra_trees,doitgen::kernel2,1640,26,0.7070735120214522,0.2658940549008548,10.226694419263648,162
energy_ratio,runtime,extra_trees,euler3d::computeflux,1640,26,0.6759395611006767,0.2738257341552526,10.531759005971253,162
energy_ratio,runtime,extra_trees,euler3d::computestepfactor,1641,25,0.6538550790864974,0.26845812890678644,10.738325156271458,162
energy_ratio,runtime,extra_trees,euler3d::timestep,1640,26,0.6785963389556855,0.27752182888798416,10.673916495691698,162
energy_ratio,runtime,extra_trees,fdtd2d::step1,1640,26,0.6473183699417859,0.2571015111170709,9.88851965834888,162
energy_ratio,runtime,extra_trees,fdtd2d::step2,1640,26,0.67630251403898,0.34195716585963964,13.152198686909218,162
energy_ratio,runtime,extra_trees,fdtd2d::step3,1640,26,0.6521645761094987,0.27078025694936514,10.414625267283274,162
energy_ratio,runtime,extra_trees,gemm::gemmkernel,1641,25,0.6786155130248517,0.27225716481916606,10.890286592766643,162
energy_ratio,runtime,extra_trees,gemver::gemverkernel1,1640,26,0.6622721010353416,0.27460230397991836,10.561627076150707,162
energy_ratio,runtime,extra_trees,gemver::gemverkernel2,1640,26,0.6617393519263715,0.25514149689115584,9.813134495813687,162
energy_ratio,runtime,extra_trees,gemver::gemverkernel3,1640,26,0.6633497290313244,0.2763252230361104,10.627893193696554,162
energy_ratio,runtime,extra_trees,gesummv::gesummvkernel,1640,26,0.6710611819289625,0.2594094919040799,9.97728815015692,162
energy_ratio,runtime,extra_trees,gramschmidt::kernel1,1641,25,0.6646581769455224,0.2566678919829428,10.266715679317713,162
energy_ratio,runtime,extra_trees,gramschmidt::kernel2,1641,25,0.7616835460066795,0.29887574003078043,11.955029601231217,162
energy_ratio,runtime,extra_trees,gramschmidt::kernel3,1641,25,0.654657213948667,0.2904139989987016,11.616559959948063,162
energy_ratio,runtime,extra_trees,hotspot3d::hotspotopt1,1640,26,0.6643316331319511,0.2589575839228928,9.959907073957416,162
energy_ratio,runtime,extra_trees,hotspot::calculatetemp,1640,26,0.6577404499985278,0.3026448900345713,11.640188078252741,162
energy_ratio,runtime,extra_trees,jacobi1d::kernel1,1641,25,0.6787454909645021,0.27297828905284405,10.919131562113762,162
energy_ratio,runtime,extra_trees,jacobi1d::kernel2,1641,25,0.6624984049703926,0.3299914018716663,13.199656074866652,162
energy_ratio,runtime,extra_trees,jacobi2d::kernel1,1640,26,0.6741401038598269,0.2917291179765016,11.220350691403906,162
energy_ratio,runtime,extra_trees,jacobi2d::kernel2,1640,26,0.6706730639562011,0.3156237229704857,12.139373960403296,162
energy_ratio,runtime,extra_trees,kmeans::kmeanspoint,1641,25,0.6989941410720348,0.28112815599888563,11.245126239955425,162
energy_ratio,runtime,extra_trees,lavamd::kernelgpucuda,1641,25,0.6671771809924394,0.2673021180089563,10.692084720358253,162
energy_ratio,runtime,extra_trees,mvt::kernel1,1640,26,0.6626366591081023,0.2684812848456204,10.326203263293092,162
energy_ratio,runtime,extra_trees,mvt::kernel2,1640,26,0.6528300291392952,0.26522031519562006,10.200781353677694,162
energy_ratio,runtime,extra_trees,myocyte::solver2,1640,26,0.6811511169653386,0.2566064801067114,9.869480004104284,162
energy_ratio,runtime,extra_trees,nn::euclid,1640,26,0.6614639819599688,0.2602118719369173,10.008148920650665,162
energy_ratio,runtime,extra_trees,nw::shared1,1641,25,0.6739351809956133,0.3199801091104746,12.799204364418983,162
energy_ratio,runtime,extra_trees,nw::shared2,1641,25,0.657327433815226,0.3020929510239512,12.083718040958047,162
energy_ratio,runtime,extra_trees,particlefilter::findindex,1640,26,0.6767322830855846,0.26063737901858985,10.02451457763807,162
energy_ratio,runtime,extra_trees,particlefilter::likelihood,1641,25,0.6549976819660515,0.26191565999761224,10.47662639990449,162
energy_ratio,runtime,extra_trees,particlefilter::normalizeweights,1641,25,0.7146275420673192,0.2883382770232856,11.533531080931425,162
energy_ratio,runtime,extra_trees,particlefilter::sum,1641,25,0.6631356310099363,0.26856919494457543,10.742767797783017,162
energy_ratio,runtime,extra_trees,pathfinder::dynproc,1640,26,0.6635691318660975,0.2669890569522977,10.26880988278068,162
energy_ratio,runtime,extra_trees,preeuler3d::computeflux,1640,26,0.6543665898498148,0.27166063501499593,10.448485962115228,162
energy_ratio,runtime,extra_trees,preeuler3d::computefluxcontributions,1641,25,0.693696920061484,0.2729154569096863,10.916618276387453,162
energy_ratio,runtime,extra_trees,preeuler3d::computestepfactor,1640,26,0.6730317350011319,0.26590436417609453,10.22709092984979,162
energy_ratio,runtime,extra_trees,preeuler3d::timestep,1640,26,0.6677554650232196,0.2500857550185174,9.61868288532759,162
energy_ratio,runtime,extra_trees,sradv1::compress,1640,26,0.6619183539878577,0.2801120060030371,10.773538692424504,162
energy_ratio,runtime,extra_trees,sradv1::extract,1640,26,0.7613565530627966,0.3026190029922873,11.63919242278028,162
energy_ratio,runtime,extra_trees,sradv1::prepare,1641,25,0.6641791090369225,0.2778325187973678,11.113300751894712,162
energy_ratio,runtime,extra_trees,sradv1::reduce,1640,26,0.6663943179883063,0.26294210087507963,10.113157725964601,162
energy_ratio,runtime,extra_trees,sradv1::srad,1640,26,0.6673236531205475,0.2647785600274801,10.183790770287697,162
energy_ratio,runtime,extra_trees,sradv1::srad2,1640,26,0.6680496009066701,0.2733884300105274,10.514939615789514,162
energy_ratio,runtime,extra_trees,streamcluster::computecost,1640,26,0.6639718010555953,0.3673428730107844,14.128572038876323,162
energy_ratio,runtime,extra_trees,syr2k::syr2kkernel,1640,26,0.683158271946013,0.27165842591784894,10.448400996840345,162
energy_ratio,runtime,extra_trees,syrk::syrkkernel,1641,25,0.6516710759606212,0.25797571893781424,10.31902875751257,162
energy_ratio,runtime,xgboost,2dconv::convolution2dkernel,1640,26,1.860544087132439,0.00724406517110765,0.2786178911964481,162
energy_ratio,runtime,xgboost,2mm::mm2kernel1,1641,25,1.8841625130735338,0.007032629102468491,0.2813051640987396,162
energy_ratio,runtime,xgboost,2mm::mm2kernel2,1640,26,1.8433471070602536,0.007153103826567531,0.27511937794490504,162
energy_ratio,runtime,xgboost,3mm::mm3kernel1,1641,25,1.5037617329508066,0.02346916007809341,0.9387664031237364,162
energy_ratio,runtime,xgboost,3mm::mm3kernel2,1640,26,1.5020843150559813,0.007702189031988382,0.29623803969186085,162
energy_ratio,runtime,xgboost,3mm::mm3kernel3,1640,26,1.8579803497996181,0.007110848091542721,0.2734941573670277,162
energy_ratio,runtime,xgboost,atax::ataxkernel1,1640,26,1.8694404910784215,0.02364302915520966,0.9093472752003715,162
energy_ratio,runtime,xgboost,atax::ataxkernel2,1640,26,2.1659625961910933,0.022522966843098402,0.8662679555037847,162
energy_ratio,runtime,xgboost,bicg::bicgkernel1,1640,26,2.945110015803948,0.007568750064820051,0.2911057717238481,162
energy_ratio,runtime,xgboost,bicg::bicgkernel2,1641,25,1.8010743830818683,0.007209265138953924,0.28837060555815697,162
energy_ratio,runtime,xgboost,correlation::corrkernel,1641,25,2.9014191702008247,0.02357075596228242,0.9428302384912968,162
energy_ratio,runtime,xgboost,correlation::meankernel,1640,26,2.6276062559336424,0.023392569040879607,0.8997141938799849,162
energy_ratio,runtime,xgboost,correlation::reducekernel,1640,26,1.4341679208446294,0.009804019005969167,0.3770776540757372,162
energy_ratio,runtime,xgboost,correlation::stdkernel,1640,26,2.55177064309828,0.030423680087551475,1.170141541828903,162
energy_ratio,runtime,xgboost,covariance::covarkernel,1641,25,5.417514611035585,0.007414459949359298,0.2965783979743719,162
energy_ratio,runtime,xgboost,covariance::meankernel,1641,25,1.5725681360345334,0.023805773118510842,0.9522309247404337,162
energy_ratio,runtime,xgboost,covariance::reducekernel,1640,26,2.034560048021376,0.0237155188806355,0.9121353415629039,162
energy_ratio,runtime,xgboost,doitgen::kernel1,1641,25,3.541082171956077,0.007695407839491963,0.30781631357967854,162
energy_ratio,runtime,xgboost,doitgen::kernel2,1640,26,2.5474054070655257,0.007394644897431135,0.2844094191319667,162
energy_ratio,runtime,xgboost,euler3d::computeflux,1640,26,3.286481876159087,0.023703849874436855,0.9116865336321867,162
energy_ratio,runtime,xgboost,euler3d::computestepfactor,1641,25,1.4836591670755297,0.025146586820483208,1.0058634728193283,162
energy_ratio,runtime,xgboost,euler3d::timestep,1640,26,2.3757501079235226,0.008006036980077624,0.30792449923375476,162
energy_ratio,runtime,xgboost,fdtd2d::step1,1640,26,3.1603412858676165,0.0071805790066719055,0.2761761156412271,162
energy_ratio,runtime,xgboost,fdtd2d::step2,1640,26,1.923168441047892,0.007129090838134289,0.2741958014667034,162
energy_ratio,runtime,xgboost,fdtd2d::step3,1640,26,2.763814424863085,0.007197844097390771,0.2768401575919527,162
energy_ratio,runtime,xgboost,gemm::gemmkernel,1641,25,2.2952112359926105,0.007178470958024263,0.28713883832097054,162
energy_ratio,runtime,xgboost,gemver::gemverkernel1,1640,26,1.8275931568350643,0.007604462094604969,0.2924793113309604,162
energy_ratio,runtime,xgboost,gemver::gemverkernel2,1640,26,1.4746422918979079,0.00706088705919683,0.2715725791998781,162
energy_ratio,runtime,xgboost,gemver::gemverkernel3,1640,26,1.4810390679631382,0.007153141079470515,0.27512081074886596,162
energy_ratio,runtime,xgboost,gesummv::gesummvkernel,1640,26,2.174901216989383,0.006925820140168071,0.26637769769877195,162
energy_ratio,runtime,xgboost,gramschmidt::kernel1,1641,25,2.6710510721895844,0.007218502927571535,0.2887401171028614,162
energy_ratio,runtime,xgboost,gramschmidt::kernel2,1641,25,1.9989686680492014,0.023628455819562078,0.9451382327824831,162
energy_ratio,runtime,xgboost,gramschmidt::kernel3,1641,25,2.204032674897462,0.007079575909301639,0.28318303637206554,162
energy_ratio,runtime,xgboost,hotspot3d::hotspotopt1,1640,26,1.7786494279280305,0.007603563833981752,0.292444762845452,162
energy_ratio,runtime,xgboost,hotspot::calculatetemp,1640,26,1.7933366899378598,0.007378295995295048,0.28378061520365566,162
energy_ratio,runtime,xgboost,jacobi1d::kernel1,1641,25,2.355375434970483,0.007153518032282591,0.28614072129130363,162
energy_ratio,runtime,xgboost,jacobi1d::kernel2,1641,25,2.2984141388442367,0.007948355050757527,0.3179342020303011,162
energy_ratio,runtime,xgboost,jacobi2d::kernel1,1640,26,1.8129257860127836,0.008145587984472513,0.31329184555663514,162
energy_ratio,runtime,xgboost,jacobi2d::kernel2,1640,26,1.8628724368754774,0.007296320050954819,0.280627694267493,162
energy_ratio,runtime,xgboost,kmeans::kmeanspoint,1641,25,1.407393098808825,0.007001645164564252,0.2800658065825701,162
energy_ratio,runtime,xgboost,lavamd::kernelgpucuda,1641,25,1.707294711843133,0.0071702220011502504,0.28680888004601,162
energy_ratio,runtime,xgboost,mvt::kernel1,1640,26,2.544701931066811,0.007184694986790419,0.27633442256886226,162
energy_ratio,runtime,xgboost,mvt::kernel2,1640,26,3.7021483432035893,0.007383645977824926,0.2839863837624972,162
energy_ratio,runtime,xgboost,myocyte::solver2,1640,26,2.302299162140116,0.007115023909136653,0.2736547657360251,162
energy_ratio,runtime,xgboost,nn::euclid,1640,26,1.7675535921007395,0.007238741032779217,0.2784131166453545,162
energy_ratio,runtime,xgboost,nw::shared1,1641,25,2.3198255880270153,0.02392945997416973,0.9571783989667892,162
energy_ratio,runtime,xgboost,nw::shared2,1641,25,1.853383423993364,0.007072748150676489,0.28290992602705956,162
energy_ratio,runtime,xgboost,particlefilter::findindex,1640,26,2.7999115199781954,0.007099342066794634,0.27305161795363975,162
energy_ratio,runtime,xgboost,particlefilter::likelihood,1641,25,2.6553102659527212,0.007175531005486846,0.28702124021947384,162
energy_ratio,runtime,xgboost,particlefilter::normalizeweights,1641,25,3.186303017893806,0.023509814869612455,0.9403925947844982,162
energy_ratio,runtime,xgboost,particlefilter::sum,1641,25,1.6873868308030069,0.012151906033977866,0.48607624135911465,162
energy_ratio,runtime,xgboost,pathfinder::dynproc,1640,26,2.599304878851399,0.0077964230440557,0.2998624247713731,162
energy_ratio,runtime,xgboost,preeuler3d::computeflux,1640,26,1.8593501180876046,0.023437439929693937,0.9014399972959206,162
energy_ratio,runtime,xgboost,preeuler3d::computefluxcontributions,1641,25,1.8123883449006826,0.023490241961553693,0.9396096784621477,162
energy_ratio,runtime,xgboost,preeuler3d::computestepfactor,1640,26,3.4835936699528247,0.007352252025157213,0.2827789240445082,162
energy_ratio,runtime,xgboost,preeuler3d::timestep,1640,26,1.445419181836769,0.007158747874200344,0.2753364567000133,162
energy_ratio,runtime,xgboost,sradv1::compress,1640,26,1.7500102769117802,0.008641685824841261,0.33237253172466386,162
energy_ratio,runtime,xgboost,sradv1::extract,1640,26,2.7393371409270912,0.007059586001560092,0.27152253852154196,162
energy_ratio,runtime,xgboost,sradv1::prepare,1641,25,2.879218384856358,0.007164896000176668,0.2865958400070667,162
energy_ratio,runtime,xgboost,sradv1::reduce,1640,26,1.3766878379974514,0.007185671012848616,0.2763719620326391,162
energy_ratio,runtime,xgboost,sradv1::srad,1640,26,3.2412949739955366,0.007476468104869127,0.2875564655718895,162
energy_ratio,runtime,xgboost,sradv1::srad2,1640,26,1.7214078959077597,0.023668296867981553,0.9103191103069828,162
energy_ratio,runtime,xgboost,streamcluster::computecost,1640,26,1.7892622910439968,0.008056744001805782,0.3098747693002224,162
energy_ratio,runtime,xgboost,syr2k::syr2kkernel,1640,26,1.6322762090712786,0.007155128056183457,0.275197232930133,162
energy_ratio,runtime,xgboost,syrk::syrkkernel,1641,25,3.195341621991247,0.007246442837640643,0.2898577135056257,162
energy_ratio,ptx_launch,random_forest,2dconv::convolution2dkernel,1640,26,0.9571256111375988,0.26141604501754045,10.054463269905401,71
energy_ratio,ptx_launch,random_forest,2mm::mm2kernel1,1641,25,1.0231985340360552,0.24132096604444087,9.652838641777635,71
energy_ratio,ptx_launch,random_forest,2mm::mm2kernel2,1640,26,1.0945383529178798,0.26433580089360476,10.166761572830953,71
energy_ratio,ptx_launch,random_forest,3mm::mm3kernel1,1641,25,1.0728140198625624,0.2549311430193484,10.197245720773935,71
energy_ratio,ptx_launch,random_forest,3mm::mm3kernel2,1640,26,0.9870314409490675,0.27746805897913873,10.671848422274568,71
energy_ratio,ptx_launch,random_forest,3mm::mm3kernel3,1640,26,1.0563854309730232,0.29236158891581,11.244676496761922,71
energy_ratio,ptx_launch,random_forest,atax::ataxkernel1,1640,26,0.9692572429776192,0.27857486507855356,10.714417887636674,71
energy_ratio,ptx_launch,random_forest,atax::ataxkernel2,1640,26,1.0336717849131674,0.27128915302455425,10.434198193252087,71
energy_ratio,ptx_launch,random_forest,bicg::bicgkernel1,1640,26,1.0022820348385721,0.2576605170033872,9.910019884745662,71
energy_ratio,ptx_launch,random_forest,bicg::bicgkernel2,1641,25,0.9637927799485624,0.2834271870087832,11.337087480351329,71
energy_ratio,ptx_launch,random_forest,correlation::corrkernel,1641,25,0.9550978250335902,0.2934898189269006,11.739592757076025,71
energy_ratio,ptx_launch,random_forest,correlation::meankernel,1640,26,0.97975381789729,0.27014730707742274,10.390281041439335,71
energy_ratio,ptx_launch,random_forest,correlation::reducekernel,1640,26,1.0231935228221118,0.2482868970837444,9.549496041682477,71
energy_ratio,ptx_launch,random_forest,correlation::stdkernel,1640,26,0.9755100589245558,0.25697257998399436,9.883560768615167,71
energy_ratio,ptx_launch,random_forest,covariance::covarkernel,1641,25,0.972168126842007,0.238302307901904,9.53209231607616,71
energy_ratio,ptx_launch,random_forest,covariance::meankernel,1641,25,1.0160752520896494,0.27326360112056136,10.930544044822454,71
energy_ratio,ptx_launch,random_forest,covariance::reducekernel,1640,26,0.958643936086446,0.2381781639996916,9.160698615372755,71
energy_ratio,ptx_launch,random_forest,doitgen::kernel1,1641,25,0.9836765038780868,0.27723828493617475,11.08953139744699,71
energy_ratio,ptx_launch,random_forest,doitgen::kernel2,1640,26,1.0366428659763187,0.2504001739434898,9.630775920903453,71
energy_ratio,ptx_launch,random_forest,euler3d::computeflux,1640,26,0.8757425250951201,0.2471353921573609,9.505207390667728,71
energy_ratio,ptx_launch,random_forest,euler3d::computestepfactor,1641,25,1.0458920360542834,0.2560744450893253,10.242977803573012,71
energy_ratio,ptx_launch,random_forest,euler3d::timestep,1640,26,0.967713720863685,0.27316505601629615,10.506348308319083,71
energy_ratio,ptx_launch,random_forest,fdtd2d::step1,1640,26,1.0133168818429112,0.37005909299477935,14.233042038260745,71
energy_ratio,ptx_launch,random_forest,fdtd2d::step2,1640,26,1.1081268009729683,0.2510234408546239,9.654747725177844,71
energy_ratio,ptx_launch,random_forest,fdtd2d::step3,1640,26,1.0192636931315064,0.2605222549755126,10.020086729827408,71
energy_ratio,ptx_launch,random_forest,gemm::gemmkernel,1641,25,0.9573948499746621,0.3225007348228246,12.900029392912984,71
energy_ratio,ptx_launch,random_forest,gemver::gemverkernel1,1640,26,1.031751412898302,0.25686356402002275,9.879367846923952,71
energy_ratio,ptx_launch,random_forest,gemver::gemverkernel2,1640,26,1.0119546430651098,0.266499879071489,10.249995348903422,71
energy_ratio,ptx_launch,random_forest,gemver::gemverkernel3,1640,26,1.0864101259503514,0.2705847828183323,10.40710703147432,71
energy_ratio,ptx_launch,random_forest,gesummv::gesummvkernel,1640,26,0.9916756320744753,0.26117867906577885,10.045333810222264,71
energy_ratio,ptx_launch,random_forest,gramschmidt::kernel1,1641,25,1.0298442761413753,0.2681092240381986,10.724368961527944,71
energy_ratio,ptx_launch,random_forest,gramschmidt::kernel2,1641,25,0.9801346741151065,0.2535307561047375,10.1412302441895,71
energy_ratio,ptx_launch,random_forest,gramschmidt::kernel3,1641,25,1.008264470845461,0.30054970108903944,12.021988043561578,71
energy_ratio,ptx_launch,random_forest,hotspot3d::hotspotopt1,1640,26,1.1018913160078228,0.27014590217731893,10.39022700681996,71
energy_ratio,ptx_launch,random_forest,hotspot::calculatetemp,1640,26,1.1134619559161365,0.26566614490002394,10.217928650000921,71
energy_ratio,ptx_launch,random_forest,jacobi1d::kernel1,1641,25,1.000954029848799,0.2539654211141169,10.158616844564676,71
energy_ratio,ptx_launch,random_forest,jacobi1d::kernel2,1641,25,1.0253027321305126,0.2635527770034969,10.542111080139875,71
energy_ratio,ptx_launch,random_forest,jacobi2d::kernel1,1640,26,1.0199863750021905,0.2722403609659523,10.470783114075086,71
energy_ratio,ptx_launch,random_forest,jacobi2d::kernel2,1640,26,1.0045658890157938,0.27848695684224367,10.711036801624756,71
energy_ratio,ptx_launch,random_forest,kmeans::kmeanspoint,1641,25,0.9564812669996172,0.25955439591780305,10.382175836712122,71
energy_ratio,ptx_launch,random_forest,lavamd::kernelgpucuda,1641,25,1.0040266860742122,0.27986690890975296,11.194676356390119,71
energy_ratio,ptx_launch,random_forest,mvt::kernel1,1640,26,0.9420276498422027,0.26391762611456215,10.15067792748316,71
energy_ratio,ptx_launch,random_forest,mvt::kernel2,1640,26,1.0788610531017184,0.2736308020539582,10.524261617459931,71
energy_ratio,ptx_launch,random_forest,myocyte::solver2,1640,26,0.9423708890099078,0.2613587900996208,10.052261157677723,71
energy_ratio,ptx_launch,random_forest,nn::euclid,1640,26,0.9760648179799318,0.2555179561022669,9.827613696241034,71
energy_ratio,ptx_launch,random_forest,nw::shared1,1641,25,1.0034212130121887,0.24812662112526596,9.925064845010638,71
energy_ratio,ptx_launch,random_forest,nw::shared2,1641,25,1.0187177490442991,0.2619348361622542,10.477393446490169,71
energy_ratio,ptx_launch,random_forest,particlefilter::findindex,1640,26,1.1061527610290796,0.25267793890088797,9.718382265418768,71
energy_ratio,ptx_launch,random_forest,particlefilter::likelihood,1641,25,0.9839339999016374,0.2663441870827228,10.653767483308911,68
energy_ratio,ptx_launch,random_forest,particlefilter::normalizeweights,1641,25,0.9007366539444774,0.26683026901446283,10.673210760578513,71
energy_ratio,ptx_launch,random_forest,particlefilter::sum,1641,25,1.0272156570572406,0.2557610999792814,10.230443999171257,71
energy_ratio,ptx_launch,random_forest,pathfinder::dynproc,1640,26,0.9967928619589657,0.30845819413661957,11.86377669756229,71
energy_ratio,ptx_launch,random_forest,preeuler3d::computeflux,1640,26,1.0023738890886307,0.2663409081287682,10.243881081875701,71
energy_ratio,ptx_launch,random_forest,preeuler3d::computefluxcontributions,1641,25,0.9744262089952826,0.26408047298900783,10.563218919560313,71
energy_ratio,ptx_launch,random_forest,preeuler3d::computestepfactor,1640,26,1.058416462969035,0.31243508704937994,12.016734117283843,71
energy_ratio,ptx_launch,random_forest,preeuler3d::timestep,1640,26,0.94145892187953,0.2705901712179184,10.407314277612247,71
energy_ratio,ptx_launch,random_forest,sradv1::compress,1640,26,1.0220730118453503,0.25882552401162684,9.954827846601031,71
energy_ratio,ptx_launch,random_forest,sradv1::extract,1640,26,1.0704008331522346,0.2573582062032074,9.898392546277206,71
energy_ratio,ptx_launch,random_forest,sradv1::prepare,1641,25,0.911038656020537,0.25579393887892365,10.231757555156946,71
energy_ratio,ptx_launch,random_forest,sradv1::reduce,1640,26,1.0308449659496546,0.23404328408651054,9.001664772558097,71
energy_ratio,ptx_launch,random_forest,sradv1::srad,1640,26,1.0404969928786159,0.26198952412232757,10.076520158551059,71
energy_ratio,ptx_launch,random_forest,sradv1::srad2,1640,26,0.9959448960144073,0.26919967704452574,10.353833732481759,71
energy_ratio,ptx_launch,random_forest,streamcluster::computecost,1640,26,0.963008192833513,0.26980285183526576,10.377032762894837,71
energy_ratio,ptx_launch,random_forest,syr2k::syr2kkernel,1640,26,1.0661073359660804,0.26902946503832936,10.347287116858821,71
energy_ratio,ptx_launch,random_forest,syrk::syrkkernel,1641,25,0.9624332441017032,0.2697797759901732,10.791191039606929,71
energy_ratio,ptx_launch,extra_trees,2dconv::convolution2dkernel,1640,26,0.5489996690303087,0.27702860604040325,10.654946386169355,71
energy_ratio,ptx_launch,extra_trees,2mm::mm2kernel1,1641,25,0.5933323700446635,0.2821642840281129,11.286571361124516,71
energy_ratio,ptx_launch,extra_trees,2mm::mm2kernel2,1640,26,0.5673005362041295,0.265444666845724,10.209410263297077,71
energy_ratio,ptx_launch,extra_trees,3mm::mm3kernel1,1641,25,0.5731658739969134,0.2977746329270303,11.910985317081213,71
energy_ratio,ptx_launch,extra_trees,3mm::mm3kernel2,1640,26,0.5825522521045059,0.2909076400101185,11.188755385004558,71
energy_ratio,ptx_launch,extra_trees,3mm::mm3kernel3,1640,26,0.5801233330275863,0.2626939029432833,10.103611651664743,71
energy_ratio,ptx_launch,extra_trees,atax::ataxkernel1,1640,26,0.5599776720628142,0.25533806392923,9.820694766508845,71
energy_ratio,ptx_launch,extra_trees,atax::ataxkernel2,1640,26,0.5674191419966519,0.2649050229229033,10.188654727803973,71
energy_ratio,ptx_launch,extra_trees,bicg::bicgkernel1,1640,26,0.5858063399791718,0.2887770819943398,11.106810845936147,71
energy_ratio,ptx_launch,extra_trees,bicg::bicgkernel2,1641,25,0.5634672918822616,0.2888734149746597,11.554936598986387,71
energy_ratio,ptx_launch,extra_trees,correlation::corrkernel,1641,25,0.5641755280084908,0.2665883149020374,10.663532596081495,71
energy_ratio,ptx_launch,extra_trees,correlation::meankernel,1640,26,0.5761581270489842,0.2798056318424642,10.761755070864009,71
energy_ratio,ptx_launch,extra_trees,correlation::reducekernel,1640,26,0.5466943741776049,0.2654435960575938,10.209369079138224,71
energy_ratio,ptx_launch,extra_trees,correlation::stdkernel,1640,26,0.5536907110363245,0.2801937179174274,10.776681458362592,71
energy_ratio,ptx_launch,extra_trees,covariance::covarkernel,1641,25,0.5915042969863862,0.2939417050220072,11.757668200880289,71
energy_ratio,ptx_launch,extra_trees,covariance::meankernel,1641,25,0.5786808819975704,0.287071892991662,11.482875719666481,71
energy_ratio,ptx_launch,extra_trees,covariance::reducekernel,1640,26,0.581976727116853,0.2845035968348384,10.942446032109169,71
energy_ratio,ptx_launch,extra_trees,doitgen::kernel1,1641,25,0.5552753610536456,0.27248133393004537,10.899253357201815,71
energy_ratio,ptx_launch,extra_trees,doitgen::kernel2,1640,26,0.578160080127418,0.35039381706155837,13.476685271598399,71
energy_ratio,ptx_launch,extra_trees,euler3d::computeflux,1640,26,0.5752698630094528,0.2867538610007614,11.028994653875438,71
energy_ratio,ptx_launch,extra_trees,euler3d::computestepfactor,1641,25,0.572080384939909,0.27852219296619296,11.140887718647718,71
energy_ratio,ptx_launch,extra_trees,euler3d::timestep,1640,26,0.5604523660149425,0.3359983218833804,12.923012380130015,71
energy_ratio,ptx_launch,extra_trees,fdtd2d::step1,1640,26,0.5712925510015339,0.2593808409292251,9.97618618958558,71
energy_ratio,ptx_launch,extra_trees,fdtd2d::step2,1640,26,0.5661914269439876,0.27561131003312767,10.60043500127414,71
energy_ratio,ptx_launch,extra_trees,fdtd2d::step3,1640,26,0.5679061249829829,0.32360618305392563,12.446391655920216,71
energy_ratio,ptx_launch,extra_trees,gemm::gemmkernel,1641,25,0.5745199581142515,0.28514157980680466,11.405663192272186,71
energy_ratio,ptx_launch,extra_trees,gemver::gemverkernel1,1640,26,0.575867366977036,0.2826970210298896,10.872962347303446,71
energy_ratio,ptx_launch,extra_trees,gemver::gemverkernel2,1640,26,0.6576032571028918,0.30088404403068125,11.572463231949278,71
energy_ratio,ptx_launch,extra_trees,gemver::gemverkernel3,1640,26,0.560400151880458,0.27356007299385965,10.521541268994602,71
energy_ratio,ptx_launch,extra_trees,gesummv::gesummvkernel,1640,26,0.5552909078542143,0.276041290955618,10.616972729062232,71
energy_ratio,ptx_launch,extra_trees,gramschmidt::kernel1,1641,25,0.6544104709755629,0.2646105920430273,10.584423681721091,71
energy_ratio,ptx_launch,extra_trees,gramschmidt::kernel2,1641,25,0.5672304749023169,0.27387511590495706,10.955004636198282,71
energy_ratio,ptx_launch,extra_trees,gramschmidt::kernel3,1641,25,0.5744852828793228,0.2789538709912449,11.158154839649796,71
energy_ratio,ptx_launch,extra_trees,hotspot3d::hotspotopt1,1640,26,0.6264527200255543,0.25489947688765824,9.803826034140702,71
energy_ratio,ptx_launch,extra_trees,hotspot::calculatetemp,1640,26,0.5650554168969393,0.2696401299908757,10.370774230418297,71
energy_ratio,ptx_launch,extra_trees,jacobi1d::kernel1,1641,25,0.5478189790155739,0.26437698397785425,10.57507935911417,71
energy_ratio,ptx_launch,extra_trees,jacobi1d::kernel2,1641,25,0.6302812548819929,0.27765436191111803,11.106174476444721,71
energy_ratio,ptx_launch,extra_trees,jacobi2d::kernel1,1640,26,0.5580663068685681,0.2659228758420795,10.227802917003057,71
energy_ratio,ptx_launch,extra_trees,jacobi2d::kernel2,1640,26,0.5612037139944732,0.2714331760071218,10.439737538735454,71
energy_ratio,ptx_launch,extra_trees,kmeans::kmeanspoint,1641,25,0.5963603830896318,0.3010112401098013,12.040449604392052,71
energy_ratio,ptx_launch,extra_trees,lavamd::kernelgpucuda,1641,25,0.5699315131641924,0.2514438189100474,10.057752756401896,71
energy_ratio,ptx_launch,extra_trees,mvt::kernel1,1640,26,0.5567973160650581,0.2799053560011089,10.765590615427264,71
energy_ratio,ptx_launch,extra_trees,mvt::kernel2,1640,26,0.6082819269504398,0.3054324178956449,11.747400688294034,71
energy_ratio,ptx_launch,extra_trees,myocyte::solver2,1640,26,0.5647674270439893,0.2733145218808204,10.512096995416169,71
energy_ratio,ptx_launch,extra_trees,nn::euclid,1640,26,0.5639182291924953,0.2737654009833932,10.529438499361277,71
energy_ratio,ptx_launch,extra_trees,nw::shared1,1641,25,0.6043823838699609,0.25760099990293384,10.304039996117353,71
energy_ratio,ptx_launch,extra_trees,nw::shared2,1641,25,0.5596825340762734,0.26260934700258076,10.50437388010323,71
energy_ratio,ptx_launch,extra_trees,particlefilter::findindex,1640,26,0.5946401599794626,0.27388199605047703,10.533922925018349,71
energy_ratio,ptx_launch,extra_trees,particlefilter::likelihood,1641,25,0.5554637771565467,0.28005753993056715,11.202301597222686,68
energy_ratio,ptx_launch,extra_trees,particlefilter::normalizeweights,1641,25,0.569198481971398,0.28051897999830544,11.220759199932218,71
energy_ratio,ptx_launch,extra_trees,particlefilter::sum,1641,25,0.5554257000330836,0.2714669341221452,10.858677364885807,71
energy_ratio,ptx_launch,extra_trees,pathfinder::dynproc,1640,26,0.5555396280251443,0.2673459588550031,10.282536879038581,71
energy_ratio,ptx_launch,extra_trees,preeuler3d::computeflux,1640,26,0.591837887885049,0.2588952649384737,9.957510189941296,71
energy_ratio,ptx_launch,extra_trees,preeuler3d::computefluxcontributions,1641,25,0.5778959069866687,0.259801825042814,10.39207300171256,71
energy_ratio,ptx_launch,extra_trees,preeuler3d::computestepfactor,1640,26,0.5500697200186551,0.24414130998775363,9.39005038414437,71
energy_ratio,ptx_launch,extra_trees,preeuler3d::timestep,1640,26,0.5662441169843078,0.2791552939452231,10.736742074816274,71
energy_ratio,ptx_launch,extra_trees,sradv1::compress,1640,26,0.5772214410826564,0.26506520598195493,10.194815614690574,71
energy_ratio,ptx_launch,extra_trees,sradv1::extract,1640,26,0.5831683040596545,0.24543470004573464,9.439796155605178,71
energy_ratio,ptx_launch,extra_trees,sradv1::prepare,1641,25,0.5840514600276947,0.26238621585071087,10.495448634028435,71
energy_ratio,ptx_launch,extra_trees,sradv1::reduce,1640,26,0.5624659699387848,0.2519402669277042,9.690010266450162,71
energy_ratio,ptx_launch,extra_trees,sradv1::srad,1640,26,0.5836478860583156,0.2655479349195957,10.213382112292143,71
energy_ratio,ptx_launch,extra_trees,sradv1::srad2,1640,26,0.5563149789813906,0.29245553095825016,11.248289652240391,71
energy_ratio,ptx_launch,extra_trees,streamcluster::computecost,1640,26,0.5622814730741084,0.2821943808812648,10.853630033894799,71
energy_ratio,ptx_launch,extra_trees,syr2k::syr2kkernel,1640,26,0.5552081621717662,0.29048979305662215,11.172684348331622,71
energy_ratio,ptx_launch,extra_trees,syrk::syrkkernel,1641,25,0.5875192740932107,0.2541606230661273,10.166424922645092,71
energy_ratio,ptx_launch,xgboost,2dconv::convolution2dkernel,1640,26,0.9699322348460555,0.010930539108812809,0.4204053503389542,71
energy_ratio,ptx_launch,xgboost,2mm::mm2kernel1,1641,25,1.3297937070019543,0.004713810048997402,0.1885524019598961,71
energy_ratio,ptx_launch,xgboost,2mm::mm2kernel2,1640,26,0.8891032610554248,0.004590783966705203,0.17656861410404628,71
energy_ratio,ptx_launch,xgboost,3mm::mm3kernel1,1641,25,1.320689348038286,0.00467314594425261,0.1869258377701044,71
energy_ratio,ptx_launch,xgboost,3mm::mm3kernel2,1640,26,0.8911966290324926,0.004645744105800986,0.17868246560773024,71
energy_ratio,ptx_launch,xgboost,3mm::mm3kernel3,1640,26,1.264788863947615,0.004731114953756332,0.18196595975985894,71
energy_ratio,ptx_launch,xgboost,atax::ataxkernel1,1640,26,0.8724167770706117,0.004698876058682799,0.18072600225703075,71
energy_ratio,ptx_launch,xgboost,atax::ataxkernel2,1640,26,1.3167506088502705,0.004698385018855333,0.18070711610982051,71
energy_ratio,ptx_launch,xgboost,bicg::bicgkernel1,1640,26,0.9355470188893378,0.004586737137287855,0.17641296681876367,71
energy_ratio,ptx_launch,xgboost,bicg::bicgkernel2,1641,25,1.2668900529388338,0.004976366879418492,0.1990546751767397,71
energy_ratio,ptx_launch,xgboost,correlation::corrkernel,1641,25,0.8844982648734003,0.004731005057692528,0.1892402023077011,71
energy_ratio,ptx_launch,xgboost,correlation::meankernel,1640,26,1.2578765489161015,0.005919456947594881,0.22767142106134158,71
energy_ratio,ptx_launch,xgboost,correlation::reducekernel,1640,26,0.8675752920098603,0.004623188870027661,0.17781495653952545,71
energy_ratio,ptx_launch,xgboost,correlation::stdkernel,1640,26,1.064265769906342,0.021054212003946304,0.8097773847671655,71
energy_ratio,ptx_launch,xgboost,covariance::covarkernel,1641,25,1.0284100989811122,0.004651693161576986,0.18606772646307945,71
energy_ratio,ptx_launch,xgboost,covariance::meankernel,1641,25,1.2293377700261772,0.021252046106383204,0.8500818442553282,71
energy_ratio,ptx_launch,xgboost,covariance::reducekernel,1640,26,0.9074661529157311,0.00474157091230154,0.1823681120115977,71
energy_ratio,ptx_launch,xgboost,doitgen::kernel1,1641,25,0.889228924876079,0.004734145011752844,0.18936580047011375,71
energy_ratio,ptx_launch,xgboost,doitgen::kernel2,1640,26,1.15409517288208,0.004692864138633013,0.18049477456280819,71
energy_ratio,ptx_launch,xgboost,euler3d::computeflux,1640,26,1.701841325033456,0.004646521061658859,0.17871234852534074,71
energy_ratio,ptx_launch,xgboost,euler3d::computestepfactor,1641,25,0.8714898389298469,0.004665014101192355,0.1866005640476942,71
energy_ratio,ptx_launch,xgboost,euler3d::timestep,1640,26,1.2601581271737814,0.004721065983176231,0.1815794608913935,71
energy_ratio,ptx_launch,xgboost,fdtd2d::step1,1640,26,0.8817012349609286,0.0046958408784121275,0.1806092645543126,71
energy_ratio,ptx_launch,xgboost,fdtd2d::step2,1640,26,2.0033298342023045,0.004731440916657448,0.18197849679451722,71
energy_ratio,ptx_launch,xgboost,fdtd2d::step3,1640,26,1.8458191859535873,0.004911261843517423,0.18889468628913164,71
energy_ratio,ptx_launch,xgboost,gemm::gemmkernel,1641,25,1.0206278609111905,0.0046949321404099464,0.18779728561639786,71
energy_ratio,ptx_launch,xgboost,gemver::gemverkernel1,1640,26,2.2944981548935175,0.014036497101187706,0.5398652731226041,71
energy_ratio,ptx_launch,xgboost,gemver::gemverkernel2,1640,26,2.3362818139139563,0.004741810029372573,0.18237730882202202,71
energy_ratio,ptx_launch,xgboost,gemver::gemverkernel3,1640,26,1.327000433113426,0.004700663965195417,0.18079476789213145,71
energy_ratio,ptx_launch,xgboost,gesummv::gesummvkernel,1640,26,0.878389960853383,0.004687995184212923,0.18030750708511242,71
energy_ratio,ptx_launch,xgboost,gramschmidt::kernel1,1641,25,1.2714771579485387,0.006112044211477041,0.24448176845908165,71
energy_ratio,ptx_launch,xgboost,gramschmidt::kernel2,1641,25,0.8988362869713455,0.00476778787560761,0.1907115150243044,71
energy_ratio,ptx_launch,xgboost,gramschmidt::kernel3,1641,25,1.2689347758423537,0.004752013832330704,0.19008055329322815,71
energy_ratio,ptx_launch,xgboost,hotspot3d::hotspotopt1,1640,26,0.8943178670015186,0.00467766379006207,0.17991014577161807,71
energy_ratio,ptx_launch,xgboost,hotspot::calculatetemp,1640,26,1.516694125952199,0.005421238951385021,0.20850919043788543,71
energy_ratio,ptx_launch,xgboost,jacobi1d::kernel1,1641,25,2.6418787508737296,0.02183453692123294,0.8733814768493176,71
energy_ratio,ptx_launch,xgboost,jacobi1d::kernel2,1641,25,1.8624440389685333,0.004673440009355545,0.1869376003742218,71
energy_ratio,ptx_launch,xgboost,jacobi2d::kernel1,1640,26,2.342456721002236,0.0047195830848068,0.18152242633872306,71
energy_ratio,ptx_launch,xgboost,jacobi2d::kernel2,1640,26,1.0712003430817276,0.008575006853789091,0.32980795591496503,71
energy_ratio,ptx_launch,xgboost,kmeans::kmeanspoint,1641,25,1.9441611368674785,0.004658514866605401,0.18634059466421604,71
energy_ratio,ptx_launch,xgboost,lavamd::kernelgpucuda,1641,25,1.8331474650185555,0.022093690931797028,0.8837476372718811,71
energy_ratio,ptx_launch,xgboost,mvt::kernel1,1640,26,0.899823660030961,0.004755859030410647,0.18291765501579413,71
energy_ratio,ptx_launch,xgboost,mvt::kernel2,1640,26,1.3004814819432795,0.004709654022008181,0.18114053930800694,71
energy_ratio,ptx_launch,xgboost,myocyte::solver2,1640,26,1.9727698441129178,0.004965220112353563,0.1909700043212909,71
energy_ratio,ptx_launch,xgboost,nn::euclid,1640,26,0.9244754889514297,0.008882412919774652,0.3416312661451789,71
energy_ratio,ptx_launch,xgboost,nw::shared1,1641,25,1.3704757778905332,0.004675471223890781,0.18701884895563126,71
energy_ratio,ptx_launch,xgboost,nw::shared2,1641,25,0.8985623640473932,0.004569280194118619,0.18277120776474476,71
energy_ratio,ptx_launch,xgboost,particlefilter::findindex,1640,26,1.684669584967196,0.004647861933335662,0.17876392051291007,71
energy_ratio,ptx_launch,xgboost,particlefilter::likelihood,1641,25,2.106000828091055,0.005534437019377947,0.22137748077511787,68
energy_ratio,ptx_launch,xgboost,particlefilter::normalizeweights,1641,25,1.1042444380000234,0.006394718075171113,0.2557887230068445,71
energy_ratio,ptx_launch,xgboost,particlefilter::sum,1641,25,1.4181259130127728,0.004908411065116525,0.196336442604661,71
energy_ratio,ptx_launch,xgboost,pathfinder::dynproc,1640,26,1.4944522208534181,0.004673406016081572,0.1797463852339066,71
energy_ratio,ptx_launch,xgboost,preeuler3d::computeflux,1640,26,0.9940232529770583,0.004661232000216842,0.17927815385449392,71
energy_ratio,ptx_launch,xgboost,preeuler3d::computefluxcontributions,1641,25,1.4194137728773057,0.0046182789374142885,0.18473115749657154,71
energy_ratio,ptx_launch,xgboost,preeuler3d::computestepfactor,1640,26,0.9265022650361061,0.004862128058448434,0.18700492532493979,71
energy_ratio,ptx_launch,xgboost,preeuler3d::timestep,1640,26,1.2947800981346518,0.004659035941585898,0.1791936900609961,71
energy_ratio,ptx_launch,xgboost,sradv1::compress,1640,26,0.8866935931146145,0.004626478999853134,0.17794149999435133,71
energy_ratio,ptx_launch,xgboost,sradv1::extract,1640,26,3.667475404916331,0.021133360918611288,0.8128215737927419,71
energy_ratio,ptx_launch,xgboost,sradv1::prepare,1641,25,1.381703096209094,0.0151162080001086,0.604648320004344,71
energy_ratio,ptx_launch,xgboost,sradv1::reduce,1640,26,1.2425823621451855,0.0047782601322978735,0.18377923585761052,71
energy_ratio,ptx_launch,xgboost,sradv1::srad,1640,26,4.350064207101241,0.015276191057637334,0.5875458099091282,71
energy_ratio,ptx_launch,xgboost,sradv1::srad2,1640,26,0.893206664128229,0.004677359946072102,0.1798984594643116,71
energy_ratio,ptx_launch,xgboost,streamcluster::computecost,1640,26,1.2711479580029845,0.004713971866294742,0.18130661024210543,71
energy_ratio,ptx_launch,xgboost,syr2k::syr2kkernel,1640,26,0.8821599029470235,0.004553731065243483,0.17514350250936472,71
energy_ratio,ptx_launch,xgboost,syrk::syrkkernel,1641,25,1.2740339690353721,0.004472356988117099,0.17889427952468395,71
energy_ratio,ptx_runtime,random_forest,2dconv::convolution2dkernel,1640,26,1.2647291959729046,0.26897509302943945,10.345195885747671,214
energy_ratio,ptx_runtime,random_forest,2mm::mm2kernel1,1641,25,1.2899712261278182,0.24502234417013824,9.80089376680553,214
energy_ratio,ptx_runtime,random_forest,2mm::mm2kernel2,1640,26,1.2718461998738348,0.26267325202934444,10.102817385744016,214
energy_ratio,ptx_runtime,random_forest,3mm::mm3kernel1,1641,25,1.2572466798592359,0.2929200939834118,11.716803759336472,214
energy_ratio,ptx_runtime,random_forest,3mm::mm3kernel2,1640,26,1.27436542394571,0.2651360670570284,10.197541040654938,214
energy_ratio,ptx_runtime,random_forest,3mm::mm3kernel3,1640,26,1.2730307960882783,0.2884838741738349,11.095533622070572,214
energy_ratio,ptx_runtime,random_forest,atax::ataxkernel1,1640,26,1.2642858291510493,0.2667309530079365,10.258882807997557,214
energy_ratio,ptx_runtime,random_forest,atax::ataxkernel2,1640,26,1.2611977269407362,0.2536066418979317,9.75410161145891,214
energy_ratio,ptx_runtime,random_forest,bicg::bicgkernel1,1640,26,1.2556114660110325,0.3036004661116749,11.67694100429519,214
energy_ratio,ptx_runtime,random_forest,bicg::bicgkernel2,1641,25,1.2520780919585377,0.2556491179857403,10.225964719429612,214
energy_ratio,ptx_runtime,random_forest,correlation::corrkernel,1641,25,1.283997663995251,0.2627407389227301,10.509629556909204,214
energy_ratio,ptx_runtime,random_forest,correlation::meankernel,1640,26,1.26461369311437,0.27800080203451216,10.69233853978893,214
energy_ratio,ptx_runtime,random_forest,correlation::reducekernel,1640,26,1.2762722379993647,0.25918265990912914,9.968563842658813,214
energy_ratio,ptx_runtime,random_forest,correlation::stdkernel,1640,26,1.30910166609101,0.3147705898154527,12.10656114674818,214
energy_ratio,ptx_runtime,random_forest,covariance::covarkernel,1641,25,1.286153940949589,0.2513941968791187,10.055767875164747,214
energy_ratio,ptx_runtime,random_forest,covariance::meankernel,1641,25,1.295871590031311,0.25282710907049477,10.11308436281979,214
energy_ratio,ptx_runtime,random_forest,covariance::reducekernel,1640,26,1.2760759990196675,0.2567831289488822,9.876274190341624,214
energy_ratio,ptx_runtime,random_forest,doitgen::kernel1,1641,25,1.2687877949792892,0.27554232091642916,11.021692836657166,214
energy_ratio,ptx_runtime,random_forest,doitgen::kernel2,1640,26,1.2661097371019423,0.3223211320582777,12.396966617626067,214
energy_ratio,ptx_runtime,random_forest,euler3d::computeflux,1640,26,1.2835252950899303,0.25507327006198466,9.81051038699941,214
energy_ratio,ptx_runtime,random_forest,euler3d::computestepfactor,1641,25,1.2664691240061074,0.2540903710760176,10.163614843040705,214
energy_ratio,ptx_runtime,random_forest,euler3d::timestep,1640,26,1.2650643999222666,0.25577720208093524,9.837584695420585,214
energy_ratio,ptx_runtime,random_forest,fdtd2d::step1,1640,26,1.2692412871401757,0.25739116314798594,9.899660121076383,214
energy_ratio,ptx_runtime,random_forest,fdtd2d::step2,1640,26,1.3501797940116376,0.27795291505753994,10.690496732982306,214
energy_ratio,ptx_runtime,random_forest,fdtd2d::step3,1640,26,1.2795720789581537,0.2764423368498683,10.63239757114878,214
energy_ratio,ptx_runtime,random_forest,gemm::gemmkernel,1641,25,1.27119548805058,0.27293320186436176,10.91732807457447,214
energy_ratio,ptx_runtime,random_forest,gemver::gemverkernel1,1640,26,1.266919419169426,0.25188503018580377,9.687885776377069,214
energy_ratio,ptx_runtime,random_forest,gemver::gemverkernel2,1640,26,1.255752467084676,0.2639716509729624,10.152755806652399,214
energy_ratio,ptx_runtime,random_forest,gemver::gemverkernel3,1640,26,1.36233564093709,0.2706916378811002,10.411216841580776,214
energy_ratio,ptx_runtime,random_forest,gesummv::gesummvkernel,1640,26,1.2847197758965194,0.26050613704137504,10.019466809283655,214
energy_ratio,ptx_runtime,random_forest,gramschmidt::kernel1,1641,25,1.2544951478485018,0.2668799648527056,10.675198594108224,214
energy_ratio,ptx_runtime,random_forest,gramschmidt::kernel2,1641,25,1.266157753067091,0.2628025577869266,10.512102311477065,214
energy_ratio,ptx_runtime,random_forest,gramschmidt::kernel3,1641,25,1.2728672961238772,0.27106274385005236,10.842509754002094,214
energy_ratio,ptx_runtime,random_forest,hotspot3d::hotspotopt1,1640,26,1.3219152661040425,0.2385540441609919,9.175155544653535,214
energy_ratio,ptx_runtime,random_forest,hotspot::calculatetemp,1640,26,1.2688750950619578,0.25187492184340954,9.68749699397729,214
energy_ratio,ptx_runtime,random_forest,jacobi1d::kernel1,1641,25,1.2565408318769187,0.2664563811849803,10.658255247399211,214
energy_ratio,ptx_runtime,random_forest,jacobi1d::kernel2,1641,25,1.2746247278992087,0.285028160084039,11.401126403361559,214
energy_ratio,ptx_runtime,random_forest,jacobi2d::kernel1,1640,26,1.2820229190401733,0.27051604096777737,10.404463114145283,214
energy_ratio,ptx_runtime,random_forest,jacobi2d::kernel2,1640,26,1.3343674258794636,0.2587790929246694,9.953042035564206,214
energy_ratio,ptx_runtime,random_forest,kmeans::kmeanspoint,1641,25,1.265691997949034,0.26372496993280947,10.548998797312379,214
energy_ratio,ptx_runtime,random_forest,lavamd::kernelgpucuda,1641,25,1.3122414550743997,0.2656170369591564,10.624681478366256,214
energy_ratio,ptx_runtime,random_forest,mvt::kernel1,1640,26,1.2854977450333536,0.2633341259788722,10.128235614572008,214
energy_ratio,ptx_runtime,random_forest,mvt::kernel2,1640,26,1.2658417341299355,0.2625214518047869,10.096978915568728,214
energy_ratio,ptx_runtime,random_forest,myocyte::solver2,1640,26,1.33210245706141,0.2711802050471306,10.430007886428099,214
energy_ratio,ptx_runtime,random_forest,nn::euclid,1640,26,1.2738167368806899,0.2724487839732319,10.478799383585843,214
energy_ratio,ptx_runtime,random_forest,nw::shared1,1641,25,1.2688398719765246,0.2514269931707531,10.057079726830125,214
energy_ratio,ptx_runtime,random_forest,nw::shared2,1641,25,1.265081528108567,0.25014637294225395,10.005854917690158,214
energy_ratio,ptx_runtime,random_forest,particlefilter::findindex,1640,26,1.2678320261184126,0.2572518999222666,9.8943038431641,214
energy_ratio,ptx_runtime,random_forest,particlefilter::likelihood,1641,25,1.3150616390630603,0.25985632091760635,10.394252836704254,211
energy_ratio,ptx_runtime,random_forest,particlefilter::normalizeweights,1641,25,1.2788534339051694,0.27568306494504213,11.027322597801685,214
energy_ratio,ptx_runtime,random_forest,particlefilter::sum,1641,25,1.270967597141862,0.2844029872212559,11.376119488850236,214
energy_ratio,ptx_runtime,random_forest,pathfinder::dynproc,1640,26,1.267710390035063,0.26586455991491675,10.225559996727567,214
energy_ratio,ptx_runtime,random_forest,preeuler3d::computeflux,1640,26,1.2634906938765198,0.27209695614874363,10.465267544182447,214
energy_ratio,ptx_runtime,random_forest,preeuler3d::computefluxcontributions,1641,25,1.315155962947756,0.26374163408763707,10.549665363505483,214
energy_ratio,ptx_runtime,random_forest,preeuler3d::computestepfactor,1640,26,1.2738187541253865,0.2549619530327618,9.806228962798532,214
energy_ratio,ptx_runtime,random_forest,preeuler3d::timestep,1640,26,1.2578701600432396,0.2518437961116433,9.68629985044782,214
energy_ratio,ptx_runtime,random_forest,sradv1::compress,1640,26,1.2709304748568684,0.2890267597977072,11.116413838373354,214
energy_ratio,ptx_runtime,random_forest,sradv1::extract,1640,26,1.2793412350583822,0.28094092500396073,10.805420192460028,214
energy_ratio,ptx_runtime,random_forest,sradv1::prepare,1641,25,1.2665686369873583,0.255283250939101,10.21133003756404,214
energy_ratio,ptx_runtime,random_forest,sradv1::reduce,1640,26,1.2499205588828772,0.2819023630581796,10.842398579160754,214
energy_ratio,ptx_runtime,random_forest,sradv1::srad,1640,26,1.2783296359702945,0.2696834527887404,10.372440491874631,214
energy_ratio,ptx_runtime,random_forest,sradv1::srad2,1640,26,1.3011680848430842,0.2512400879058987,9.663080304073027,214
energy_ratio,ptx_runtime,random_forest,streamcluster::computecost,1640,26,1.2726304039824754,0.2959153428673744,11.381359341052862,214
energy_ratio,ptx_runtime,random_forest,syr2k::syr2kkernel,1640,26,1.274218336911872,0.27793869096785784,10.689949652609917,214
energy_ratio,ptx_runtime,random_forest,syrk::syrkkernel,1641,25,1.2769026039168239,0.2534225501585752,10.136902006343007,214
energy_ratio,ptx_runtime,extra_trees,2dconv::convolution2dkernel,1640,26,0.7882726769894361,0.346188860014081,13.314956154387732,214
energy_ratio,ptx_runtime,extra_trees,2mm::mm2kernel1,1641,25,0.7827639959286898,0.25470591499470174,10.18823659978807,214
energy_ratio,ptx_runtime,extra_trees,2mm::mm2kernel2,1640,26,0.7807165449485183,0.2709729829803109,10.422037806935034,214
energy_ratio,ptx_runtime,extra_trees,3mm::mm3kernel1,1641,25,0.7880254900082946,0.2630703169852495,10.52281267940998,214
energy_ratio,ptx_runtime,extra_trees,3mm::mm3kernel2,1640,26,0.7677779670339078,0.2595348341856152,9.982109007139046,214
energy_ratio,ptx_runtime,extra_trees,3mm::mm3kernel3,1640,26,0.7808184979949147,0.33023669687099755,12.70141141811529,214
energy_ratio,ptx_runtime,extra_trees,atax::ataxkernel1,1640,26,0.7919813820626587,0.2635071580298245,10.134890693454789,214
energy_ratio,ptx_runtime,extra_trees,atax::ataxkernel2,1640,26,0.7823839820921421,0.2741524970624596,10.5443268100946,214
energy_ratio,ptx_runtime,extra_trees,bicg::bicgkernel1,1640,26,0.7780721019953489,0.272323579993099,10.473983845888423,214
energy_ratio,ptx_runtime,extra_trees,bicg::bicgkernel2,1641,25,0.7756549089681357,0.2811512751504779,11.246051006019115,214
energy_ratio,ptx_runtime,extra_trees,correlation::corrkernel,1641,25,0.7671852421481162,0.33155816211365163,13.262326484546065,214
energy_ratio,ptx_runtime,extra_trees,correlation::meankernel,1640,26,0.7948888870887458,0.2662537069991231,10.240527192273966,214
energy_ratio,ptx_runtime,extra_trees,correlation::reducekernel,1640,26,0.7760063831228763,0.24338941206224263,9.361131233163178,214
energy_ratio,ptx_runtime,extra_trees,correlation::stdkernel,1640,26,0.7738355291076005,0.3224435350857675,12.401674426375674,214
energy_ratio,ptx_runtime,extra_trees,covariance::covarkernel,1641,25,0.8412569030188024,0.28019589208997786,11.207835683599114,214
energy_ratio,ptx_runtime,extra_trees,covariance::meankernel,1641,25,0.7916983240284026,0.31657818681560457,12.663127472624183,214
energy_ratio,ptx_runtime,extra_trees,covariance::reducekernel,1640,26,0.7808272270485759,0.26519241905771196,10.199708425296613,214
energy_ratio,ptx_runtime,extra_trees,doitgen::kernel1,1641,25,0.7722006170079112,0.2562422058545053,10.249688234180212,214
energy_ratio,ptx_runtime,extra_trees,doitgen::kernel2,1640,26,0.7761735101230443,0.25459653115831316,9.792174275319736,214
energy_ratio,ptx_runtime,extra_trees,euler3d::computeflux,1640,26,0.7949774239677936,0.2893986639101058,11.130717842696377,214
energy_ratio,ptx_runtime,extra_trees,euler3d::computestepfactor,1641,25,0.7819038790185004,0.32778688706457615,13.111475482583046,214
energy_ratio,ptx_runtime,extra_trees,euler3d::timestep,1640,26,0.78554215002805,0.26738758105784655,10.284137732994099,214
energy_ratio,ptx_runtime,extra_trees,fdtd2d::step1,1640,26,0.7951667921151966,0.2635245961137116,10.135561388988908,214
energy_ratio,ptx_runtime,extra_trees,fdtd2d::step2,1640,26,0.7765402600634843,0.27170403907075524,10.450155348875203,214
energy_ratio,ptx_runtime,extra_trees,fdtd2d::step3,1640,26,0.7869091311004013,0.29153652489185333,11.212943265071281,214
energy_ratio,ptx_runtime,extra_trees,gemm::gemmkernel,1641,25,0.7786455159075558,0.3144883238710463,12.579532954841852,214
energy_ratio,ptx_runtime,extra_trees,gemver::gemverkernel1,1640,26,0.7941399591509253,0.26838192506693304,10.32238173334358,214
energy_ratio,ptx_runtime,extra_trees,gemver::gemverkernel2,1640,26,0.778520209947601,0.27042658091522753,10.401022342893366,214
energy_ratio,ptx_runtime,extra_trees,gemver::gemverkernel3,1640,26,0.7890705121681094,0.26580638997256756,10.223322691252598,214
energy_ratio,ptx_runtime,extra_trees,gesummv::gesummvkernel,1640,26,0.776057505980134,0.2859564130194485,10.998323577671098,214
energy_ratio,ptx_runtime,extra_trees,gramschmidt::kernel1,1641,25,0.7834123279899359,0.3121554320678115,12.48621728271246,214
energy_ratio,ptx_runtime,extra_trees,gramschmidt::kernel2,1641,25,0.7780127059668303,0.26855452614836395,10.742181045934558,214
energy_ratio,ptx_runtime,extra_trees,gramschmidt::kernel3,1641,25,0.7811390210408717,0.2837658589705825,11.3506343588233,214
energy_ratio,ptx_runtime,extra_trees,hotspot3d::hotspotopt1,1640,26,0.7926982450298965,0.2614144349936396,10.054401345909216,214
energy_ratio,ptx_runtime,extra_trees,hotspot::calculatetemp,1640,26,0.7967119128443301,0.2736463421024382,10.524859311632238,214
energy_ratio,ptx_runtime,extra_trees,jacobi1d::kernel1,1641,25,0.7854516690131277,0.3049418299924582,12.197673199698329,214
energy_ratio,ptx_runtime,extra_trees,jacobi1d::kernel2,1641,25,0.8212620369158685,0.2696340491529554,10.785361966118217,214
energy_ratio,ptx_runtime,extra_trees,jacobi2d::kernel1,1640,26,0.7844756171107292,0.269651633920148,10.371216689236462,214
energy_ratio,ptx_runtime,extra_trees,jacobi2d::kernel2,1640,26,0.7822915939614177,0.2546428709756583,9.793956575986858,214
energy_ratio,ptx_runtime,extra_trees,kmeans::kmeanspoint,1641,25,0.7761359731666744,0.27108901808969676,10.84356072358787,214
energy_ratio,ptx_runtime,extra_trees,lavamd::kernelgpucuda,1641,25,0.7796564290765673,0.30759939714334905,12.303975885733962,214
energy_ratio,ptx_runtime,extra_trees,mvt::kernel1,1640,26,0.7762238199356943,0.27133539295755327,10.435976652213586,214
energy_ratio,ptx_runtime,extra_trees,mvt::kernel2,1640,26,0.7848109919577837,0.2673204729799181,10.281556653073775,214
energy_ratio,ptx_runtime,extra_trees,myocyte::solver2,1640,26,0.7829508502036333,0.2662166559603065,10.239102152319482,214
energy_ratio,ptx_runtime,extra_trees,nn::euclid,1640,26,0.7895140799228102,0.2608640929684043,10.033234344938627,214
energy_ratio,ptx_runtime,extra_trees,nw::shared1,1641,25,0.8724240001756698,0.27325977198779583,10.930390879511833,214
energy_ratio,ptx_runtime,extra_trees,nw::shared2,1641,25,0.7661833621095866,0.27643720689229667,11.057488275691867,214
energy_ratio,ptx_runtime,extra_trees,particlefilter::findindex,1640,26,0.7806134100537747,0.2621613049414009,10.083127113130804,214
energy_ratio,ptx_runtime,extra_trees,particlefilter::likelihood,1641,25,0.7670909229200333,0.26128853601403534,10.451541440561414,211
energy_ratio,ptx_runtime,extra_trees,particlefilter::normalizeweights,1641,25,0.798287944169715,0.27221789094619453,10.888715637847781,214
energy_ratio,ptx_runtime,extra_trees,particlefilter::sum,1641,25,0.7886871420778334,0.2960960720665753,11.843842882663012,214
energy_ratio,ptx_runtime,extra_trees,pathfinder::dynproc,1640,26,0.8003530690912157,0.28520460706204176,10.969407963924684,214
energy_ratio,ptx_runtime,extra_trees,preeuler3d::computeflux,1640,26,0.7888319091871381,0.2913440081756562,11.205538775986778,214
energy_ratio,ptx_runtime,extra_trees,preeuler3d::computefluxcontributions,1641,25,0.7739680549129844,0.26667287782765925,10.66691511310637,214
energy_ratio,ptx_runtime,extra_trees,preeuler3d::computestepfactor,1640,26,0.7809468009509146,0.26776551199145615,10.298673538132928,214
energy_ratio,ptx_runtime,extra_trees,preeuler3d::timestep,1640,26,0.8361639331560582,0.2712747030891478,10.433642426505685,214
energy_ratio,ptx_runtime,extra_trees,sradv1::compress,1640,26,0.782280137995258,0.26962553802877665,10.370213001106794,214
energy_ratio,ptx_runtime,extra_trees,sradv1::extract,1640,26,0.778437236091122,0.2431759680621326,9.352921848543563,214
energy_ratio,ptx_runtime,extra_trees,sradv1::prepare,1641,25,0.7938050250522792,0.24939007591456175,9.97560303658247,214
energy_ratio,ptx_runtime,extra_trees,sradv1::reduce,1640,26,0.7747996719554067,0.26437865383923054,10.168409763047329,214
energy_ratio,ptx_runtime,extra_trees,sradv1::srad,1640,26,0.8132673827931285,0.2610452710650861,10.040202733272544,214
energy_ratio,ptx_runtime,extra_trees,sradv1::srad2,1640,26,0.7827825939748436,0.2806960919406265,10.796003536177942,214
energy_ratio,ptx_runtime,extra_trees,streamcluster::computecost,1640,26,0.7803540569730103,0.26639118790626526,10.24581491947174,214
energy_ratio,ptx_runtime,extra_trees,syr2k::syr2kkernel,1640,26,0.7811352908611298,0.2478277049958706,9.531834807533484,214
energy_ratio,ptx_runtime,extra_trees,syrk::syrkkernel,1641,25,0.7692916558589786,0.2617500750347972,10.470003001391888,214
energy_ratio,ptx_runtime,xgboost,2dconv::convolution2dkernel,1640,26,2.03107432811521,0.008431714028120041,0.32429669338923234,214
energy_ratio,ptx_runtime,xgboost,2mm::mm2kernel1,1641,25,1.9734685909934342,0.008345493813976645,0.3338197525590658,214
energy_ratio,ptx_runtime,xgboost,2mm::mm2kernel2,1640,26,1.9467781560961157,0.008431265829131007,0.3242794549665772,214
energy_ratio,ptx_runtime,xgboost,3mm::mm3kernel1,1641,25,2.1571510429494083,0.008440084988251328,0.33760339953005314,214
energy_ratio,ptx_runtime,xgboost,3mm::mm3kernel2,1640,26,2.186814106069505,0.025077089900150895,0.9645034576981113,214
energy_ratio,ptx_runtime,xgboost,3mm::mm3kernel3,1640,26,1.9681598010938615,0.008581293979659677,0.3300497684484491,214
energy_ratio,ptx_runtime,xgboost,atax::ataxkernel1,1640,26,1.979479226982221,0.008468393934890628,0.3257074590342549,214
energy_ratio,ptx_runtime,xgboost,atax::ataxkernel2,1640,26,2.176454362925142,0.008399185026064515,0.32304557792555827,214
energy_ratio,ptx_runtime,xgboost,bicg::bicgkernel1,1640,26,2.0351592011284083,0.02539906301535666,0.9768870390521793,214
energy_ratio,ptx_runtime,xgboost,bicg::bicgkernel2,1641,25,2.101415601791814,0.009025482926517725,0.361019317060709,214
energy_ratio,ptx_runtime,xgboost,correlation::corrkernel,1641,25,2.0993321060668677,0.008290792815387249,0.33163171261548996,214
energy_ratio,ptx_runtime,xgboost,correlation::meankernel,1640,26,1.640896307071671,0.012656566919758916,0.48679103537534296,214
energy_ratio,ptx_runtime,xgboost,correlation::reducekernel,1640,26,1.7109647470060736,0.025504780933260918,0.9809531128177275,214
energy_ratio,ptx_runtime,xgboost,correlation::stdkernel,1640,26,2.1213558891322464,0.025170317851006985,0.9680891481156533,214
energy_ratio,ptx_runtime,xgboost,covariance::covarkernel,1641,25,1.940696527948603,0.008436823030933738,0.3374729212373495,214
energy_ratio,ptx_runtime,xgboost,covariance::meankernel,1641,25,2.079572719987482,0.01250903494656086,0.5003613978624344,214
energy_ratio,ptx_runtime,xgboost,covariance::reducekernel,1640,26,1.9944870891049504,0.008897339925169945,0.3422053817373055,214
energy_ratio,ptx_runtime,xgboost,doitgen::kernel1,1641,25,2.5632563540712,0.008696099044755101,0.34784396179020405,214
energy_ratio,ptx_runtime,xgboost,doitgen::kernel2,1640,26,2.3879129700362682,0.008513201028108597,0.3274308087734076,214
energy_ratio,ptx_runtime,xgboost,euler3d::computeflux,1640,26,1.9964795771520585,0.025104210013523698,0.9655465389816806,214
energy_ratio,ptx_runtime,xgboost,euler3d::computestepfactor,1641,25,2.1063130719121546,0.008374480996280909,0.33497923985123634,214
energy_ratio,ptx_runtime,xgboost,euler3d::timestep,1640,26,2.013852861011401,0.008565630065277219,0.3294473102029699,214
energy_ratio,ptx_runtime,xgboost,fdtd2d::step1,1640,26,2.329028733074665,0.008594501996412873,0.3305577690928028,214
energy_ratio,ptx_runtime,xgboost,fdtd2d::step2,1640,26,2.168620825977996,0.008540150010958314,0.32846730811378133,214
energy_ratio,ptx_runtime,xgboost,fdtd2d::step3,1640,26,2.0388312130235136,0.008855274878442287,0.34058749532470334,214
energy_ratio,ptx_runtime,xgboost,gemm::gemmkernel,1641,25,1.9993279210757464,0.008965414017438889,0.35861656069755554,214
energy_ratio,ptx_runtime,xgboost,gemver::gemverkernel1,1640,26,1.9308889429084957,0.008758318843320012,0.3368584170507697,214
energy_ratio,ptx_runtime,xgboost,gemver::gemverkernel2,1640,26,2.08670600107871,0.008792150998488069,0.3381596537880026,214
energy_ratio,ptx_runtime,xgboost,gemver::gemverkernel3,1640,26,1.9259328581392765,0.009222565917298198,0.3547140737422384,214
energy_ratio,ptx_runtime,xgboost,gesummv::gesummvkernel,1640,26,2.0322406999766827,0.03123873216100037,1.2014896985000143,214
energy_ratio,ptx_runtime,xgboost,gramschmidt::kernel1,1641,25,4.912797037977725,0.008727749111130834,0.34910996444523335,214
energy_ratio,ptx_runtime,xgboost,gramschmidt::kernel2,1641,25,2.564540200168267,0.0085850500036031,0.34340200014412403,214
energy_ratio,ptx_runtime,xgboost,gramschmidt::kernel3,1641,25,3.7740546090062708,0.02488689194433391,0.9954756777733565,214
energy_ratio,ptx_runtime,xgboost,hotspot3d::hotspotopt1,1640,26,1.9754374830517918,0.008410428883507848,0.3234780339810711,214
energy_ratio,ptx_runtime,xgboost,hotspot::calculatetemp,1640,26,1.5851634999271482,0.01896503078751266,0.7294242610581791,214
energy_ratio,ptx_runtime,xgboost,jacobi1d::kernel1,1641,25,1.6411967619787902,0.00858348491601646,0.3433393966406584,214
energy_ratio,ptx_runtime,xgboost,jacobi1d::kernel2,1641,25,2.0015427730977535,0.008306876057758927,0.3322750423103571,214
energy_ratio,ptx_runtime,xgboost,jacobi2d::kernel1,1640,26,2.3682591679971665,0.010510100983083248,0.40423465319550955,214
energy_ratio,ptx_runtime,xgboost,jacobi2d::kernel2,1640,26,2.5330227848608047,0.010770077118650079,0.41423373533269536,214
energy_ratio,ptx_runtime,xgboost,kmeans::kmeanspoint,1641,25,1.958636584924534,0.008285982999950647,0.3314393199980259,214
energy_ratio,ptx_runtime,xgboost,lavamd::kernelgpucuda,1641,25,1.9321616210509092,0.00883314199745655,0.353325679898262,214
energy_ratio,ptx_runtime,xgboost,mvt::kernel1,1640,26,2.785672245081514,0.02530316193588078,0.9731985359954146,214
energy_ratio,ptx_runtime,xgboost,mvt::kernel2,1640,26,2.5660967379808426,0.008775643073022366,0.3375247335777833,214
energy_ratio,ptx_runtime,xgboost,myocyte::solver2,1640,26,1.8539738850668073,0.02512147999368608,0.9662107689879262,214
energy_ratio,ptx_runtime,xgboost,nn::euclid,1640,26,1.7977604509796947,0.012278329115360975,0.4722434275138837,214
energy_ratio,ptx_runtime,xgboost,nw::shared1,1641,25,2.8773394050076604,0.008627984905615449,0.34511939622461796,214
energy_ratio,ptx_runtime,xgboost,nw::shared2,1641,25,2.182638760888949,0.02480578306131065,0.992231322452426,214
energy_ratio,ptx_runtime,xgboost,particlefilter::findindex,1640,26,2.031742643099278,0.008823740994557738,0.3393746536368361,214
energy_ratio,ptx_runtime,xgboost,particlefilter::likelihood,1641,25,2.355687956092879,0.017971679102629423,0.7188671641051769,211
energy_ratio,ptx_runtime,xgboost,particlefilter::normalizeweights,1641,25,2.973347858991474,0.00845306203700602,0.3381224814802408,214
energy_ratio,ptx_runtime,xgboost,particlefilter::sum,1641,25,1.9853203929960728,0.00848632794804871,0.33945311792194843,214
energy_ratio,ptx_runtime,xgboost,pathfinder::dynproc,1640,26,2.1095233000814915,0.00938240485265851,0.3608617251022504,214
energy_ratio,ptx_runtime,xgboost,preeuler3d::computeflux,1640,26,2.3890083788428456,0.009236848913133144,0.35526341973589015,214
energy_ratio,ptx_runtime,xgboost,preeuler3d::computefluxcontributions,1641,25,2.1184291939716786,0.0092477360740304,0.369909442961216,214
energy_ratio,ptx_runtime,xgboost,preeuler3d::computestepfactor,1640,26,2.010876206913963,0.018476051976904273,0.7106173837270874,214
energy_ratio,ptx_runtime,xgboost,preeuler3d::timestep,1640,26,1.9951916169375181,0.009154226863756776,0.35208564860602987,214
energy_ratio,ptx_runtime,xgboost,sradv1::compress,1640,26,2.491610840894282,0.009229416958987713,0.3549775753456813,214
energy_ratio,ptx_runtime,xgboost,sradv1::extract,1640,26,2.181259439093992,0.00915691303089261,0.3521889627266389,214
energy_ratio,ptx_runtime,xgboost,sradv1::prepare,1641,25,2.5627999759744853,0.00894710305146873,0.3578841220587492,214
energy_ratio,ptx_runtime,xgboost,sradv1::reduce,1640,26,1.9740692949853837,0.008848574943840504,0.34032980553232706,214
energy_ratio,ptx_runtime,xgboost,sradv1::srad,1640,26,2.175927662057802,0.008436362026259303,0.32447546254843473,214
energy_ratio,ptx_runtime,xgboost,sradv1::srad2,1640,26,1.9971127328462899,0.00844608317129314,0.32484935274204385,214
energy_ratio,ptx_runtime,xgboost,streamcluster::computecost,1640,26,2.061350505799055,0.008406911976635456,0.32334276833213293,214
energy_ratio,ptx_runtime,xgboost,syr2k::syr2kkernel,1640,26,2.028948154998943,0.008757814997807145,0.33683903837719786,214
energy_ratio,ptx_runtime,xgboost,syrk::syrkkernel,1641,25,2.0174637041054666,0.008506751153618097,0.3402700461447239,214
energy_ratio,launch_runtime,random_forest,2dconv::convolution2dkernel,1640,26,1.160970252007246,0.24359279195778072,9.368953536837719,174
energy_ratio,launch_runtime,random_forest,2mm::mm2kernel1,1641,25,1.114219584967941,0.24443848291411996,9.777539316564798,174
energy_ratio,launch_runtime,random_forest,2mm::mm2kernel2,1640,26,1.1167146030347794,0.2543925140053034,9.78432746174244,174
energy_ratio,launch_runtime,random_forest,3mm::mm3kernel1,1641,25,1.1225802260451019,0.26046185195446014,10.418474078178406,174
energy_ratio,launch_runtime,random_forest,3mm::mm3kernel2,1640,26,1.1115450889337808,0.25669291988015175,9.872804610775066,174
energy_ratio,launch_runtime,random_forest,3mm::mm3kernel3,1640,26,1.1644790468271822,0.2529709110967815,9.729650426799289,174
energy_ratio,launch_runtime,random_forest,atax::ataxkernel1,1640,26,1.1256015999242663,0.2743826799560338,10.553179998308995,174
energy_ratio,launch_runtime,random_forest,atax::ataxkernel2,1640,26,1.1130459872074425,0.2591984551399946,9.969171351538254,174
energy_ratio,launch_runtime,random_forest,bicg::bicgkernel1,1640,26,1.0976089530158788,0.25699372007511556,9.884373849042905,174
energy_ratio,launch_runtime,random_forest,bicg::bicgkernel2,1641,25,1.0969725709874183,0.24875140096992254,9.950056038796902,174
energy_ratio,launch_runtime,random_forest,correlation::corrkernel,1641,25,1.1816131540108472,0.2630576759111136,10.522307036444545,174
energy_ratio,launch_runtime,random_forest,correlation::meankernel,1640,26,1.1293688151054084,0.2455406249500811,9.443870190387734,174
energy_ratio,launch_runtime,random_forest,correlation::reducekernel,1640,26,1.137012008111924,0.25623648799955845,9.855249538444557,174
energy_ratio,launch_runtime,random_forest,correlation::stdkernel,1640,26,1.1622380029875785,0.263384650927037,10.130178881809115,174
energy_ratio,launch_runtime,random_forest,covariance::covarkernel,1641,25,1.1319936790969223,0.2758545570541173,11.034182282164693,174
energy_ratio,launch_runtime,random_forest,covariance::meankernel,1641,25,1.1819269601255655,0.25629742606543005,10.251897042617202,174
energy_ratio,launch_runtime,random_forest,covariance::reducekernel,1640,26,1.1102070140186697,0.2543393298983574,9.782281919167591,174
energy_ratio,launch_runtime,random_forest,doitgen::kernel1,1641,25,1.1183063320349902,0.25776175898499787,10.310470359399915,174
energy_ratio,launch_runtime,random_forest,doitgen::kernel2,1640,26,1.1151172909885645,0.2477838359773159,9.530147537589073,174
energy_ratio,launch_runtime,random_forest,euler3d::computeflux,1640,26,1.119652746943757,0.25436090398579836,9.783111691761475,174
energy_ratio,launch_runtime,random_forest,euler3d::computestepfactor,1641,25,1.195390461012721,0.251157984836027,10.046319393441081,174
energy_ratio,launch_runtime,random_forest,euler3d::timestep,1640,26,1.1069407458417118,0.26370692695491016,10.14257411365039,174
energy_ratio,launch_runtime,random_forest,fdtd2d::step1,1640,26,1.1230164621956646,0.25349544384516776,9.749824763275683,174
energy_ratio,launch_runtime,random_forest,fdtd2d::step2,1640,26,1.1140235478524119,0.2539604629855603,9.767710114829242,174
energy_ratio,launch_runtime,random_forest,fdtd2d::step3,1640,26,1.1260308409109712,0.2544177540112287,9.785298231201104,174
energy_ratio,launch_runtime,random_forest,gemm::gemmkernel,1641,25,1.1455559248570353,0.2864611470140517,11.458445880562067,174
energy_ratio,launch_runtime,random_forest,gemver::gemverkernel1,1640,26,1.1099580400623381,0.25730254710651934,9.896251811789206,174
energy_ratio,launch_runtime,random_forest,gemver::gemverkernel2,1640,26,1.1241178438067436,0.2875718579161912,11.060456073699662,174
energy_ratio,launch_runtime,random_forest,gemver::gemverkernel3,1640,26,1.1241700281389058,0.2705722220707685,10.406623925798787,174
energy_ratio,launch_runtime,random_forest,gesummv::gesummvkernel,1640,26,1.1240500709973276,0.2851969839539379,10.96911476745915,174
energy_ratio,launch_runtime,random_forest,gramschmidt::kernel1,1641,25,1.1436135170515627,0.3153278448153287,12.613113792613149,174
energy_ratio,launch_runtime,random_forest,gramschmidt::kernel2,1641,25,1.129105748143047,0.2522361949086189,10.089447796344757,174
energy_ratio,launch_runtime,random_forest,gramschmidt::kernel3,1641,25,1.121504537994042,0.2639807928353548,10.559231713414192,174
energy_ratio,launch_runtime,random_forest,hotspot3d::hotspotopt1,1640,26,1.1425087719690055,0.257689111167565,9.91111966029096,174
energy_ratio,launch_runtime,random_forest,hotspot::calculatetemp,1640,26,1.1028843859676272,0.24362819083034992,9.370315031936535,174
energy_ratio,launch_runtime,random_forest,jacobi1d::kernel1,1641,25,1.1087504730094224,0.2902327589690685,11.609310358762741,174
energy_ratio,launch_runtime,random_forest,jacobi1d::kernel2,1641,25,1.104073833907023,0.25829855795018375,10.33194231800735,174
energy_ratio,launch_runtime,random_forest,jacobi2d::kernel1,1640,26,1.125522904098034,0.2947695320472121,11.337289694123545,174
energy_ratio,launch_runtime,random_forest,jacobi2d::kernel2,1640,26,1.1207202600780874,0.3217483679763973,12.374937229861434,174
energy_ratio,launch_runtime,random_forest,kmeans::kmeanspoint,1641,25,1.116355431964621,0.25352925015613437,10.141170006245375,174
energy_ratio,launch_runtime,random_forest,lavamd::kernelgpucuda,1641,25,1.1166807289700955,0.2671360010281205,10.68544004112482,174
energy_ratio,launch_runtime,random_forest,mvt::kernel1,1640,26,1.1252197979483753,0.28269596793688834,10.872921843726475,174
energy_ratio,launch_runtime,random_forest,mvt::kernel2,1640,26,1.1110719318967313,0.2525519209448248,9.713535420954802,174
energy_ratio,launch_runtime,random_forest,myocyte::solver2,1640,26,1.1248074639588594,0.2627648951020092,10.106342119308046,174
energy_ratio,launch_runtime,random_forest,nn::euclid,1640,26,1.1437090439721942,0.2522382920142263,9.701472769777935,174
energy_ratio,launch_runtime,random_forest,nw::shared1,1641,25,1.091304159956053,0.2525932209100574,10.103728836402297,174
energy_ratio,launch_runtime,random_forest,nw::shared2,1641,25,1.109111257828772,0.2579579600133002,10.318318400532007,174
energy_ratio,launch_runtime,random_forest,particlefilter::findindex,1640,26,1.1280302950181067,0.27751773805357516,10.673759155906737,174
energy_ratio,launch_runtime,random_forest,particlefilter::likelihood,1641,25,1.1142197030130774,0.2537422787863761,10.149691151455045,174
energy_ratio,launch_runtime,random_forest,particlefilter::normalizeweights,1641,25,1.1361684140283614,0.25160619406960905,10.064247762784362,174
energy_ratio,launch_runtime,random_forest,particlefilter::sum,1641,25,1.12441337807104,0.2912199168931693,11.648796675726771,174
energy_ratio,launch_runtime,random_forest,pathfinder::dynproc,1640,26,1.0923566420096904,0.25846976204775274,9.941144694144336,174
energy_ratio,launch_runtime,random_forest,preeuler3d::computeflux,1640,26,1.1142137900460511,0.2588367541320622,9.955259774310084,174
energy_ratio,launch_runtime,random_forest,preeuler3d::computefluxcontributions,1641,25,1.099513014080003,0.2390241411048919,9.560965644195676,174
energy_ratio,launch_runtime,random_forest,preeuler3d::computestepfactor,1640,26,1.102217874955386,0.27926469687372446,10.740949879758634,174
energy_ratio,launch_runtime,random_forest,preeuler3d::timestep,1640,26,1.110949801048264,0.2639737881254405,10.152838004824634,174
energy_ratio,launch_runtime,random_forest,sradv1::compress,1640,26,1.1055016450118273,0.26635126397013664,10.244279383466793,174
energy_ratio,launch_runtime,random_forest,sradv1::extract,1640,26,1.1336452341638505,0.2555069800000638,9.82719153846399,174
energy_ratio,launch_runtime,random_forest,sradv1::prepare,1641,25,1.114907706156373,0.24916138290427625,9.96645531617105,174
energy_ratio,launch_runtime,random_forest,sradv1::reduce,1640,26,1.1164233249146491,0.2564227757975459,9.862414453751764,174
energy_ratio,launch_runtime,random_forest,sradv1::srad,1640,26,1.1052003880031407,0.26197800296358764,10.076077037061063,174
energy_ratio,launch_runtime,random_forest,sradv1::srad2,1640,26,1.143085567979142,0.26361840311437845,10.139169350553017,174
energy_ratio,launch_runtime,random_forest,streamcluster::computecost,1640,26,1.1147134839557111,0.26548543595708907,10.210978306041888,174
energy_ratio,launch_runtime,random_forest,syr2k::syr2kkernel,1640,26,1.1233400199562311,0.2551394528709352,9.813055879651355,174
energy_ratio,launch_runtime,random_forest,syrk::syrkkernel,1641,25,1.124419166939333,0.2704937548842281,10.819750195369124,174
energy_ratio,launch_runtime,extra_trees,2dconv::convolution2dkernel,1640,26,0.6787589078303427,0.24029581784270704,9.242146840104116,174
energy_ratio,launch_runtime,extra_trees,2mm::mm2kernel1,1641,25,0.687902893871069,0.2537865489721298,10.151461958885193,174
energy_ratio,launch_runtime,extra_trees,2mm::mm2kernel2,1640,26,0.6898928920272738,0.25882678804919124,9.954876463430432,174
energy_ratio,launch_runtime,extra_trees,3mm::mm3kernel1,1641,25,0.733228666940704,0.2726842840202153,10.907371360808611,174
energy_ratio,launch_runtime,extra_trees,3mm::mm3kernel2,1640,26,0.6968618540558964,0.25980661483481526,9.992562109031358,174
energy_ratio,launch_runtime,extra_trees,3mm::mm3kernel3,1640,26,0.6890148490201682,0.2784959569107741,10.711382958106697,174
energy_ratio,launch_runtime,extra_trees,atax::ataxkernel1,1640,26,0.6884376858361065,0.2581543850246817,9.929014808641604,174
energy_ratio,launch_runtime,extra_trees,atax::ataxkernel2,1640,26,0.6933529789093882,0.27338242693804204,10.514708728386232,174
energy_ratio,launch_runtime,extra_trees,bicg::bicgkernel1,1640,26,0.6810337679926306,0.34542390890419483,13.285534957853647,174
energy_ratio,launch_runtime,extra_trees,bicg::bicgkernel2,1641,25,0.6912293748464435,0.2533070750068873,10.132283000275493,174
energy_ratio,launch_runtime,extra_trees,correlation::corrkernel,1641,25,0.694019481074065,0.27165444497950375,10.86617779918015,174
energy_ratio,launch_runtime,extra_trees,correlation::meankernel,1640,26,0.732162439962849,0.2517507551237941,9.682721350915156,174
energy_ratio,launch_runtime,extra_trees,correlation::reducekernel,1640,26,0.6932934881187975,0.25509680807590485,9.811415695227108,174
energy_ratio,launch_runtime,extra_trees,correlation::stdkernel,1640,26,0.6908516148105264,0.29800038505345583,11.461553271286764,174
energy_ratio,launch_runtime,extra_trees,covariance::covarkernel,1641,25,0.6783084720373154,0.2655384980607778,10.621539922431111,174
energy_ratio,launch_runtime,extra_trees,covariance::meankernel,1641,25,0.6893977061845362,0.25552735198289156,10.221094079315662,174
energy_ratio,launch_runtime,extra_trees,covariance::reducekernel,1640,26,0.6861644419841468,0.26924983807839453,10.355763003015173,174
energy_ratio,launch_runtime,extra_trees,doitgen::kernel1,1641,25,0.6858299989253283,0.27235318697057664,10.894127478823066,174
energy_ratio,launch_runtime,extra_trees,doitgen::kernel2,1640,26,0.6865197159349918,0.2627374571748078,10.105286814415685,174
energy_ratio,launch_runtime,extra_trees,euler3d::computeflux,1640,26,0.6877111380454153,0.26290984405204654,10.111917078924867,174
energy_ratio,launch_runtime,extra_trees,euler3d::computestepfactor,1641,25,0.698118643835187,0.27428433392196894,10.971373356878757,174
energy_ratio,launch_runtime,extra_trees,euler3d::timestep,1640,26,0.6799845660571009,0.25370383099652827,9.757839653712626,174
energy_ratio,launch_runtime,extra_trees,fdtd2d::step1,1640,26,0.6734346880111843,0.2724602280650288,10.479239540962645,174
energy_ratio,launch_runtime,extra_trees,fdtd2d::step2,1640,26,0.689218140905723,0.24870067602023482,9.565410616162877,174
energy_ratio,launch_runtime,extra_trees,fdtd2d::step3,1640,26,0.6760078941006213,0.2509678539354354,9.652609766747515,174
energy_ratio,launch_runtime,extra_trees,gemm::gemmkernel,1641,25,0.6909477340523154,0.23844675510190427,9.537870204076171,174
energy_ratio,launch_runtime,extra_trees,gemver::gemverkernel1,1640,26,0.7260301609057933,0.24161299807019532,9.292807618084435,174
energy_ratio,launch_runtime,extra_trees,gemver::gemverkernel2,1640,26,0.6837720200419426,0.2742502980399877,10.548088386153372,174
energy_ratio,launch_runtime,extra_trees,gemver::gemverkernel3,1640,26,0.6718699759803712,0.27157835103571415,10.445321193681313,174
energy_ratio,launch_runtime,extra_trees,gesummv::gesummvkernel,1640,26,0.688201435143128,0.2559806799981743,9.84541076916055,174
energy_ratio,launch_runtime,extra_trees,gramschmidt::kernel1,1641,25,0.6853891431819648,0.2735402600374073,10.941610401496291,174
energy_ratio,launch_runtime,extra_trees,gramschmidt::kernel2,1641,25,0.7675777981057763,0.2519178909715265,10.07671563886106,174
energy_ratio,launch_runtime,extra_trees,gramschmidt::kernel3,1641,25,0.6873865928500891,0.2603369429707527,10.413477718830109,174
energy_ratio,launch_runtime,extra_trees,hotspot3d::hotspotopt1,1640,26,0.685793018899858,0.2325452130753547,8.944046656744412,174
energy_ratio,launch_runtime,extra_trees,hotspot::calculatetemp,1640,26,0.674143245909363,0.2731903560925275,10.507321388174136,174
energy_ratio,launch_runtime,extra_trees,jacobi1d::kernel1,1641,25,0.693842011038214,0.29083348205313087,11.633339282125235,174
energy_ratio,launch_runtime,extra_trees,jacobi1d::kernel2,1641,25,0.7842919188551605,0.24037684686481953,9.615073874592781,174
energy_ratio,launch_runtime,extra_trees,jacobi2d::kernel1,1640,26,0.6857057909946889,0.28093088511377573,10.805034042837528,174
energy_ratio,launch_runtime,extra_trees,jacobi2d::kernel2,1640,26,0.6857240940444171,0.24404173297807574,9.38622049915676,174
energy_ratio,launch_runtime,extra_trees,kmeans::kmeanspoint,1641,25,0.688832595013082,0.2708918189164251,10.835672756657004,174
energy_ratio,launch_runtime,extra_trees,lavamd::kernelgpucuda,1641,25,0.6871403479017317,0.2608070040587336,10.432280162349343,174
energy_ratio,launch_runtime,extra_trees,mvt::kernel1,1640,26,0.6970849770586938,0.31979658803902566,12.299868770731756,174
energy_ratio,launch_runtime,extra_trees,mvt::kernel2,1640,26,0.6754820209462196,0.2661312709096819,10.235818111910842,174
energy_ratio,launch_runtime,extra_trees,myocyte::solver2,1640,26,0.6847928978968412,0.26045423303730786,10.017470501434918,174
energy_ratio,launch_runtime,extra_trees,nn::euclid,1640,26,0.6801732620224357,0.2599183190613985,9.996858425438404,174
energy_ratio,launch_runtime,extra_trees,nw::shared1,1641,25,0.6982881519943476,0.24251517304219306,9.700606921687722,174
energy_ratio,launch_runtime,extra_trees,nw::shared2,1641,25,0.6851580650545657,0.2653497410938144,10.613989643752575,174
energy_ratio,launch_runtime,extra_trees,particlefilter::findindex,1640,26,0.6888392299879342,0.2546569420956075,9.794497772907981,174
energy_ratio,launch_runtime,extra_trees,particlefilter::likelihood,1641,25,0.6878053520340472,0.2582879120018333,10.331516480073333,174
energy_ratio,launch_runtime,extra_trees,particlefilter::normalizeweights,1641,25,0.6984124379232526,0.2584725378546864,10.338901514187455,174
energy_ratio,launch_runtime,extra_trees,particlefilter::sum,1641,25,0.6749028840567917,0.2712289260234684,10.849157040938735,174
energy_ratio,launch_runtime,extra_trees,pathfinder::dynproc,1640,26,0.6928826230578125,0.2555899389553815,9.830382267514674,174
energy_ratio,launch_runtime,extra_trees,preeuler3d::computeflux,1640,26,0.679655184969306,0.2511995730455965,9.66152204021525,174
energy_ratio,launch_runtime,extra_trees,preeuler3d::computefluxcontributions,1641,25,0.6849531058687717,0.2616061898879707,10.464247595518827,174
energy_ratio,launch_runtime,extra_trees,preeuler3d::computestepfactor,1640,26,0.6820023541804403,0.25742645817808807,9.901017622234157,174
energy_ratio,launch_runtime,extra_trees,preeuler3d::timestep,1640,26,0.6914158889558166,0.2471338219475001,9.505146997980773,174
energy_ratio,launch_runtime,extra_trees,sradv1::compress,1640,26,0.6816259319894016,0.2640774049796164,10.156823268446784,174
energy_ratio,launch_runtime,extra_trees,sradv1::extract,1640,26,0.6866369799245149,0.2383585348725319,9.167635956635841,174
energy_ratio,launch_runtime,extra_trees,sradv1::prepare,1641,25,0.680857673054561,0.2692361429799348,10.769445719197392,174
energy_ratio,launch_runtime,extra_trees,sradv1::reduce,1640,26,0.7253503890242428,0.2545923388097435,9.792013031143982,174
energy_ratio,launch_runtime,extra_trees,sradv1::srad,1640,26,0.6784679880365729,0.2555876770056784,9.83029526944917,174
energy_ratio,launch_runtime,extra_trees,sradv1::srad2,1640,26,0.6893397669773549,0.25280757201835513,9.723368154552121,174
energy_ratio,launch_runtime,extra_trees,streamcluster::computecost,1640,26,0.6860944791696966,0.2683325430843979,10.320482426322997,174
energy_ratio,launch_runtime,extra_trees,syr2k::syr2kkernel,1640,26,0.6827271559741348,0.24838232900947332,9.553166500364359,174
energy_ratio,launch_runtime,extra_trees,syrk::syrkkernel,1641,25,0.7394078120123595,0.2715791407972574,10.863165631890297,174
energy_ratio,launch_runtime,xgboost,2dconv::convolution2dkernel,1640,26,1.8825165580492467,0.00819700793363154,0.3152695359089054,174
energy_ratio,launch_runtime,xgboost,2mm::mm2kernel1,1641,25,1.8959673198405653,0.007425212999805808,0.2970085199922323,174
energy_ratio,launch_runtime,xgboost,2mm::mm2kernel2,1640,26,4.061085718916729,0.00750451092608273,0.28863503561856657,174
energy_ratio,launch_runtime,xgboost,3mm::mm3kernel1,1641,25,9.92873503617011,0.024294503033161163,0.9717801213264465,174
energy_ratio,launch_runtime,xgboost,3mm::mm3kernel2,1640,26,8.791071475949138,0.023694813018664718,0.9113389622563353,174
energy_ratio,launch_runtime,xgboost,3mm::mm3kernel3,1640,26,1.421281895134598,0.007442185888066888,0.2862379187718034,174
energy_ratio,launch_runtime,xgboost,atax::ataxkernel1,1640,26,1.8672842390369624,0.007605015067383647,0.2925005795147556,174
energy_ratio,launch_runtime,xgboost,atax::ataxkernel2,1640,26,1.7937273290008307,0.007322812918573618,0.2816466507143699,174
energy_ratio,launch_runtime,xgboost,bicg::bicgkernel1,1640,26,1.8489332431927323,0.0076036457903683186,0.2924479150141661,174
energy_ratio,launch_runtime,xgboost,bicg::bicgkernel2,1641,25,2.7453559329733253,0.007582707796245813,0.30330831184983253,174
energy_ratio,launch_runtime,xgboost,correlation::corrkernel,1641,25,3.3817402878776193,0.023739110911265016,0.9495644364506006,174
energy_ratio,launch_runtime,xgboost,correlation::meankernel,1640,26,1.739089455921203,0.007691084174439311,0.29581092978612733,174
energy_ratio,launch_runtime,xgboost,correlation::reducekernel,1640,26,2.275633494136855,0.007655003108084202,0.294423196464777,174
energy_ratio,launch_runtime,xgboost,correlation::stdkernel,1640,26,2.015732194064185,0.007628037128597498,0.29338604340759605,174
energy_ratio,launch_runtime,xgboost,covariance::covarkernel,1641,25,1.8342081350274384,0.007330099819228053,0.2932039927691221,174
energy_ratio,launch_runtime,xgboost,covariance::meankernel,1641,25,1.8321750489994884,0.007511597126722336,0.30046388506889343,174
energy_ratio,launch_runtime,xgboost,covariance::reducekernel,1640,26,1.5475545679219067,0.02394148986786604,0.920826533379463,174
energy_ratio,launch_runtime,xgboost,doitgen::kernel1,1641,25,1.980610973201692,0.023791653104126453,0.9516661241650581,174
energy_ratio,launch_runtime,xgboost,doitgen::kernel2,1640,26,2.010725714964792,0.00746109988540411,0.28696538020785034,174
energy_ratio,launch_runtime,xgboost,euler3d::computeflux,1640,26,1.6655208070296794,0.008195204194635153,0.31520016133212125,174
energy_ratio,launch_runtime,xgboost,euler3d::computestepfactor,1641,25,1.8368926141411066,0.007298789918422699,0.29195159673690796,174
energy_ratio,launch_runtime,xgboost,euler3d::timestep,1640,26,1.847002134192735,0.0074319320265203714,0.2858435394815527,174
energy_ratio,launch_runtime,xgboost,fdtd2d::step1,1640,26,1.8023873958736658,0.0073355319909751415,0.28213584580673623,174
energy_ratio,launch_runtime,xgboost,fdtd2d::step2,1640,26,1.6208181288093328,0.013342960039153695,0.5131907707366806,174
energy_ratio,launch_runtime,xgboost,fdtd2d::step3,1640,26,1.665094505995512,0.007730063050985336,0.2973101173455899,174
energy_ratio,launch_runtime,xgboost,gemm::gemmkernel,1641,25,1.82874345802702,0.007548720110207796,0.30194880440831184,174
energy_ratio,launch_runtime,xgboost,gemver::gemverkernel1,1640,26,2.0435270220041275,0.007534614065662026,0.2897928486793087,174
energy_ratio,launch_runtime,xgboost,gemver::gemverkernel2,1640,26,2.810366492951289,0.02407396212220192,0.9259216200846893,174
energy_ratio,launch_runtime,xgboost,gemver::gemverkernel3,1640,26,1.9151092211250216,0.007470184005796909,0.2873147694537273,174
energy_ratio,launch_runtime,xgboost,gesummv::gesummvkernel,1640,26,1.7895182350184768,0.007620951859280467,0.29311353304924875,174
energy_ratio,launch_runtime,xgboost,gramschmidt::kernel1,1641,25,5.134250557050109,0.011062218807637691,0.44248875230550766,174
energy_ratio,launch_runtime,xgboost,gramschmidt::kernel2,1641,25,1.8734621899202466,0.007486790884286165,0.2994716353714466,174
energy_ratio,launch_runtime,xgboost,gramschmidt::kernel3,1641,25,2.177607983816415,0.007550786016508937,0.3020314406603575,174
energy_ratio,launch_runtime,xgboost,hotspot3d::hotspotopt1,1640,26,2.171371425036341,0.007374985842034221,0.28365330161670077,174
energy_ratio,launch_runtime,xgboost,hotspot::calculatetemp,1640,26,2.9352587789762765,0.013194259023293853,0.5074715008959174,174
energy_ratio,launch_runtime,xgboost,jacobi1d::kernel1,1641,25,1.8658977618906647,0.007414466934278607,0.2965786773711443,174
energy_ratio,launch_runtime,xgboost,jacobi1d::kernel2,1641,25,2.629872275982052,0.00758835393935442,0.3035341575741768,174
energy_ratio,launch_runtime,xgboost,jacobi2d::kernel1,1640,26,1.8138368830550462,0.0073032251093536615,0.28089327343667925,174
energy_ratio,launch_runtime,xgboost,jacobi2d::kernel2,1640,26,1.8019681349396706,0.007518938975408673,0.28918996059264124,174
energy_ratio,launch_runtime,xgboost,kmeans::kmeanspoint,1641,25,1.8000672650523484,0.007749148877337575,0.309965955093503,174
energy_ratio,launch_runtime,xgboost,lavamd::kernelgpucuda,1641,25,1.7026493288576603,0.023904195986688137,0.9561678394675255,174
energy_ratio,launch_runtime,xgboost,mvt::kernel1,1640,26,1.436638570856303,0.007584064966067672,0.2916948063872181,174
energy_ratio,launch_runtime,xgboost,mvt::kernel2,1640,26,1.8635371520649642,0.0075305430218577385,0.2896362700714515,174
energy_ratio,launch_runtime,xgboost,myocyte::solver2,1640,26,2.45348702208139,0.023969153175130486,0.921890506735788,174
energy_ratio,launch_runtime,xgboost,nn::euclid,1640,26,2.4524276659358293,0.00775763695128262,0.2983706519724085,174
energy_ratio,launch_runtime,xgboost,nw::shared1,1641,25,1.9842402120120823,0.008896938059478998,0.3558775223791599,174
energy_ratio,launch_runtime,xgboost,nw::shared2,1641,25,1.9036871490534395,0.01783228712156415,0.713291484862566,174
energy_ratio,launch_runtime,xgboost,particlefilter::findindex,1640,26,1.8764821458607912,0.007623373065143824,0.2932066563516855,174
energy_ratio,launch_runtime,xgboost,particlefilter::likelihood,1641,25,2.067039741901681,0.018304693046957254,0.7321877218782902,174
energy_ratio,launch_runtime,xgboost,particlefilter::normalizeweights,1641,25,2.1972747310064733,0.007646027021110058,0.3058410808444023,174
energy_ratio,launch_runtime,xgboost,particlefilter::sum,1641,25,2.4060579580254853,0.007650292012840509,0.3060116805136204,174
energy_ratio,launch_runtime,xgboost,pathfinder::dynproc,1640,26,3.0437823140528053,0.0075770290568470955,0.29142419449411905,174
energy_ratio,launch_runtime,xgboost,preeuler3d::computeflux,1640,26,2.1989688160829246,0.011530740885064006,0.4434900340409233,174
energy_ratio,launch_runtime,xgboost,preeuler3d::computefluxcontributions,1641,25,2.6731714480556548,0.007476478116586804,0.2990591246634722,174
energy_ratio,launch_runtime,xgboost,preeuler3d::computestepfactor,1640,26,2.883584000170231,0.02367609296925366,0.9106189603559101,174
energy_ratio,launch_runtime,xgboost,preeuler3d::timestep,1640,26,2.5426033299881965,0.007527739042416215,0.28952842470831597,174
energy_ratio,launch_runtime,xgboost,sradv1::compress,1640,26,1.8466681530699134,0.0075029791332781315,0.28857612051069736,174
energy_ratio,launch_runtime,xgboost,sradv1::extract,1640,26,1.4045411020051688,0.007617059163749218,0.29296381399035454,174
energy_ratio,launch_runtime,xgboost,sradv1::prepare,1641,25,1.9273127859923989,0.024753191974014044,0.9901276789605618,174
energy_ratio,launch_runtime,xgboost,sradv1::reduce,1640,26,3.599611967103556,0.01781004900112748,0.6850018846587493,174
energy_ratio,launch_runtime,xgboost,sradv1::srad,1640,26,2.025057330960408,0.007423772010952234,0.2855296927289321,174
energy_ratio,launch_runtime,xgboost,sradv1::srad2,1640,26,2.665707224048674,0.023955570068210363,0.9213680795465524,174
energy_ratio,launch_runtime,xgboost,streamcluster::computecost,1640,26,3.9370281118899584,0.007608057931065559,0.2926176127332908,174
energy_ratio,launch_runtime,xgboost,syr2k::syr2kkernel,1640,26,1.4033017631154507,0.007344288984313607,0.28247265324283105,174
energy_ratio,launch_runtime,xgboost,syrk::syrkkernel,1641,25,1.8315764949657023,0.0074385302141308784,0.29754120856523514,174
energy_ratio,ptx_launch_runtime,random_forest,2dconv::convolution2dkernel,1640,26,1.3033166320528835,0.2649631218519062,10.19088930199639,226
energy_ratio,ptx_launch_runtime,random_forest,2mm::mm2kernel1,1641,25,1.3132398559246212,0.27124113286845386,10.849645314738154,226
energy_ratio,ptx_launch_runtime,random_forest,2mm::mm2kernel2,1640,26,1.5225159891415387,0.2472860380075872,9.511001461830277,226
energy_ratio,ptx_launch_runtime,random_forest,3mm::mm3kernel1,1641,25,1.305218487046659,0.2805253700353205,11.22101480141282,226
energy_ratio,ptx_launch_runtime,random_forest,3mm::mm3kernel2,1640,26,1.303819872904569,0.28135574283078313,10.821374724260888,226
energy_ratio,ptx_launch_runtime,random_forest,3mm::mm3kernel3,1640,26,1.3373468690551817,0.2521848841570318,9.699418621424298,226
energy_ratio,ptx_launch_runtime,random_forest,atax::ataxkernel1,1640,26,1.3043675860390067,0.2621070758905262,10.081041380404852,226
energy_ratio,ptx_launch_runtime,random_forest,atax::ataxkernel2,1640,26,1.3555436478927732,0.2695389750879258,10.366883657227914,226
energy_ratio,ptx_launch_runtime,random_forest,bicg::bicgkernel1,1640,26,1.3006379790604115,0.2609094618819654,10.034979303152515,226
energy_ratio,ptx_launch_runtime,random_forest,bicg::bicgkernel2,1641,25,1.2941301898099482,0.25496401311829686,10.198560524731874,226
energy_ratio,ptx_launch_runtime,random_forest,correlation::corrkernel,1641,25,1.308046928141266,0.2571627818979323,10.286511275917292,226
energy_ratio,ptx_launch_runtime,random_forest,correlation::meankernel,1640,26,1.3176442179828882,0.2628686651587486,10.110333275336485,226
energy_ratio,ptx_launch_runtime,random_forest,correlation::reducekernel,1640,26,1.2874926801305264,0.26035620900802314,10.013700346462429,226
energy_ratio,ptx_launch_runtime,random_forest,correlation::stdkernel,1640,26,1.3474855099339038,0.2760905660688877,10.618867925726452,226
energy_ratio,ptx_launch_runtime,random_forest,covariance::covarkernel,1641,25,1.3209294399712235,0.3065699578728527,12.262798314914107,226
energy_ratio,ptx_launch_runtime,random_forest,covariance::meankernel,1641,25,1.3302984829060733,0.24982719984836876,9.99308799393475,226
energy_ratio,ptx_launch_runtime,random_forest,covariance::reducekernel,1640,26,1.3031376630533487,0.2738253469578922,10.531744113765082,226
energy_ratio,ptx_launch_runtime,random_forest,doitgen::kernel1,1641,25,1.2870243210345507,0.26230749394744635,10.492299757897854,226
energy_ratio,ptx_launch_runtime,random_forest,doitgen::kernel2,1640,26,1.3270225999876857,0.26246294006705284,10.094728464117416,226
energy_ratio,ptx_launch_runtime,random_forest,euler3d::computeflux,1640,26,1.3570902161300182,0.2561618259642273,9.852377921701052,226
energy_ratio,ptx_launch_runtime,random_forest,euler3d::computestepfactor,1641,25,1.3008311889134347,0.2441330859437585,9.76532343775034,226
energy_ratio,ptx_launch_runtime,random_forest,euler3d::timestep,1640,26,1.3045335120987147,0.2572877211496234,9.895681582677822,226
energy_ratio,ptx_launch_runtime,random_forest,fdtd2d::step1,1640,26,1.314849475864321,0.2517492319457233,9.682662767143203,226
energy_ratio,ptx_launch_runtime,random_forest,fdtd2d::step2,1640,26,1.2968470160849392,0.27839090093038976,10.70734234347653,226
energy_ratio,ptx_launch_runtime,random_forest,fdtd2d::step3,1640,26,1.3280536788515747,0.23946369485929608,9.210142109972926,226
energy_ratio,ptx_launch_runtime,random_forest,gemm::gemmkernel,1641,25,1.2888013960327953,0.26575042493641376,10.63001699745655,226
energy_ratio,ptx_launch_runtime,random_forest,gemver::gemverkernel1,1640,26,1.2994553798343986,0.24675756809301674,9.49067569588526,226
energy_ratio,ptx_launch_runtime,random_forest,gemver::gemverkernel2,1640,26,1.2955372559372336,0.2599424971267581,9.997788351029158,226
energy_ratio,ptx_launch_runtime,random_forest,gemver::gemverkernel3,1640,26,1.3209077341016382,0.2772283258382231,10.662627916854735,226
energy_ratio,ptx_launch_runtime,random_forest,gesummv::gesummvkernel,1640,26,1.314057613024488,0.26633751415647566,10.243750544479834,226
energy_ratio,ptx_launch_runtime,random_forest,gramschmidt::kernel1,1641,25,1.3141260489355773,0.24712406401522458,9.884962560608983,226
energy_ratio,ptx_launch_runtime,random_forest,gramschmidt::kernel2,1641,25,1.421402659965679,0.24591099401004612,9.836439760401845,226
energy_ratio,ptx_launch_runtime,random_forest,gramschmidt::kernel3,1641,25,1.2953914429526776,0.25118165416643023,10.04726616665721,226
energy_ratio,ptx_launch_runtime,random_forest,hotspot3d::hotspotopt1,1640,26,1.3386154531035572,0.26775089907459915,10.298111502869197,226
energy_ratio,ptx_launch_runtime,random_forest,hotspot::calculatetemp,1640,26,1.311285720905289,0.2518864369485527,9.687939882636645,226
energy_ratio,ptx_launch_runtime,random_forest,jacobi1d::kernel1,1641,25,1.3130848840810359,0.25166579498909414,10.066631799563766,226
energy_ratio,ptx_launch_runtime,random_forest,jacobi1d::kernel2,1641,25,1.3191436720080674,0.26286535803228617,10.514614321291447,226
energy_ratio,ptx_launch_runtime,random_forest,jacobi2d::kernel1,1640,26,1.3269912188407034,0.2778582919854671,10.686857384056427,226
energy_ratio,ptx_launch_runtime,random_forest,jacobi2d::kernel2,1640,26,1.3383020630571991,0.26980460505001247,10.37710019423125,226
energy_ratio,ptx_launch_runtime,random_forest,kmeans::kmeanspoint,1641,25,1.3053573910146952,0.2716848619747907,10.867394478991628,226
energy_ratio,ptx_launch_runtime,random_forest,lavamd::kernelgpucuda,1641,25,1.3187758568674326,0.2702649109996855,10.810596439987421,226
energy_ratio,ptx_launch_runtime,random_forest,mvt::kernel1,1640,26,1.2979558079969138,0.2331184761133045,8.966095235127096,226
energy_ratio,ptx_launch_runtime,random_forest,mvt::kernel2,1640,26,1.3385381998959929,0.26900175493210554,10.34622134354252,226
energy_ratio,ptx_launch_runtime,random_forest,myocyte::solver2,1640,26,1.2985647290479392,0.3485952678602189,13.40751030231611,226
energy_ratio,ptx_launch_runtime,random_forest,nn::euclid,1640,26,1.3083731620572507,0.27257839497178793,10.483784421991844,226
energy_ratio,ptx_launch_runtime,random_forest,nw::shared1,1641,25,1.3070021970197558,0.2408621129579842,9.634484518319368,226
energy_ratio,ptx_launch_runtime,random_forest,nw::shared2,1641,25,1.2955761079210788,0.2650032041128725,10.6001281645149,226
energy_ratio,ptx_launch_runtime,random_forest,particlefilter::findindex,1640,26,1.311225658049807,0.23847323190420866,9.172047380931101,226
energy_ratio,ptx_launch_runtime,random_forest,particlefilter::likelihood,1641,25,1.3658306321594864,0.25541839096695185,10.216735638678074,223
energy_ratio,ptx_launch_runtime,random_forest,particlefilter::normalizeweights,1641,25,1.2775858249515295,0.3398363550659269,13.593454202637076,226
energy_ratio,ptx_launch_runtime,random_forest,particlefilter::sum,1641,25,1.2952485070563853,0.25366430496796966,10.146572198718786,226
energy_ratio,ptx_launch_runtime,random_forest,pathfinder::dynproc,1640,26,1.3213527160696685,0.2636733849067241,10.141284034874003,226
energy_ratio,ptx_launch_runtime,random_forest,preeuler3d::computeflux,1640,26,1.294311047066003,0.2534673640038818,9.748744769380071,226
energy_ratio,ptx_launch_runtime,random_forest,preeuler3d::computefluxcontributions,1641,25,1.2981138550676405,0.2674909948837012,10.699639795348048,226
energy_ratio,ptx_launch_runtime,random_forest,preeuler3d::computestepfactor,1640,26,1.303799832938239,0.2617166331037879,10.066024350145689,226
energy_ratio,ptx_launch_runtime,random_forest,preeuler3d::timestep,1640,26,1.3230339931324124,0.26675011101178825,10.259619654299549,226
energy_ratio,ptx_launch_runtime,random_forest,sradv1::compress,1640,26,1.3056514139752835,0.26888712984509766,10.34181268634991,226
energy_ratio,ptx_launch_runtime,random_forest,sradv1::extract,1640,26,1.3297798980493098,0.24953307304531336,9.597425886358206,226
energy_ratio,ptx_launch_runtime,random_forest,sradv1::prepare,1641,25,1.3013485309202224,0.2728788109961897,10.915152439847589,226
energy_ratio,ptx_launch_runtime,random_forest,sradv1::reduce,1640,26,1.3280271219555289,0.25168507103808224,9.68019503992624,226
energy_ratio,ptx_launch_runtime,random_forest,sradv1::srad,1640,26,1.361310550943017,0.24645907199010253,9.479195076542405,226
energy_ratio,ptx_launch_runtime,random_forest,sradv1::srad2,1640,26,1.3065025920514017,0.2590789708774537,9.964575802978988,226
energy_ratio,ptx_launch_runtime,random_forest,streamcluster::computecost,1640,26,1.2912112569902092,0.260503264144063,10.019356313233192,226
energy_ratio,ptx_launch_runtime,random_forest,syr2k::syr2kkernel,1640,26,1.308270427165553,0.27249174611642957,10.480451773708829,226
energy_ratio,ptx_launch_runtime,random_forest,syrk::syrkkernel,1641,25,1.297930725850165,0.26364382402971387,10.545752961188555,226
energy_ratio,ptx_launch_runtime,extra_trees,2dconv::convolution2dkernel,1640,26,0.8693216701503843,0.2735670970287174,10.52181142418144,226
energy_ratio,ptx_launch_runtime,extra_trees,2mm::mm2kernel1,1641,25,0.8085465470794588,0.24865947803482413,9.946379121392965,226
energy_ratio,ptx_launch_runtime,extra_trees,2mm::mm2kernel2,1640,26,0.8336349539458752,0.2533865440636873,9.74563631014182,226
energy_ratio,ptx_launch_runtime,extra_trees,3mm::mm3kernel1,1641,25,0.8118048659525812,0.2742838319391012,10.971353277564049,226
energy_ratio,ptx_launch_runtime,extra_trees,3mm::mm3kernel2,1640,26,0.8239662849809974,0.28349037910811603,10.903476119542924,226
energy_ratio,ptx_launch_runtime,extra_trees,3mm::mm3kernel3,1640,26,0.80039645684883,0.27306734886951745,10.502590341135285,226
energy_ratio,ptx_launch_runtime,extra_trees,atax::ataxkernel1,1640,26,0.8132644859142601,0.2691727711353451,10.352798889820965,226
energy_ratio,ptx_launch_runtime,extra_trees,atax::ataxkernel2,1640,26,0.8029437221121043,0.31759762298315763,12.215293191659908,226
energy_ratio,ptx_launch_runtime,extra_trees,bicg::bicgkernel1,1640,26,0.8091116219293326,0.26581881707534194,10.223800656743922,226
energy_ratio,ptx_launch_runtime,extra_trees,bicg::bicgkernel2,1641,25,0.8117683290038258,0.2691963471006602,10.767853884026408,226
energy_ratio,ptx_launch_runtime,extra_trees,correlation::corrkernel,1641,25,0.799469840945676,0.25665120780467987,10.266048312187195,226
energy_ratio,ptx_launch_runtime,extra_trees,correlation::meankernel,1640,26,0.8167661859188229,0.28344318899326026,10.901661115125396,226
energy_ratio,ptx_launch_runtime,extra_trees,correlation::reducekernel,1640,26,0.8093195110559464,0.31497428799048066,12.114395691941564,226
energy_ratio,ptx_launch_runtime,extra_trees,correlation::stdkernel,1640,26,0.8070769938640296,0.2519064140506089,9.688708232715726,226
energy_ratio,ptx_launch_runtime,extra_trees,covariance::covarkernel,1641,25,0.8010863300878555,0.2840402638539672,11.361610554158688,226
energy_ratio,ptx_launch_runtime,extra_trees,covariance::meankernel,1641,25,0.8202354840468615,0.27556541096419096,11.022616438567638,226
energy_ratio,ptx_launch_runtime,extra_trees,covariance::reducekernel,1640,26,0.8331508419942111,0.27507350710220635,10.579750273161782,226
energy_ratio,ptx_launch_runtime,extra_trees,doitgen::kernel1,1641,25,0.8597841758746654,0.26419462310150266,10.567784924060106,226
energy_ratio,ptx_launch_runtime,extra_trees,doitgen::kernel2,1640,26,0.8198508371133357,0.2703905929811299,10.399638191581918,226
energy_ratio,ptx_launch_runtime,extra_trees,euler3d::computeflux,1640,26,0.810031752102077,0.2727177990600467,10.489146117694101,226
energy_ratio,ptx_launch_runtime,extra_trees,euler3d::computestepfactor,1641,25,0.7993054699618369,0.2646859309170395,10.58743723668158,226
energy_ratio,ptx_launch_runtime,extra_trees,euler3d::timestep,1640,26,0.8242405301425606,0.2617539409548044,10.067459267492477,226
energy_ratio,ptx_launch_runtime,extra_trees,fdtd2d::step1,1640,26,0.8580870521254838,0.2780942649114877,10.69593326582645,226
energy_ratio,ptx_launch_runtime,extra_trees,fdtd2d::step2,1640,26,0.8022533489856869,0.27087680413387716,10.418338620533737,226
energy_ratio,ptx_launch_runtime,extra_trees,fdtd2d::step3,1640,26,0.8028283701278269,0.25186441210098565,9.687092773114832,226
energy_ratio,ptx_launch_runtime,extra_trees,gemm::gemmkernel,1641,25,0.8018190120346844,0.26560139190405607,10.624055676162243,226
energy_ratio,ptx_launch_runtime,extra_trees,gemver::gemverkernel1,1640,26,0.8017695220187306,0.24819886521436274,9.546110200552413,226
energy_ratio,ptx_launch_runtime,extra_trees,gemver::gemverkernel2,1640,26,0.8109651098493487,0.26498903101310134,10.191885808196206,226
energy_ratio,ptx_launch_runtime,extra_trees,gemver::gemverkernel3,1640,26,0.8220975280273706,0.2661785080563277,10.237634925243373,226
energy_ratio,ptx_launch_runtime,extra_trees,gesummv::gesummvkernel,1640,26,0.8285615800414234,0.319722160929814,12.29700618960823,226
energy_ratio,ptx_launch_runtime,extra_trees,gramschmidt::kernel1,1641,25,0.8173019539099187,0.26109258783981204,10.443703513592482,226
energy_ratio,ptx_launch_runtime,extra_trees,gramschmidt::kernel2,1641,25,0.8340611050371081,0.2558089620433748,10.232358481734991,226
energy_ratio,ptx_launch_runtime,extra_trees,gramschmidt::kernel3,1641,25,0.8217828390188515,0.2673658230341971,10.694632921367884,226
energy_ratio,ptx_launch_runtime,extra_trees,hotspot3d::hotspotopt1,1640,26,0.8089892589487135,0.25865371292456985,9.948219727868072,226
energy_ratio,ptx_launch_runtime,extra_trees,hotspot::calculatetemp,1640,26,0.8137417959515005,0.2921991648618132,11.238429417762045,226
energy_ratio,ptx_launch_runtime,extra_trees,jacobi1d::kernel1,1641,25,0.8147916537709534,0.28020343091338873,11.20813723653555,226
energy_ratio,ptx_launch_runtime,extra_trees,jacobi1d::kernel2,1641,25,0.8144254321232438,0.2517541339620948,10.070165358483791,226
energy_ratio,ptx_launch_runtime,extra_trees,jacobi2d::kernel1,1640,26,0.8397448940668255,0.2767355260439217,10.643674078612374,226
energy_ratio,ptx_launch_runtime,extra_trees,jacobi2d::kernel2,1640,26,0.8038224570918828,0.24446552782319486,9.40252030089211,226
energy_ratio,ptx_launch_runtime,extra_trees,kmeans::kmeanspoint,1641,25,0.8836352429352701,0.2849219189956784,11.396876759827137,226
energy_ratio,ptx_launch_runtime,extra_trees,lavamd::kernelgpucuda,1641,25,0.8270272798836231,0.2539076709654182,10.156306838616729,226
energy_ratio,ptx_launch_runtime,extra_trees,mvt::kernel1,1640,26,0.8355618701316416,0.26860312395729125,10.330889382972739,226
energy_ratio,ptx_launch_runtime,extra_trees,mvt::kernel2,1640,26,0.8233833049889654,0.2705394399818033,10.405363076223203,226
energy_ratio,ptx_launch_runtime,extra_trees,myocyte::solver2,1640,26,0.8414364319760352,0.2808790788985789,10.803041496099187,226
energy_ratio,ptx_launch_runtime,extra_trees,nn::euclid,1640,26,0.8059544109273702,0.2721087271347642,10.465720274414007,226
energy_ratio,ptx_launch_runtime,extra_trees,nw::shared1,1641,25,0.8209271801169962,0.27069340203888714,10.827736081555486,226
energy_ratio,ptx_launch_runtime,extra_trees,nw::shared2,1641,25,0.8068623319268227,0.25863260007463396,10.345304002985358,226
energy_ratio,ptx_launch_runtime,extra_trees,particlefilter::findindex,1640,26,0.8092768490314484,0.25246735010296106,9.710282696267733,226
energy_ratio,ptx_launch_runtime,extra_trees,particlefilter::likelihood,1641,25,0.8119289530441165,0.2808699319139123,11.234797276556492,223
energy_ratio,ptx_launch_runtime,extra_trees,particlefilter::normalizeweights,1641,25,0.8218176029622555,0.25677274889312685,10.270909955725074,226
energy_ratio,ptx_launch_runtime,extra_trees,particlefilter::sum,1641,25,0.8223887891508639,0.2581991369370371,10.327965477481484,226
energy_ratio,ptx_launch_runtime,extra_trees,pathfinder::dynproc,1640,26,0.8040942400693893,0.3229880421422422,12.422617005470853,226
energy_ratio,ptx_launch_runtime,extra_trees,preeuler3d::computeflux,1640,26,0.8013422479853034,0.25552077195607126,9.827721998310434,226
energy_ratio,ptx_launch_runtime,extra_trees,preeuler3d::computefluxcontributions,1641,25,0.8262369360309094,0.2782928771339357,11.131715085357428,226
energy_ratio,ptx_launch_runtime,extra_trees,preeuler3d::computestepfactor,1640,26,0.7973162329290062,0.29384633689187467,11.301782188149026,226
energy_ratio,ptx_launch_runtime,extra_trees,preeuler3d::timestep,1640,26,0.8266636789776385,0.2665139341261238,10.250535927927839,226
energy_ratio,ptx_launch_runtime,extra_trees,sradv1::compress,1640,26,0.8616826070938259,0.2635019081644714,10.134688775556592,226
energy_ratio,ptx_launch_runtime,extra_trees,sradv1::extract,1640,26,0.8086014781147242,0.25832551601342857,9.935596769747253,226
energy_ratio,ptx_launch_runtime,extra_trees,sradv1::prepare,1641,25,0.8140066480264068,0.27194835897535086,10.877934359014034,226
energy_ratio,ptx_launch_runtime,extra_trees,sradv1::reduce,1640,26,0.8058629229199141,0.2611741931177676,10.045161273760291,226
energy_ratio,ptx_launch_runtime,extra_trees,sradv1::srad,1640,26,0.8039850760251284,0.2578381709754467,9.916852729824873,226
energy_ratio,ptx_launch_runtime,extra_trees,sradv1::srad2,1640,26,0.8894687457941473,0.26937498711049557,10.360576427326752,226
energy_ratio,ptx_launch_runtime,extra_trees,streamcluster::computecost,1640,26,0.8087414600886405,0.28700897889211774,11.038806880466066,226
energy_ratio,ptx_launch_runtime,extra_trees,syr2k::syr2kkernel,1640,26,0.8123647680040449,0.2611470092087984,10.044115738799938,226
energy_ratio,ptx_launch_runtime,extra_trees,syrk::syrkkernel,1641,25,0.8189875518437475,0.2769906420726329,11.079625682905316,226
energy_ratio,ptx_launch_runtime,xgboost,2dconv::convolution2dkernel,1640,26,2.049506295006722,0.008927920833230019,0.3433815705088469,226
energy_ratio,ptx_launch_runtime,xgboost,2mm::mm2kernel1,1641,25,2.2565276860259473,0.008833583910018206,0.3533433564007282,226
energy_ratio,ptx_launch_runtime,xgboost,2mm::mm2kernel2,1640,26,2.037068319041282,0.0089852639939636,0.34558707669090766,226
energy_ratio,ptx_launch_runtime,xgboost,3mm::mm3kernel1,1641,25,2.00663683982566,0.008921214146539569,0.35684856586158276,226
energy_ratio,ptx_launch_runtime,xgboost,3mm::mm3kernel2,1640,26,2.129412397975102,0.009024720871821046,0.3471046489161941,226
energy_ratio,ptx_launch_runtime,xgboost,3mm::mm3kernel3,1640,26,2.1681621209718287,0.00901231006719172,0.3466273102766046,226
energy_ratio,ptx_launch_runtime,xgboost,atax::ataxkernel1,1640,26,2.003851350862533,0.008967421017587185,0.3449008083687379,226
energy_ratio,ptx_launch_runtime,xgboost,atax::ataxkernel2,1640,26,2.80334403202869,0.009029069915413857,0.3472719198236099,226
energy_ratio,ptx_launch_runtime,xgboost,bicg::bicgkernel1,1640,26,2.0038181089330465,0.009092126041650772,0.34969715544810664,226
energy_ratio,ptx_launch_runtime,xgboost,bicg::bicgkernel2,1641,25,2.4709894738625735,0.008718661032617092,0.3487464413046837,226
energy_ratio,ptx_launch_runtime,xgboost,correlation::corrkernel,1641,25,2.0044157449156046,0.009017538977786899,0.36070155911147594,226
energy_ratio,ptx_launch_runtime,xgboost,correlation::meankernel,1640,26,1.9928131320048124,0.0086504309438169,0.33270888245449615,226
energy_ratio,ptx_launch_runtime,xgboost,correlation::reducekernel,1640,26,1.9623645420651883,0.025403748033568263,0.9770672320603179,226
energy_ratio,ptx_launch_runtime,xgboost,correlation::stdkernel,1640,26,2.713559015886858,0.008832006016746163,0.3396925391056217,226
energy_ratio,ptx_launch_runtime,xgboost,covariance::covarkernel,1641,25,2.048512491863221,0.008615215076133609,0.34460860304534435,226
energy_ratio,ptx_launch_runtime,xgboost,covariance::meankernel,1641,25,1.9708618780132383,0.008757952833548188,0.35031811334192753,226
energy_ratio,ptx_launch_runtime,xgboost,covariance::reducekernel,1640,26,2.003589340019971,0.009339000098407269,0.35919231147720265,226
energy_ratio,ptx_launch_runtime,xgboost,doitgen::kernel1,1641,25,1.9716579290106893,0.008700153091922402,0.3480061236768961,226
energy_ratio,ptx_launch_runtime,xgboost,doitgen::kernel2,1640,26,2.486715378938243,0.00903496309183538,0.34749858045520693,226
energy_ratio,ptx_launch_runtime,xgboost,euler3d::computeflux,1640,26,1.9885848888661712,0.009214489022269845,0.3544034239334556,226
energy_ratio,ptx_launch_runtime,xgboost,euler3d::computestepfactor,1641,25,1.9923939439468086,0.009182123001664877,0.3672849200665951,226
energy_ratio,ptx_launch_runtime,xgboost,euler3d::timestep,1640,26,1.9689077911898494,0.009035009192302823,0.34750035355010855,226
energy_ratio,ptx_launch_runtime,xgboost,fdtd2d::step1,1640,26,2.063938198843971,0.009057673858478665,0.34837207147994864,226
energy_ratio,ptx_launch_runtime,xgboost,fdtd2d::step2,1640,26,1.6272430960088968,0.008865394862368703,0.34097672547571933,226
energy_ratio,ptx_launch_runtime,xgboost,fdtd2d::step3,1640,26,1.6841068710200489,0.0085821021348238,0.33008085133937687,226
energy_ratio,ptx_launch_runtime,xgboost,gemm::gemmkernel,1641,25,2.0393446288071573,0.00868891691789031,0.3475566767156124,226
energy_ratio,ptx_launch_runtime,xgboost,gemver::gemverkernel1,1640,26,1.9765551139134914,0.008702456951141357,0.33470988273620605,226
energy_ratio,ptx_launch_runtime,xgboost,gemver::gemverkernel2,1640,26,1.9996124480385333,0.008806596975773573,0.3387152682989836,226
energy_ratio,ptx_launch_runtime,xgboost,gemver::gemverkernel3,1640,26,4.652677836129442,0.008997310884296894,0.34605041862680364,226
energy_ratio,ptx_launch_runtime,xgboost,gesummv::gesummvkernel,1640,26,2.3941379950847477,0.008585916133597493,0.3302275435999036,226
energy_ratio,ptx_launch_runtime,xgboost,gramschmidt::kernel1,1641,25,2.02591540501453,0.00885954312980175,0.35438172519207,226
energy_ratio,ptx_launch_runtime,xgboost,gramschmidt::kernel2,1641,25,2.088018365902826,0.009321141056716442,0.3728456422686577,226
energy_ratio,ptx_launch_runtime,xgboost,gramschmidt::kernel3,1641,25,1.9919043418485671,0.008937895065173507,0.35751580260694027,226
energy_ratio,ptx_launch_runtime,xgboost,hotspot3d::hotspotopt1,1640,26,2.027599454857409,0.008952875155955553,0.3443413521521367,226
energy_ratio,ptx_launch_runtime,xgboost,hotspot::calculatetemp,1640,26,2.0781647919211537,0.008865874959155917,0.34099519073676604,226
energy_ratio,ptx_launch_runtime,xgboost,jacobi1d::kernel1,1641,25,2.163448347011581,0.014381197979673743,0.5752479191869497,226
energy_ratio,ptx_launch_runtime,xgboost,jacobi1d::kernel2,1641,25,2.0638000171165913,0.008946462068706751,0.35785848274827003,226
energy_ratio,ptx_launch_runtime,xgboost,jacobi2d::kernel1,1640,26,2.0421896590851247,0.008946013869717717,0.34407745652760446,226
energy_ratio,ptx_launch_runtime,xgboost,jacobi2d::kernel2,1640,26,2.03801698400639,0.00886329310014844,0.34089588846724767,226
energy_ratio,ptx_launch_runtime,xgboost,kmeans::kmeanspoint,1641,25,2.266881658928469,0.008946480927988887,0.3578592371195555,226
energy_ratio,ptx_launch_runtime,xgboost,lavamd::kernelgpucuda,1641,25,2.1216899259015918,0.008650837000459433,0.3460334800183773,226
energy_ratio,ptx_launch_runtime,xgboost,mvt::kernel1,1640,26,2.0656100111082196,0.00867454195395112,0.33363622899812,226
energy_ratio,ptx_launch_runtime,xgboost,mvt::kernel2,1640,26,2.0543704591691494,0.00904869195073843,0.3480266134899396,226
energy_ratio,ptx_launch_runtime,xgboost,myocyte::solver2,1640,26,2.2622497531119734,0.008720036130398512,0.33538600501532734,226
energy_ratio,ptx_launch_runtime,xgboost,nn::euclid,1640,26,2.009878191165626,0.008884840877726674,0.3417246491433336,226
energy_ratio,ptx_launch_runtime,xgboost,nw::shared1,1641,25,2.320344357052818,0.008808535989373922,0.3523414395749569,226
energy_ratio,ptx_launch_runtime,xgboost,nw::shared2,1641,25,2.0133229419589043,0.008917766157537699,0.35671064630150795,226
energy_ratio,ptx_launch_runtime,xgboost,particlefilter::findindex,1640,26,2.121336902026087,0.00872534210793674,0.33559008107448995,226
energy_ratio,ptx_launch_runtime,xgboost,particlefilter::likelihood,1641,25,2.0418816171586514,0.008748540887609124,0.34994163550436497,223
energy_ratio,ptx_launch_runtime,xgboost,particlefilter::normalizeweights,1641,25,2.040298009989783,0.008880317909643054,0.35521271638572216,226
energy_ratio,ptx_launch_runtime,xgboost,particlefilter::sum,1641,25,1.6804414989892393,0.02519964100793004,1.0079856403172016,226
energy_ratio,ptx_launch_runtime,xgboost,pathfinder::dynproc,1640,26,1.7447032320778817,0.00982666783966124,0.3779487630638939,226
energy_ratio,ptx_launch_runtime,xgboost,preeuler3d::computeflux,1640,26,1.9616988929919899,0.009099512826651335,0.3499812625635129,226
energy_ratio,ptx_launch_runtime,xgboost,preeuler3d::computefluxcontributions,1641,25,1.9899406000040472,0.008842243114486337,0.35368972457945347,226
energy_ratio,ptx_launch_runtime,xgboost,preeuler3d::computestepfactor,1640,26,2.017144275829196,0.008655016077682376,0.33288523375701445,226
energy_ratio,ptx_launch_runtime,xgboost,preeuler3d::timestep,1640,26,2.22339422092773,0.008987798122689128,0.3456845431803511,226
energy_ratio,ptx_launch_runtime,xgboost,sradv1::compress,1640,26,2.0031006140634418,0.008869779063388705,0.3411453485918733,226
energy_ratio,ptx_launch_runtime,xgboost,sradv1::extract,1640,26,2.0052143330685794,0.00865806802175939,0.33300261622151506,226
energy_ratio,ptx_launch_runtime,xgboost,sradv1::prepare,1641,25,2.0097832698374987,0.008850521873682737,0.3540208749473095,226
energy_ratio,ptx_launch_runtime,xgboost,sradv1::reduce,1640,26,2.2759318239986897,0.008966068970039487,0.3448488065399803,226
energy_ratio,ptx_launch_runtime,xgboost,sradv1::srad,1640,26,3.108199473004788,0.009348106104880571,0.35954254249540657,226
energy_ratio,ptx_launch_runtime,xgboost,sradv1::srad2,1640,26,2.0033423600252718,0.008943025954067707,0.34396253669491184,226
energy_ratio,ptx_launch_runtime,xgboost,streamcluster::computecost,1640,26,2.482926364056766,0.02830172306858003,1.0885278103300011,226
energy_ratio,ptx_launch_runtime,xgboost,syr2k::syr2kkernel,1640,26,2.478970187017694,0.024278464959934354,0.933787113843629,226
energy_ratio,ptx_launch_runtime,xgboost,syrk::syrkkernel,1641,25,1.6409779260866344,0.008754958165809512,0.3501983266323805,226
